"DATA";"DOCUMENTO";"LOCALIZADOR DO GASTO";"FASE";"ESPÉCIE";"Favorecido";"UF DO FAVORECIDO";"UG";"Unidade Orcamentária";"Órgão";"Órgão Superior";"VALOR";"Grupo de Despesa";"Elemento de Despesa";"Modalidade de Despesa";"Plano Orçamentário";"Autor da Emenda";"Função (Área de Atuação)";"Subfunção (Especificação da Área de Atuação)";"Subtítulo (Localizador)";"Programa de Governo";"Ação";
"11/01/2016";"158716264392016NE800001";"0035 - FUNCIONAMENTO DAS INSTITUICOES DA RED - NO ESTADO DE SAO PAU";"Empenho";"ORIGINAL";"10.928.126/0001-84 - REAK SEGURANCA E VIGILANCIA PATRIMONIAL LTDA";"SP";"IFSP - CAMPUS JACAREI";"INST.FED.DE EDUC.,CIENC.E TEC.DE SAO PAULO";"Instituto Federal de Educação, Ciência e Tecnologia de São Paulo";"Ministério da Educação";"39.664,46";"3 - Outras Despesas Correntes";"37 - Locação de Mão-de-Obra";"90 - Aplicações Diretas";"0000 - FUNCIONAMENTO DE INSTITUICOES FEDERAIS DE EDUCACAO PROFISSIONAL E TECNOLOGICA - DESPESAS DIVERSAS";"0000";"12 - Educação";"363 - Ensino profissional";"20RL0035 - FUNCIONAMENTO DAS INSTITUICOES DA RED - NO ESTADO DE SAO PAU";"2080 - EDUCACAO DE QUALIDADE PARA TODOS";"20RL - FUNCIONAMENTO DAS INSTITUICOES DA REDE FEDERAL DE EDUCACAO PROFISSIONAL, CIENTIFICA E TECNOLOGICA";
"12/01/2016";"158716264392016NE800002";"0035 - FUNCIONAMENTO DAS INSTITUICOES DA RED - NO ESTADO DE SAO PAU";"Empenho";"ORIGINAL";"07.147.016/0001-70 - TJ TERCEIRIZACAO DE MAO DE OBRA LTDA";"SP";"IFSP - CAMPUS JACAREI";"INST.FED.DE EDUC.,CIENC.E TEC.DE SAO PAULO";"Instituto Federal de Educação, Ciência e Tecnologia de São Paulo";"Ministério da Educação";"36.629,11";"3 - Outras Despesas Correntes";"37 - Locação de Mão-de-Obra";"90 - Aplicações Diretas";"0000 - FUNCIONAMENTO DE INSTITUICOES FEDERAIS DE EDUCACAO PROFISSIONAL E TECNOLOGICA - DESPESAS DIVERSAS";"0000";"12 - Educação";"363 - Ensino profissional";"20RL0035 - FUNCIONAMENTO DAS INSTITUICOES DA RED - NO ESTADO DE SAO PAU";"2080 - EDUCACAO DE QUALIDADE PARA TODOS";"20RL - FUNCIONAMENTO DAS INSTITUICOES DA REDE FEDERAL DE EDUCACAO PROFISSIONAL, CIENTIFICA E TECNOLOGICA";
"12/01/2016";"158716264392016NE800003";"0035 - FUNCIONAMENTO DAS INSTITUICOES DA RED - NO ESTADO DE SAO PAU";"Empenho";"ORIGINAL";"11.693.175/0001-48 - SOUZA PRADO EMPREENDIMENTOS E PROJETOS LTDA";"SP";"IFSP - CAMPUS JACAREI";"INST.FED.DE EDUC.,CIENC.E TEC.DE SAO PAULO";"Instituto Federal de Educação, Ciência e Tecnologia de São Paulo";"Ministério da Educação";"5.725,00";"3 - Outras Despesas Correntes";"37 - Locação de Mão-de-Obra";"90 - Aplicações Diretas";"0000 - FUNCIONAMENTO DE INSTITUICOES FEDERAIS DE EDUCACAO PROFISSIONAL E TECNOLOGICA - DESPESAS DIVERSAS";"0000";"12 - Educação";"363 - Ensino profissional";"20RL0035 - FUNCIONAMENTO DAS INSTITUICOES DA RED - NO ESTADO DE SAO PAU";"2080 - EDUCACAO DE QUALIDADE PARA TODOS";"20RL - FUNCIONAMENTO DAS INSTITUICOES DA REDE FEDERAL DE EDUCACAO PROFISSIONAL, CIENTIFICA E TECNOLOGICA";
"14/01/2016";"158716264392016NE000001";"0035 - FUNCIONAMENTO DAS INSTITUICOES DA RED - NO ESTADO DE SAO PAU";"Empenho";"ORIGINAL";"158716 - IFSP - CAMPUS JACAREI";"SP";"IFSP - CAMPUS JACAREI";"INST.FED.DE EDUC.,CIENC.E TEC.DE SAO PAULO";"Instituto Federal de Educação, Ciência e Tecnologia de São Paulo";"Ministério da Educação";"5.000,00";"3 - Outras Despesas Correntes";"14 - Diárias - Civil";"90 - Aplicações Diretas";"0000 - FUNCIONAMENTO DE INSTITUICOES FEDERAIS DE EDUCACAO PROFISSIONAL E TECNOLOGICA - DESPESAS DIVERSAS";"0000";"12 - Educação";"363 - Ensino profissional";"20RL0035 - FUNCIONAMENTO DAS INSTITUICOES DA RED - NO ESTADO DE SAO PAU";"2080 - EDUCACAO DE QUALIDADE PARA TODOS";"20RL - FUNCIONAMENTO DAS INSTITUICOES DA REDE FEDERAL DE EDUCACAO PROFISSIONAL, CIENTIFICA E TECNOLOGICA";
"14/01/2016";"158716264392016NE800004";"0035 - FUNCIONAMENTO DAS INSTITUICOES DA RED - NO ESTADO DE SAO PAU";"Empenho";"ORIGINAL";"48.962.625/0001-60 - SAAE SERVICO AUTONOMO DE AGUA E ESGOTO DE JACAREI";"SP";"IFSP - CAMPUS JACAREI";"INST.FED.DE EDUC.,CIENC.E TEC.DE SAO PAULO";"Instituto Federal de Educação, Ciência e Tecnologia de São Paulo";"Ministério da Educação";"3.960,00";"3 - Outras Despesas Correntes";"39 - Outros Serviços de Terceiros - Pessoa Jurídica";"90 - Aplicações Diretas";"0000 - FUNCIONAMENTO DE INSTITUICOES FEDERAIS DE EDUCACAO PROFISSIONAL E TECNOLOGICA - DESPESAS DIVERSAS";"0000";"12 - Educação";"363 - Ensino profissional";"20RL0035 - FUNCIONAMENTO DAS INSTITUICOES DA RED - NO ESTADO DE SAO PAU";"2080 - EDUCACAO DE QUALIDADE PARA TODOS";"20RL - FUNCIONAMENTO DAS INSTITUICOES DA REDE FEDERAL DE EDUCACAO PROFISSIONAL, CIENTIFICA E TECNOLOGICA";
"14/01/2016";"158716264392016NE800005";"0035 - FUNCIONAMENTO DAS INSTITUICOES DA RED - NO ESTADO DE SAO PAU";"Empenho";"ORIGINAL";"02.302.100/0001-06 - EDP SAO PAULO DISTRIBUICAO DE ENERGIA S.A.";"SP";"IFSP - CAMPUS JACAREI";"INST.FED.DE EDUC.,CIENC.E TEC.DE SAO PAULO";"Instituto Federal de Educação, Ciência e Tecnologia de São Paulo";"Ministério da Educação";"8.400,00";"3 - Outras Despesas Correntes";"39 - Outros Serviços de Terceiros - Pessoa Jurídica";"90 - Aplicações Diretas";"0000 - FUNCIONAMENTO DE INSTITUICOES FEDERAIS DE EDUCACAO PROFISSIONAL E TECNOLOGICA - DESPESAS DIVERSAS";"0000";"12 - Educação";"363 - Ensino profissional";"20RL0035 - FUNCIONAMENTO DAS INSTITUICOES DA RED - NO ESTADO DE SAO PAU";"2080 - EDUCACAO DE QUALIDADE PARA TODOS";"20RL - FUNCIONAMENTO DAS INSTITUICOES DA REDE FEDERAL DE EDUCACAO PROFISSIONAL, CIENTIFICA E TECNOLOGICA";
"14/01/2016";"158716264392016NE800006";"0035 - FUNCIONAMENTO DAS INSTITUICOES DA RED - NO ESTADO DE SAO PAU";"Empenho";"ORIGINAL";"40.432.544/0001-47 - CLARO S.A.";"SP";"IFSP - CAMPUS JACAREI";"INST.FED.DE EDUC.,CIENC.E TEC.DE SAO PAULO";"Instituto Federal de Educação, Ciência e Tecnologia de São Paulo";"Ministério da Educação";"1.074,03";"3 - Outras Despesas Correntes";"39 - Outros Serviços de Terceiros - Pessoa Jurídica";"90 - Aplicações Diretas";"0000 - FUNCIONAMENTO DE INSTITUICOES FEDERAIS DE EDUCACAO PROFISSIONAL E TECNOLOGICA - DESPESAS DIVERSAS";"0000";"12 - Educação";"363 - Ensino profissional";"20RL0035 - FUNCIONAMENTO DAS INSTITUICOES DA RED - NO ESTADO DE SAO PAU";"2080 - EDUCACAO DE QUALIDADE PARA TODOS";"20RL - FUNCIONAMENTO DAS INSTITUICOES DA REDE FEDERAL DE EDUCACAO PROFISSIONAL, CIENTIFICA E TECNOLOGICA";
"20/01/2016";"158716264392016NE000002";"0035 - FUNCIONAMENTO DAS INSTITUICOES DA RED - NO ESTADO DE SAO PAU";"Empenho";"ANULAÇÃO";"158716 - IFSP - CAMPUS JACAREI";"SP";"IFSP - CAMPUS JACAREI";"INST.FED.DE EDUC.,CIENC.E TEC.DE SAO PAULO";"Instituto Federal de Educação, Ciência e Tecnologia de São Paulo";"Ministério da Educação";"5.000,00";"3 - Outras Despesas Correntes";"14 - Diárias - Civil";"90 - Aplicações Diretas";"0000 - FUNCIONAMENTO DE INSTITUICOES FEDERAIS DE EDUCACAO PROFISSIONAL E TECNOLOGICA - DESPESAS DIVERSAS";"0000";"12 - Educação";"363 - Ensino profissional";"20RL0035 - FUNCIONAMENTO DAS INSTITUICOES DA RED - NO ESTADO DE SAO PAU";"2080 - EDUCACAO DE QUALIDADE PARA TODOS";"20RL - FUNCIONAMENTO DAS INSTITUICOES DA REDE FEDERAL DE EDUCACAO PROFISSIONAL, CIENTIFICA E TECNOLOGICA";
"22/01/2016";"158716264392016NE000003";"0035 - ASSISTENCIA AOS ESTUDANTES DA REDE FE - NO ESTADO DE SAO PAU";"Empenho";"ORIGINAL";"158716 - IFSP - CAMPUS JACAREI";"SP";"IFSP - CAMPUS JACAREI";"INST.FED.DE EDUC.,CIENC.E TEC.DE SAO PAULO";"Instituto Federal de Educação, Ciência e Tecnologia de São Paulo";"Ministério da Educação";"8.254,27";"3 - Outras Despesas Correntes";"18 - Auxílio Financeiro a Estudantes";"90 - Aplicações Diretas";"0001 - AUXILIO FINANCEIRO DE ASSISTENCIA ESTUDANTIL";"0000";"12 - Educação";"363 - Ensino profissional";"29940035 - ASSISTENCIA AOS ESTUDANTES DA REDE FE - NO ESTADO DE SAO PAU";"2080 - EDUCACAO DE QUALIDADE PARA TODOS";"2994 - ASSISTENCIA AOS ESTUDANTES DA REDE FEDERAL DE EDUCACAO PROFISSIONAL, CIENTIFICA E TECNOLOGICA";
"22/01/2016";"158716264392016NE000004";"0035 - FUNCIONAMENTO DAS INSTITUICOES DA RED - NO ESTADO DE SAO PAU";"Empenho";"ORIGINAL";"158716 - IFSP - CAMPUS JACAREI";"SP";"IFSP - CAMPUS JACAREI";"INST.FED.DE EDUC.,CIENC.E TEC.DE SAO PAULO";"Instituto Federal de Educação, Ciência e Tecnologia de São Paulo";"Ministério da Educação";"5.000,00";"3 - Outras Despesas Correntes";"14 - Diárias - Civil";"90 - Aplicações Diretas";"0000 - FUNCIONAMENTO DE INSTITUICOES FEDERAIS DE EDUCACAO PROFISSIONAL E TECNOLOGICA - DESPESAS DIVERSAS";"0000";"12 - Educação";"363 - Ensino profissional";"20RL0035 - FUNCIONAMENTO DAS INSTITUICOES DA RED - NO ESTADO DE SAO PAU";"2080 - EDUCACAO DE QUALIDADE PARA TODOS";"20RL - FUNCIONAMENTO DAS INSTITUICOES DA REDE FEDERAL DE EDUCACAO PROFISSIONAL, CIENTIFICA E TECNOLOGICA";
"17/02/2016";"158716264392016NE000005";"0035 - ASSISTENCIA AOS ESTUDANTES DA REDE FE - NO ESTADO DE SAO PAU";"Empenho";"REFORÇO";"158716 - IFSP - CAMPUS JACAREI";"SP";"IFSP - CAMPUS JACAREI";"INST.FED.DE EDUC.,CIENC.E TEC.DE SAO PAULO";"Instituto Federal de Educação, Ciência e Tecnologia de São Paulo";"Ministério da Educação";"8.254,27";"3 - Outras Despesas Correntes";"18 - Auxílio Financeiro a Estudantes";"90 - Aplicações Diretas";"0001 - AUXILIO FINANCEIRO DE ASSISTENCIA ESTUDANTIL";"0000";"12 - Educação";"363 - Ensino profissional";"29940035 - ASSISTENCIA AOS ESTUDANTES DA REDE FE - NO ESTADO DE SAO PAU";"2080 - EDUCACAO DE QUALIDADE PARA TODOS";"2994 - ASSISTENCIA AOS ESTUDANTES DA REDE FEDERAL DE EDUCACAO PROFISSIONAL, CIENTIFICA E TECNOLOGICA";
"17/02/2016";"158716264392016NE800007";"0035 - FUNCIONAMENTO DAS INSTITUICOES DA RED - NO ESTADO DE SAO PAU";"Empenho";"REFORÇO";"11.693.175/0001-48 - SOUZA PRADO EMPREENDIMENTOS E PROJETOS LTDA";"SP";"IFSP - CAMPUS JACAREI";"INST.FED.DE EDUC.,CIENC.E TEC.DE SAO PAULO";"Instituto Federal de Educação, Ciência e Tecnologia de São Paulo";"Ministério da Educação";"5.725,00";"3 - Outras Despesas Correntes";"37 - Locação de Mão-de-Obra";"90 - Aplicações Diretas";"0000 - FUNCIONAMENTO DE INSTITUICOES FEDERAIS DE EDUCACAO PROFISSIONAL E TECNOLOGICA - DESPESAS DIVERSAS";"0000";"12 - Educação";"363 - Ensino profissional";"20RL0035 - FUNCIONAMENTO DAS INSTITUICOES DA RED - NO ESTADO DE SAO PAU";"2080 - EDUCACAO DE QUALIDADE PARA TODOS";"20RL - FUNCIONAMENTO DAS INSTITUICOES DA REDE FEDERAL DE EDUCACAO PROFISSIONAL, CIENTIFICA E TECNOLOGICA";
"17/02/2016";"158716264392016NE800008";"0035 - FUNCIONAMENTO DAS INSTITUICOES DA RED - NO ESTADO DE SAO PAU";"Empenho";"REFORÇO";"10.928.126/0001-84 - REAK SEGURANCA E VIGILANCIA PATRIMONIAL LTDA";"SP";"IFSP - CAMPUS JACAREI";"INST.FED.DE EDUC.,CIENC.E TEC.DE SAO PAULO";"Instituto Federal de Educação, Ciência e Tecnologia de São Paulo";"Ministério da Educação";"39.664,46";"3 - Outras Despesas Correntes";"37 - Locação de Mão-de-Obra";"90 - Aplicações Diretas";"0000 - FUNCIONAMENTO DE INSTITUICOES FEDERAIS DE EDUCACAO PROFISSIONAL E TECNOLOGICA - DESPESAS DIVERSAS";"0000";"12 - Educação";"363 - Ensino profissional";"20RL0035 - FUNCIONAMENTO DAS INSTITUICOES DA RED - NO ESTADO DE SAO PAU";"2080 - EDUCACAO DE QUALIDADE PARA TODOS";"20RL - FUNCIONAMENTO DAS INSTITUICOES DA REDE FEDERAL DE EDUCACAO PROFISSIONAL, CIENTIFICA E TECNOLOGICA";
"17/02/2016";"158716264392016NE800009";"0035 - FUNCIONAMENTO DAS INSTITUICOES DA RED - NO ESTADO DE SAO PAU";"Empenho";"REFORÇO";"07.147.016/0001-70 - TJ TERCEIRIZACAO DE MAO DE OBRA LTDA";"SP";"IFSP - CAMPUS JACAREI";"INST.FED.DE EDUC.,CIENC.E TEC.DE SAO PAULO";"Instituto Federal de Educação, Ciência e Tecnologia de São Paulo";"Ministério da Educação";"36.629,11";"3 - Outras Despesas Correntes";"37 - Locação de Mão-de-Obra";"90 - Aplicações Diretas";"0000 - FUNCIONAMENTO DE INSTITUICOES FEDERAIS DE EDUCACAO PROFISSIONAL E TECNOLOGICA - DESPESAS DIVERSAS";"0000";"12 - Educação";"363 - Ensino profissional";"20RL0035 - FUNCIONAMENTO DAS INSTITUICOES DA RED - NO ESTADO DE SAO PAU";"2080 - EDUCACAO DE QUALIDADE PARA TODOS";"20RL - FUNCIONAMENTO DAS INSTITUICOES DA REDE FEDERAL DE EDUCACAO PROFISSIONAL, CIENTIFICA E TECNOLOGICA";
"17/02/2016";"158716264392016NE800010";"0035 - FUNCIONAMENTO DAS INSTITUICOES DA RED - NO ESTADO DE SAO PAU";"Empenho";"REFORÇO";"48.962.625/0001-60 - SAAE SERVICO AUTONOMO DE AGUA E ESGOTO DE JACAREI";"SP";"IFSP - CAMPUS JACAREI";"INST.FED.DE EDUC.,CIENC.E TEC.DE SAO PAULO";"Instituto Federal de Educação, Ciência e Tecnologia de São Paulo";"Ministério da Educação";"3.960,00";"3 - Outras Despesas Correntes";"39 - Outros Serviços de Terceiros - Pessoa Jurídica";"90 - Aplicações Diretas";"0000 - FUNCIONAMENTO DE INSTITUICOES FEDERAIS DE EDUCACAO PROFISSIONAL E TECNOLOGICA - DESPESAS DIVERSAS";"0000";"12 - Educação";"363 - Ensino profissional";"20RL0035 - FUNCIONAMENTO DAS INSTITUICOES DA RED - NO ESTADO DE SAO PAU";"2080 - EDUCACAO DE QUALIDADE PARA TODOS";"20RL - FUNCIONAMENTO DAS INSTITUICOES DA REDE FEDERAL DE EDUCACAO PROFISSIONAL, CIENTIFICA E TECNOLOGICA";
"17/02/2016";"158716264392016NE800011";"0035 - FUNCIONAMENTO DAS INSTITUICOES DA RED - NO ESTADO DE SAO PAU";"Empenho";"REFORÇO";"02.302.100/0001-06 - EDP SAO PAULO DISTRIBUICAO DE ENERGIA S.A.";"SP";"IFSP - CAMPUS JACAREI";"INST.FED.DE EDUC.,CIENC.E TEC.DE SAO PAULO";"Instituto Federal de Educação, Ciência e Tecnologia de São Paulo";"Ministério da Educação";"8.400,00";"3 - Outras Despesas Correntes";"39 - Outros Serviços de Terceiros - Pessoa Jurídica";"90 - Aplicações Diretas";"0000 - FUNCIONAMENTO DE INSTITUICOES FEDERAIS DE EDUCACAO PROFISSIONAL E TECNOLOGICA - DESPESAS DIVERSAS";"0000";"12 - Educação";"363 - Ensino profissional";"20RL0035 - FUNCIONAMENTO DAS INSTITUICOES DA RED - NO ESTADO DE SAO PAU";"2080 - EDUCACAO DE QUALIDADE PARA TODOS";"20RL - FUNCIONAMENTO DAS INSTITUICOES DA REDE FEDERAL DE EDUCACAO PROFISSIONAL, CIENTIFICA E TECNOLOGICA";
"17/02/2016";"158716264392016NE800012";"0035 - FUNCIONAMENTO DAS INSTITUICOES DA RED - NO ESTADO DE SAO PAU";"Empenho";"REFORÇO";"40.432.544/0001-47 - CLARO S.A.";"SP";"IFSP - CAMPUS JACAREI";"INST.FED.DE EDUC.,CIENC.E TEC.DE SAO PAULO";"Instituto Federal de Educação, Ciência e Tecnologia de São Paulo";"Ministério da Educação";"1.074,03";"3 - Outras Despesas Correntes";"39 - Outros Serviços de Terceiros - Pessoa Jurídica";"90 - Aplicações Diretas";"0000 - FUNCIONAMENTO DE INSTITUICOES FEDERAIS DE EDUCACAO PROFISSIONAL E TECNOLOGICA - DESPESAS DIVERSAS";"0000";"12 - Educação";"363 - Ensino profissional";"20RL0035 - FUNCIONAMENTO DAS INSTITUICOES DA RED - NO ESTADO DE SAO PAU";"2080 - EDUCACAO DE QUALIDADE PARA TODOS";"20RL - FUNCIONAMENTO DAS INSTITUICOES DA REDE FEDERAL DE EDUCACAO PROFISSIONAL, CIENTIFICA E TECNOLOGICA";
"23/02/2016";"158716264392016NE000006";"0035 - FUNCIONAMENTO DAS INSTITUICOES DA RED - NO ESTADO DE SAO PAU";"Empenho";"ORIGINAL";"158716 - IFSP - CAMPUS JACAREI";"SP";"IFSP - CAMPUS JACAREI";"INST.FED.DE EDUC.,CIENC.E TEC.DE SAO PAULO";"Instituto Federal de Educação, Ciência e Tecnologia de São Paulo";"Ministério da Educação";"3.000,00";"3 - Outras Despesas Correntes";"36 - Outros Serviços de Terceiros - Pessoa Física";"90 - Aplicações Diretas";"0000 - FUNCIONAMENTO DE INSTITUICOES FEDERAIS DE EDUCACAO PROFISSIONAL E TECNOLOGICA - DESPESAS DIVERSAS";"0000";"12 - Educação";"363 - Ensino profissional";"20RL0035 - FUNCIONAMENTO DAS INSTITUICOES DA RED - NO ESTADO DE SAO PAU";"2080 - EDUCACAO DE QUALIDADE PARA TODOS";"20RL - FUNCIONAMENTO DAS INSTITUICOES DA REDE FEDERAL DE EDUCACAO PROFISSIONAL, CIENTIFICA E TECNOLOGICA";
"23/02/2016";"158716264392016NE000007";"0035 - FUNCIONAMENTO DAS INSTITUICOES DA RED - NO ESTADO DE SAO PAU";"Empenho";"ORIGINAL";"158716 - IFSP - CAMPUS JACAREI";"SP";"IFSP - CAMPUS JACAREI";"INST.FED.DE EDUC.,CIENC.E TEC.DE SAO PAULO";"Instituto Federal de Educação, Ciência e Tecnologia de São Paulo";"Ministério da Educação";"3.000,00";"3 - Outras Despesas Correntes";"36 - Outros Serviços de Terceiros - Pessoa Física";"90 - Aplicações Diretas";"0000 - FUNCIONAMENTO DE INSTITUICOES FEDERAIS DE EDUCACAO PROFISSIONAL E TECNOLOGICA - DESPESAS DIVERSAS";"0000";"12 - Educação";"363 - Ensino profissional";"20RL0035 - FUNCIONAMENTO DAS INSTITUICOES DA RED - NO ESTADO DE SAO PAU";"2080 - EDUCACAO DE QUALIDADE PARA TODOS";"20RL - FUNCIONAMENTO DAS INSTITUICOES DA REDE FEDERAL DE EDUCACAO PROFISSIONAL, CIENTIFICA E TECNOLOGICA";
"23/02/2016";"158716264392016NE000008";"0035 - FUNCIONAMENTO DAS INSTITUICOES DA RED - NO ESTADO DE SAO PAU";"Empenho";"ORIGINAL";"158716 - IFSP - CAMPUS JACAREI";"SP";"IFSP - CAMPUS JACAREI";"INST.FED.DE EDUC.,CIENC.E TEC.DE SAO PAULO";"Instituto Federal de Educação, Ciência e Tecnologia de São Paulo";"Ministério da Educação";"3.000,00";"3 - Outras Despesas Correntes";"36 - Outros Serviços de Terceiros - Pessoa Física";"90 - Aplicações Diretas";"0000 - FUNCIONAMENTO DE INSTITUICOES FEDERAIS DE EDUCACAO PROFISSIONAL E TECNOLOGICA - DESPESAS DIVERSAS";"0000";"12 - Educação";"363 - Ensino profissional";"20RL0035 - FUNCIONAMENTO DAS INSTITUICOES DA RED - NO ESTADO DE SAO PAU";"2080 - EDUCACAO DE QUALIDADE PARA TODOS";"20RL - FUNCIONAMENTO DAS INSTITUICOES DA REDE FEDERAL DE EDUCACAO PROFISSIONAL, CIENTIFICA E TECNOLOGICA";
"01/03/2016";"158716264392016NE000009";"0035 - ASSISTENCIA AOS ESTUDANTES DA REDE FE - NO ESTADO DE SAO PAU";"Empenho";"REFORÇO";"158716 - IFSP - CAMPUS JACAREI";"SP";"IFSP - CAMPUS JACAREI";"INST.FED.DE EDUC.,CIENC.E TEC.DE SAO PAULO";"Instituto Federal de Educação, Ciência e Tecnologia de São Paulo";"Ministério da Educação";"52.827,34";"3 - Outras Despesas Correntes";"18 - Auxílio Financeiro a Estudantes";"90 - Aplicações Diretas";"0001 - AUXILIO FINANCEIRO DE ASSISTENCIA ESTUDANTIL";"0000";"12 - Educação";"363 - Ensino profissional";"29940035 - ASSISTENCIA AOS ESTUDANTES DA REDE FE - NO ESTADO DE SAO PAU";"2080 - EDUCACAO DE QUALIDADE PARA TODOS";"2994 - ASSISTENCIA AOS ESTUDANTES DA REDE FEDERAL DE EDUCACAO PROFISSIONAL, CIENTIFICA E TECNOLOGICA";
"01/03/2016";"158716264392016NE800013";"0035 - FUNCIONAMENTO DAS INSTITUICOES DA RED - NO ESTADO DE SAO PAU";"Empenho";"REFORÇO";"10.928.126/0001-84 - REAK SEGURANCA E VIGILANCIA PATRIMONIAL LTDA";"SP";"IFSP - CAMPUS JACAREI";"INST.FED.DE EDUC.,CIENC.E TEC.DE SAO PAULO";"Instituto Federal de Educação, Ciência e Tecnologia de São Paulo";"Ministério da Educação";"15.865,78";"3 - Outras Despesas Correntes";"37 - Locação de Mão-de-Obra";"90 - Aplicações Diretas";"0000 - FUNCIONAMENTO DE INSTITUICOES FEDERAIS DE EDUCACAO PROFISSIONAL E TECNOLOGICA - DESPESAS DIVERSAS";"0000";"12 - Educação";"363 - Ensino profissional";"20RL0035 - FUNCIONAMENTO DAS INSTITUICOES DA RED - NO ESTADO DE SAO PAU";"2080 - EDUCACAO DE QUALIDADE PARA TODOS";"20RL - FUNCIONAMENTO DAS INSTITUICOES DA REDE FEDERAL DE EDUCACAO PROFISSIONAL, CIENTIFICA E TECNOLOGICA";
"02/03/2016";"158716264392016NE800014";"0035 - FUNCIONAMENTO DAS INSTITUICOES DA RED - NO ESTADO DE SAO PAU";"Empenho";"REFORÇO";"10.928.126/0001-84 - REAK SEGURANCA E VIGILANCIA PATRIMONIAL LTDA";"SP";"IFSP - CAMPUS JACAREI";"INST.FED.DE EDUC.,CIENC.E TEC.DE SAO PAULO";"Instituto Federal de Educação, Ciência e Tecnologia de São Paulo";"Ministério da Educação";"112.489,78";"3 - Outras Despesas Correntes";"37 - Locação de Mão-de-Obra";"90 - Aplicações Diretas";"0000 - FUNCIONAMENTO DE INSTITUICOES FEDERAIS DE EDUCACAO PROFISSIONAL E TECNOLOGICA - DESPESAS DIVERSAS";"0000";"12 - Educação";"363 - Ensino profissional";"20RL0035 - FUNCIONAMENTO DAS INSTITUICOES DA RED - NO ESTADO DE SAO PAU";"2080 - EDUCACAO DE QUALIDADE PARA TODOS";"20RL - FUNCIONAMENTO DAS INSTITUICOES DA REDE FEDERAL DE EDUCACAO PROFISSIONAL, CIENTIFICA E TECNOLOGICA";
"02/03/2016";"158716264392016NE800015";"0035 - FUNCIONAMENTO DAS INSTITUICOES DA RED - NO ESTADO DE SAO PAU";"Empenho";"REFORÇO";"11.693.175/0001-48 - SOUZA PRADO EMPREENDIMENTOS E PROJETOS LTDA";"SP";"IFSP - CAMPUS JACAREI";"INST.FED.DE EDUC.,CIENC.E TEC.DE SAO PAULO";"Instituto Federal de Educação, Ciência e Tecnologia de São Paulo";"Ministério da Educação";"14.694,17";"3 - Outras Despesas Correntes";"37 - Locação de Mão-de-Obra";"90 - Aplicações Diretas";"0000 - FUNCIONAMENTO DE INSTITUICOES FEDERAIS DE EDUCACAO PROFISSIONAL E TECNOLOGICA - DESPESAS DIVERSAS";"0000";"12 - Educação";"363 - Ensino profissional";"20RL0035 - FUNCIONAMENTO DAS INSTITUICOES DA RED - NO ESTADO DE SAO PAU";"2080 - EDUCACAO DE QUALIDADE PARA TODOS";"20RL - FUNCIONAMENTO DAS INSTITUICOES DA REDE FEDERAL DE EDUCACAO PROFISSIONAL, CIENTIFICA E TECNOLOGICA";
"02/03/2016";"158716264392016NE800016";"0035 - FUNCIONAMENTO DAS INSTITUICOES DA RED - NO ESTADO DE SAO PAU";"Empenho";"REFORÇO";"07.147.016/0001-70 - TJ TERCEIRIZACAO DE MAO DE OBRA LTDA";"SP";"IFSP - CAMPUS JACAREI";"INST.FED.DE EDUC.,CIENC.E TEC.DE SAO PAULO";"Instituto Federal de Educação, Ciência e Tecnologia de São Paulo";"Ministério da Educação";"75.320,50";"3 - Outras Despesas Correntes";"37 - Locação de Mão-de-Obra";"90 - Aplicações Diretas";"0000 - FUNCIONAMENTO DE INSTITUICOES FEDERAIS DE EDUCACAO PROFISSIONAL E TECNOLOGICA - DESPESAS DIVERSAS";"0000";"12 - Educação";"363 - Ensino profissional";"20RL0035 - FUNCIONAMENTO DAS INSTITUICOES DA RED - NO ESTADO DE SAO PAU";"2080 - EDUCACAO DE QUALIDADE PARA TODOS";"20RL - FUNCIONAMENTO DAS INSTITUICOES DA REDE FEDERAL DE EDUCACAO PROFISSIONAL, CIENTIFICA E TECNOLOGICA";
"03/03/2016";"158716264392016NE000010";"0035 - FUNCIONAMENTO DAS INSTITUICOES DA RED - NO ESTADO DE SAO PAU";"Empenho";"REFORÇO";"158716 - IFSP - CAMPUS JACAREI";"SP";"IFSP - CAMPUS JACAREI";"INST.FED.DE EDUC.,CIENC.E TEC.DE SAO PAULO";"Instituto Federal de Educação, Ciência e Tecnologia de São Paulo";"Ministério da Educação";"3.000,00";"3 - Outras Despesas Correntes";"36 - Outros Serviços de Terceiros - Pessoa Física";"90 - Aplicações Diretas";"0000 - FUNCIONAMENTO DE INSTITUICOES FEDERAIS DE EDUCACAO PROFISSIONAL E TECNOLOGICA - DESPESAS DIVERSAS";"0000";"12 - Educação";"363 - Ensino profissional";"20RL0035 - FUNCIONAMENTO DAS INSTITUICOES DA RED - NO ESTADO DE SAO PAU";"2080 - EDUCACAO DE QUALIDADE PARA TODOS";"20RL - FUNCIONAMENTO DAS INSTITUICOES DA REDE FEDERAL DE EDUCACAO PROFISSIONAL, CIENTIFICA E TECNOLOGICA";
"03/03/2016";"158716264392016NE000011";"0035 - FUNCIONAMENTO DAS INSTITUICOES DA RED - NO ESTADO DE SAO PAU";"Empenho";"REFORÇO";"158716 - IFSP - CAMPUS JACAREI";"SP";"IFSP - CAMPUS JACAREI";"INST.FED.DE EDUC.,CIENC.E TEC.DE SAO PAULO";"Instituto Federal de Educação, Ciência e Tecnologia de São Paulo";"Ministério da Educação";"3.000,00";"3 - Outras Despesas Correntes";"36 - Outros Serviços de Terceiros - Pessoa Física";"90 - Aplicações Diretas";"0000 - FUNCIONAMENTO DE INSTITUICOES FEDERAIS DE EDUCACAO PROFISSIONAL E TECNOLOGICA - DESPESAS DIVERSAS";"0000";"12 - Educação";"363 - Ensino profissional";"20RL0035 - FUNCIONAMENTO DAS INSTITUICOES DA RED - NO ESTADO DE SAO PAU";"2080 - EDUCACAO DE QUALIDADE PARA TODOS";"20RL - FUNCIONAMENTO DAS INSTITUICOES DA REDE FEDERAL DE EDUCACAO PROFISSIONAL, CIENTIFICA E TECNOLOGICA";
"03/03/2016";"158716264392016NE000012";"0035 - FUNCIONAMENTO DAS INSTITUICOES DA RED - NO ESTADO DE SAO PAU";"Empenho";"REFORÇO";"158716 - IFSP - CAMPUS JACAREI";"SP";"IFSP - CAMPUS JACAREI";"INST.FED.DE EDUC.,CIENC.E TEC.DE SAO PAULO";"Instituto Federal de Educação, Ciência e Tecnologia de São Paulo";"Ministério da Educação";"3.000,00";"3 - Outras Despesas Correntes";"36 - Outros Serviços de Terceiros - Pessoa Física";"90 - Aplicações Diretas";"0000 - FUNCIONAMENTO DE INSTITUICOES FEDERAIS DE EDUCACAO PROFISSIONAL E TECNOLOGICA - DESPESAS DIVERSAS";"0000";"12 - Educação";"363 - Ensino profissional";"20RL0035 - FUNCIONAMENTO DAS INSTITUICOES DA RED - NO ESTADO DE SAO PAU";"2080 - EDUCACAO DE QUALIDADE PARA TODOS";"20RL - FUNCIONAMENTO DAS INSTITUICOES DA REDE FEDERAL DE EDUCACAO PROFISSIONAL, CIENTIFICA E TECNOLOGICA";
"03/03/2016";"158716264392016NE800017";"0035 - FUNCIONAMENTO DAS INSTITUICOES DA RED - NO ESTADO DE SAO PAU";"Empenho";"REFORÇO";"02.302.100/0001-06 - EDP SAO PAULO DISTRIBUICAO DE ENERGIA S.A.";"SP";"IFSP - CAMPUS JACAREI";"INST.FED.DE EDUC.,CIENC.E TEC.DE SAO PAULO";"Instituto Federal de Educação, Ciência e Tecnologia de São Paulo";"Ministério da Educação";"25.200,00";"3 - Outras Despesas Correntes";"39 - Outros Serviços de Terceiros - Pessoa Jurídica";"90 - Aplicações Diretas";"0000 - FUNCIONAMENTO DE INSTITUICOES FEDERAIS DE EDUCACAO PROFISSIONAL E TECNOLOGICA - DESPESAS DIVERSAS";"0000";"12 - Educação";"363 - Ensino profissional";"20RL0035 - FUNCIONAMENTO DAS INSTITUICOES DA RED - NO ESTADO DE SAO PAU";"2080 - EDUCACAO DE QUALIDADE PARA TODOS";"20RL - FUNCIONAMENTO DAS INSTITUICOES DA REDE FEDERAL DE EDUCACAO PROFISSIONAL, CIENTIFICA E TECNOLOGICA";
"03/03/2016";"158716264392016NE800018";"0035 - FUNCIONAMENTO DAS INSTITUICOES DA RED - NO ESTADO DE SAO PAU";"Empenho";"REFORÇO";"48.962.625/0001-60 - SAAE SERVICO AUTONOMO DE AGUA E ESGOTO DE JACAREI";"SP";"IFSP - CAMPUS JACAREI";"INST.FED.DE EDUC.,CIENC.E TEC.DE SAO PAULO";"Instituto Federal de Educação, Ciência e Tecnologia de São Paulo";"Ministério da Educação";"11.880,00";"3 - Outras Despesas Correntes";"39 - Outros Serviços de Terceiros - Pessoa Jurídica";"90 - Aplicações Diretas";"0000 - FUNCIONAMENTO DE INSTITUICOES FEDERAIS DE EDUCACAO PROFISSIONAL E TECNOLOGICA - DESPESAS DIVERSAS";"0000";"12 - Educação";"363 - Ensino profissional";"20RL0035 - FUNCIONAMENTO DAS INSTITUICOES DA RED - NO ESTADO DE SAO PAU";"2080 - EDUCACAO DE QUALIDADE PARA TODOS";"20RL - FUNCIONAMENTO DAS INSTITUICOES DA REDE FEDERAL DE EDUCACAO PROFISSIONAL, CIENTIFICA E TECNOLOGICA";
"03/03/2016";"158716264392016NE800019";"0035 - FUNCIONAMENTO DAS INSTITUICOES DA RED - NO ESTADO DE SAO PAU";"Empenho";"REFORÇO";"40.432.544/0001-47 - CLARO S.A.";"SP";"IFSP - CAMPUS JACAREI";"INST.FED.DE EDUC.,CIENC.E TEC.DE SAO PAULO";"Instituto Federal de Educação, Ciência e Tecnologia de São Paulo";"Ministério da Educação";"3.222,09";"3 - Outras Despesas Correntes";"39 - Outros Serviços de Terceiros - Pessoa Jurídica";"90 - Aplicações Diretas";"0000 - FUNCIONAMENTO DE INSTITUICOES FEDERAIS DE EDUCACAO PROFISSIONAL E TECNOLOGICA - DESPESAS DIVERSAS";"0000";"12 - Educação";"363 - Ensino profissional";"20RL0035 - FUNCIONAMENTO DAS INSTITUICOES DA RED - NO ESTADO DE SAO PAU";"2080 - EDUCACAO DE QUALIDADE PARA TODOS";"20RL - FUNCIONAMENTO DAS INSTITUICOES DA REDE FEDERAL DE EDUCACAO PROFISSIONAL, CIENTIFICA E TECNOLOGICA";
"04/03/2016";"158716264392016NE000013";"0035 - FUNCIONAMENTO DAS INSTITUICOES DA RED - NO ESTADO DE SAO PAU";"Empenho";"ORIGINAL";"158716 - IFSP - CAMPUS JACAREI";"SP";"IFSP - CAMPUS JACAREI";"INST.FED.DE EDUC.,CIENC.E TEC.DE SAO PAULO";"Instituto Federal de Educação, Ciência e Tecnologia de São Paulo";"Ministério da Educação";"1.000,00";"3 - Outras Despesas Correntes";"93 - Indenizações e Restituições";"90 - Aplicações Diretas";"0000 - FUNCIONAMENTO DE INSTITUICOES FEDERAIS DE EDUCACAO PROFISSIONAL E TECNOLOGICA - DESPESAS DIVERSAS";"0000";"12 - Educação";"363 - Ensino profissional";"20RL0035 - FUNCIONAMENTO DAS INSTITUICOES DA RED - NO ESTADO DE SAO PAU";"2080 - EDUCACAO DE QUALIDADE PARA TODOS";"20RL - FUNCIONAMENTO DAS INSTITUICOES DA REDE FEDERAL DE EDUCACAO PROFISSIONAL, CIENTIFICA E TECNOLOGICA";
"09/03/2016";"158716264392016NE000014";"0035 - FUNCIONAMENTO DAS INSTITUICOES DA RED - NO ESTADO DE SAO PAU";"Empenho";"REFORÇO";"158716 - IFSP - CAMPUS JACAREI";"SP";"IFSP - CAMPUS JACAREI";"INST.FED.DE EDUC.,CIENC.E TEC.DE SAO PAULO";"Instituto Federal de Educação, Ciência e Tecnologia de São Paulo";"Ministério da Educação";"7.200,00";"3 - Outras Despesas Correntes";"36 - Outros Serviços de Terceiros - Pessoa Física";"90 - Aplicações Diretas";"0000 - FUNCIONAMENTO DE INSTITUICOES FEDERAIS DE EDUCACAO PROFISSIONAL E TECNOLOGICA - DESPESAS DIVERSAS";"0000";"12 - Educação";"363 - Ensino profissional";"20RL0035 - FUNCIONAMENTO DAS INSTITUICOES DA RED - NO ESTADO DE SAO PAU";"2080 - EDUCACAO DE QUALIDADE PARA TODOS";"20RL - FUNCIONAMENTO DAS INSTITUICOES DA REDE FEDERAL DE EDUCACAO PROFISSIONAL, CIENTIFICA E TECNOLOGICA";
"24/03/2016";"158716264392016NE800020";"0035 - FUNCIONAMENTO DAS INSTITUICOES DA RED - NO ESTADO DE SAO PAU";"Empenho";"ORIGINAL";"44.597.052/0079-22 - ABRIL COMUNICACOES S/A";"SP";"IFSP - CAMPUS JACAREI";"INST.FED.DE EDUC.,CIENC.E TEC.DE SAO PAULO";"Instituto Federal de Educação, Ciência e Tecnologia de São Paulo";"Ministério da Educação";"1.035,72";"3 - Outras Despesas Correntes";"39 - Outros Serviços de Terceiros - Pessoa Jurídica";"90 - Aplicações Diretas";"0000 - FUNCIONAMENTO DE INSTITUICOES FEDERAIS DE EDUCACAO PROFISSIONAL E TECNOLOGICA - DESPESAS DIVERSAS";"0000";"12 - Educação";"363 - Ensino profissional";"20RL0035 - FUNCIONAMENTO DAS INSTITUICOES DA RED - NO ESTADO DE SAO PAU";"2080 - EDUCACAO DE QUALIDADE PARA TODOS";"20RL - FUNCIONAMENTO DAS INSTITUICOES DA REDE FEDERAL DE EDUCACAO PROFISSIONAL, CIENTIFICA E TECNOLOGICA";
"24/03/2016";"158716264392016NE800021";"0035 - FUNCIONAMENTO DAS INSTITUICOES DA RED - NO ESTADO DE SAO PAU";"Empenho";"ORIGINAL";"56.324.114/0001-41 - PERFIL EDUCACIONAL LTDA";"SP";"IFSP - CAMPUS JACAREI";"INST.FED.DE EDUC.,CIENC.E TEC.DE SAO PAULO";"Instituto Federal de Educação, Ciência e Tecnologia de São Paulo";"Ministério da Educação";"151,20";"3 - Outras Despesas Correntes";"39 - Outros Serviços de Terceiros - Pessoa Jurídica";"90 - Aplicações Diretas";"0000 - FUNCIONAMENTO DE INSTITUICOES FEDERAIS DE EDUCACAO PROFISSIONAL E TECNOLOGICA - DESPESAS DIVERSAS";"0000";"12 - Educação";"363 - Ensino profissional";"20RL0035 - FUNCIONAMENTO DAS INSTITUICOES DA RED - NO ESTADO DE SAO PAU";"2080 - EDUCACAO DE QUALIDADE PARA TODOS";"20RL - FUNCIONAMENTO DAS INSTITUICOES DA REDE FEDERAL DE EDUCACAO PROFISSIONAL, CIENTIFICA E TECNOLOGICA";
"29/03/2016";"158716264392016NE800022";"0035 - FUNCIONAMENTO DAS INSTITUICOES DA RED - NO ESTADO DE SAO PAU";"Empenho";"ORIGINAL";"19.351.920/0001-82 - C V MALFATTI COMPONENTES ELETRONICOS";"SP";"IFSP - CAMPUS JACAREI";"INST.FED.DE EDUC.,CIENC.E TEC.DE SAO PAULO";"Instituto Federal de Educação, Ciência e Tecnologia de São Paulo";"Ministério da Educação";"811,65";"3 - Outras Despesas Correntes";"30 - Material de Consumo";"90 - Aplicações Diretas";"0000 - FUNCIONAMENTO DE INSTITUICOES FEDERAIS DE EDUCACAO PROFISSIONAL E TECNOLOGICA - DESPESAS DIVERSAS";"0000";"12 - Educação";"363 - Ensino profissional";"20RL0035 - FUNCIONAMENTO DAS INSTITUICOES DA RED - NO ESTADO DE SAO PAU";"2080 - EDUCACAO DE QUALIDADE PARA TODOS";"20RL - FUNCIONAMENTO DAS INSTITUICOES DA REDE FEDERAL DE EDUCACAO PROFISSIONAL, CIENTIFICA E TECNOLOGICA";
"29/03/2016";"158716264392016NE800023";"0035 - FUNCIONAMENTO DAS INSTITUICOES DA RED - NO ESTADO DE SAO PAU";"Empenho";"ORIGINAL";"10.278.886/0001-93 - DAMASO COMERCIO E SERVICOS LTDA";"MG";"IFSP - CAMPUS JACAREI";"INST.FED.DE EDUC.,CIENC.E TEC.DE SAO PAULO";"Instituto Federal de Educação, Ciência e Tecnologia de São Paulo";"Ministério da Educação";"386,00";"3 - Outras Despesas Correntes";"30 - Material de Consumo";"90 - Aplicações Diretas";"0000 - FUNCIONAMENTO DE INSTITUICOES FEDERAIS DE EDUCACAO PROFISSIONAL E TECNOLOGICA - DESPESAS DIVERSAS";"0000";"12 - Educação";"363 - Ensino profissional";"20RL0035 - FUNCIONAMENTO DAS INSTITUICOES DA RED - NO ESTADO DE SAO PAU";"2080 - EDUCACAO DE QUALIDADE PARA TODOS";"20RL - FUNCIONAMENTO DAS INSTITUICOES DA REDE FEDERAL DE EDUCACAO PROFISSIONAL, CIENTIFICA E TECNOLOGICA";
"29/03/2016";"158716264392016NE800024";"0035 - FUNCIONAMENTO DAS INSTITUICOES DA RED - NO ESTADO DE SAO PAU";"Empenho";"ORIGINAL";"18.641.075/0001-17 - LICITARE PRODUTOS, MATERIAIS E SERVICOS LTDA";"RS";"IFSP - CAMPUS JACAREI";"INST.FED.DE EDUC.,CIENC.E TEC.DE SAO PAULO";"Instituto Federal de Educação, Ciência e Tecnologia de São Paulo";"Ministério da Educação";"418,20";"3 - Outras Despesas Correntes";"30 - Material de Consumo";"90 - Aplicações Diretas";"0000 - FUNCIONAMENTO DE INSTITUICOES FEDERAIS DE EDUCACAO PROFISSIONAL E TECNOLOGICA - DESPESAS DIVERSAS";"0000";"12 - Educação";"363 - Ensino profissional";"20RL0035 - FUNCIONAMENTO DAS INSTITUICOES DA RED - NO ESTADO DE SAO PAU";"2080 - EDUCACAO DE QUALIDADE PARA TODOS";"20RL - FUNCIONAMENTO DAS INSTITUICOES DA REDE FEDERAL DE EDUCACAO PROFISSIONAL, CIENTIFICA E TECNOLOGICA";
"29/03/2016";"158716264392016NE800025";"0035 - FUNCIONAMENTO DAS INSTITUICOES DA RED - NO ESTADO DE SAO PAU";"Empenho";"ORIGINAL";"00.761.025/0001-08 - VENDAS ONLINE COMERCIAL LTDA";"BA";"IFSP - CAMPUS JACAREI";"INST.FED.DE EDUC.,CIENC.E TEC.DE SAO PAULO";"Instituto Federal de Educação, Ciência e Tecnologia de São Paulo";"Ministério da Educação";"2.325,30";"3 - Outras Despesas Correntes";"30 - Material de Consumo";"90 - Aplicações Diretas";"0000 - FUNCIONAMENTO DE INSTITUICOES FEDERAIS DE EDUCACAO PROFISSIONAL E TECNOLOGICA - DESPESAS DIVERSAS";"0000";"12 - Educação";"363 - Ensino profissional";"20RL0035 - FUNCIONAMENTO DAS INSTITUICOES DA RED - NO ESTADO DE SAO PAU";"2080 - EDUCACAO DE QUALIDADE PARA TODOS";"20RL - FUNCIONAMENTO DAS INSTITUICOES DA REDE FEDERAL DE EDUCACAO PROFISSIONAL, CIENTIFICA E TECNOLOGICA";
"31/03/2016";"158716264392016NE800026";"0035 - FUNCIONAMENTO DAS INSTITUICOES DA RED - NO ESTADO DE SAO PAU";"Empenho";"ORIGINAL";"03.687.592/0001-50 - VALOR ECONOMICO S.A.";"SP";"IFSP - CAMPUS JACAREI";"INST.FED.DE EDUC.,CIENC.E TEC.DE SAO PAULO";"Instituto Federal de Educação, Ciência e Tecnologia de São Paulo";"Ministério da Educação";"797,50";"3 - Outras Despesas Correntes";"39 - Outros Serviços de Terceiros - Pessoa Jurídica";"90 - Aplicações Diretas";"0000 - FUNCIONAMENTO DE INSTITUICOES FEDERAIS DE EDUCACAO PROFISSIONAL E TECNOLOGICA - DESPESAS DIVERSAS";"0000";"12 - Educação";"363 - Ensino profissional";"20RL0035 - FUNCIONAMENTO DAS INSTITUICOES DA RED - NO ESTADO DE SAO PAU";"2080 - EDUCACAO DE QUALIDADE PARA TODOS";"20RL - FUNCIONAMENTO DAS INSTITUICOES DA REDE FEDERAL DE EDUCACAO PROFISSIONAL, CIENTIFICA E TECNOLOGICA";
"01/04/2016";"158716264392016NE800027";"0035 - FUNCIONAMENTO DAS INSTITUICOES DA RED - NO ESTADO DE SAO PAU";"Empenho";"ORIGINAL";"11.094.173/0001-32 - OFFICE DO BRASIL IMPORTACAO E EXPORTACAO LTDA";"SP";"IFSP - CAMPUS JACAREI";"INST.FED.DE EDUC.,CIENC.E TEC.DE SAO PAULO";"Instituto Federal de Educação, Ciência e Tecnologia de São Paulo";"Ministério da Educação";"3.400,00";"4 - Investimentos";"52 - Equipamentos e Material Permanente";"90 - Aplicações Diretas";"0000 - FUNCIONAMENTO DE INSTITUICOES FEDERAIS DE EDUCACAO PROFISSIONAL E TECNOLOGICA - DESPESAS DIVERSAS";"0000";"12 - Educação";"363 - Ensino profissional";"20RL0035 - FUNCIONAMENTO DAS INSTITUICOES DA RED - NO ESTADO DE SAO PAU";"2080 - EDUCACAO DE QUALIDADE PARA TODOS";"20RL - FUNCIONAMENTO DAS INSTITUICOES DA REDE FEDERAL DE EDUCACAO PROFISSIONAL, CIENTIFICA E TECNOLOGICA";
"01/04/2016";"158716264392016NE800028";"0035 - FUNCIONAMENTO DAS INSTITUICOES DA RED - NO ESTADO DE SAO PAU";"Empenho";"REFORÇO";"48.962.625/0001-60 - SAAE SERVICO AUTONOMO DE AGUA E ESGOTO DE JACAREI";"SP";"IFSP - CAMPUS JACAREI";"INST.FED.DE EDUC.,CIENC.E TEC.DE SAO PAULO";"Instituto Federal de Educação, Ciência e Tecnologia de São Paulo";"Ministério da Educação";"27.720,00";"3 - Outras Despesas Correntes";"39 - Outros Serviços de Terceiros - Pessoa Jurídica";"90 - Aplicações Diretas";"0000 - FUNCIONAMENTO DE INSTITUICOES FEDERAIS DE EDUCACAO PROFISSIONAL E TECNOLOGICA - DESPESAS DIVERSAS";"0000";"12 - Educação";"363 - Ensino profissional";"20RL0035 - FUNCIONAMENTO DAS INSTITUICOES DA RED - NO ESTADO DE SAO PAU";"2080 - EDUCACAO DE QUALIDADE PARA TODOS";"20RL - FUNCIONAMENTO DAS INSTITUICOES DA REDE FEDERAL DE EDUCACAO PROFISSIONAL, CIENTIFICA E TECNOLOGICA";
"05/04/2016";"158716264392016NE800029";"0035 - FUNCIONAMENTO DAS INSTITUICOES DA RED - NO ESTADO DE SAO PAU";"Empenho";"REFORÇO";"02.302.100/0001-06 - EDP SAO PAULO DISTRIBUICAO DE ENERGIA S.A.";"SP";"IFSP - CAMPUS JACAREI";"INST.FED.DE EDUC.,CIENC.E TEC.DE SAO PAULO";"Instituto Federal de Educação, Ciência e Tecnologia de São Paulo";"Ministério da Educação";"58.800,00";"3 - Outras Despesas Correntes";"39 - Outros Serviços de Terceiros - Pessoa Jurídica";"90 - Aplicações Diretas";"0000 - FUNCIONAMENTO DE INSTITUICOES FEDERAIS DE EDUCACAO PROFISSIONAL E TECNOLOGICA - DESPESAS DIVERSAS";"0000";"12 - Educação";"363 - Ensino profissional";"20RL0035 - FUNCIONAMENTO DAS INSTITUICOES DA RED - NO ESTADO DE SAO PAU";"2080 - EDUCACAO DE QUALIDADE PARA TODOS";"20RL - FUNCIONAMENTO DAS INSTITUICOES DA REDE FEDERAL DE EDUCACAO PROFISSIONAL, CIENTIFICA E TECNOLOGICA";
"05/04/2016";"158716264392016NE800030";"0035 - FUNCIONAMENTO DAS INSTITUICOES DA RED - NO ESTADO DE SAO PAU";"Empenho";"REFORÇO";"10.928.126/0001-84 - REAK SEGURANCA E VIGILANCIA PATRIMONIAL LTDA";"SP";"IFSP - CAMPUS JACAREI";"INST.FED.DE EDUC.,CIENC.E TEC.DE SAO PAULO";"Instituto Federal de Educação, Ciência e Tecnologia de São Paulo";"Ministério da Educação";"187.482,96";"3 - Outras Despesas Correntes";"37 - Locação de Mão-de-Obra";"90 - Aplicações Diretas";"0000 - FUNCIONAMENTO DE INSTITUICOES FEDERAIS DE EDUCACAO PROFISSIONAL E TECNOLOGICA - DESPESAS DIVERSAS";"0000";"12 - Educação";"363 - Ensino profissional";"20RL0035 - FUNCIONAMENTO DAS INSTITUICOES DA RED - NO ESTADO DE SAO PAU";"2080 - EDUCACAO DE QUALIDADE PARA TODOS";"20RL - FUNCIONAMENTO DAS INSTITUICOES DA REDE FEDERAL DE EDUCACAO PROFISSIONAL, CIENTIFICA E TECNOLOGICA";
"06/04/2016";"158716264392016NE800031";"0035 - FUNCIONAMENTO DAS INSTITUICOES DA RED - NO ESTADO DE SAO PAU";"Empenho";"ORIGINAL";"18.824.869/0001-16 - ELEKTROFUSE INDUSTRIA E COMERCIO LTDA";"SP";"IFSP - CAMPUS JACAREI";"INST.FED.DE EDUC.,CIENC.E TEC.DE SAO PAULO";"Instituto Federal de Educação, Ciência e Tecnologia de São Paulo";"Ministério da Educação";"460,98";"3 - Outras Despesas Correntes";"30 - Material de Consumo";"90 - Aplicações Diretas";"0000 - FUNCIONAMENTO DE INSTITUICOES FEDERAIS DE EDUCACAO PROFISSIONAL E TECNOLOGICA - DESPESAS DIVERSAS";"0000";"12 - Educação";"363 - Ensino profissional";"20RL0035 - FUNCIONAMENTO DAS INSTITUICOES DA RED - NO ESTADO DE SAO PAU";"2080 - EDUCACAO DE QUALIDADE PARA TODOS";"20RL - FUNCIONAMENTO DAS INSTITUICOES DA REDE FEDERAL DE EDUCACAO PROFISSIONAL, CIENTIFICA E TECNOLOGICA";
"07/04/2016";"158716264392016NE800032";"0035 - FUNCIONAMENTO DAS INSTITUICOES DA RED - NO ESTADO DE SAO PAU";"Empenho";"REFORÇO";"40.432.544/0001-47 - CLARO S.A.";"SP";"IFSP - CAMPUS JACAREI";"INST.FED.DE EDUC.,CIENC.E TEC.DE SAO PAULO";"Instituto Federal de Educação, Ciência e Tecnologia de São Paulo";"Ministério da Educação";"3.222,09";"3 - Outras Despesas Correntes";"39 - Outros Serviços de Terceiros - Pessoa Jurídica";"90 - Aplicações Diretas";"0000 - FUNCIONAMENTO DE INSTITUICOES FEDERAIS DE EDUCACAO PROFISSIONAL E TECNOLOGICA - DESPESAS DIVERSAS";"0000";"12 - Educação";"363 - Ensino profissional";"20RL0035 - FUNCIONAMENTO DAS INSTITUICOES DA RED - NO ESTADO DE SAO PAU";"2080 - EDUCACAO DE QUALIDADE PARA TODOS";"20RL - FUNCIONAMENTO DAS INSTITUICOES DA REDE FEDERAL DE EDUCACAO PROFISSIONAL, CIENTIFICA E TECNOLOGICA";
"08/04/2016";"158716264392016NE000015";"0035 - FUNCIONAMENTO DAS INSTITUICOES DA RED - NO ESTADO DE SAO PAU";"Empenho";"REFORÇO";"158716 - IFSP - CAMPUS JACAREI";"SP";"IFSP - CAMPUS JACAREI";"INST.FED.DE EDUC.,CIENC.E TEC.DE SAO PAULO";"Instituto Federal de Educação, Ciência e Tecnologia de São Paulo";"Ministério da Educação";"12.000,00";"3 - Outras Despesas Correntes";"36 - Outros Serviços de Terceiros - Pessoa Física";"90 - Aplicações Diretas";"0000 - FUNCIONAMENTO DE INSTITUICOES FEDERAIS DE EDUCACAO PROFISSIONAL E TECNOLOGICA - DESPESAS DIVERSAS";"0000";"12 - Educação";"363 - Ensino profissional";"20RL0035 - FUNCIONAMENTO DAS INSTITUICOES DA RED - NO ESTADO DE SAO PAU";"2080 - EDUCACAO DE QUALIDADE PARA TODOS";"20RL - FUNCIONAMENTO DAS INSTITUICOES DA REDE FEDERAL DE EDUCACAO PROFISSIONAL, CIENTIFICA E TECNOLOGICA";
"08/04/2016";"158716264392016NE000016";"0035 - FUNCIONAMENTO DAS INSTITUICOES DA RED - NO ESTADO DE SAO PAU";"Empenho";"REFORÇO";"158716 - IFSP - CAMPUS JACAREI";"SP";"IFSP - CAMPUS JACAREI";"INST.FED.DE EDUC.,CIENC.E TEC.DE SAO PAULO";"Instituto Federal de Educação, Ciência e Tecnologia de São Paulo";"Ministério da Educação";"12.000,00";"3 - Outras Despesas Correntes";"36 - Outros Serviços de Terceiros - Pessoa Física";"90 - Aplicações Diretas";"0000 - FUNCIONAMENTO DE INSTITUICOES FEDERAIS DE EDUCACAO PROFISSIONAL E TECNOLOGICA - DESPESAS DIVERSAS";"0000";"12 - Educação";"363 - Ensino profissional";"20RL0035 - FUNCIONAMENTO DAS INSTITUICOES DA RED - NO ESTADO DE SAO PAU";"2080 - EDUCACAO DE QUALIDADE PARA TODOS";"20RL - FUNCIONAMENTO DAS INSTITUICOES DA REDE FEDERAL DE EDUCACAO PROFISSIONAL, CIENTIFICA E TECNOLOGICA";
"08/04/2016";"158716264392016NE000017";"0035 - FUNCIONAMENTO DAS INSTITUICOES DA RED - NO ESTADO DE SAO PAU";"Empenho";"REFORÇO";"158716 - IFSP - CAMPUS JACAREI";"SP";"IFSP - CAMPUS JACAREI";"INST.FED.DE EDUC.,CIENC.E TEC.DE SAO PAULO";"Instituto Federal de Educação, Ciência e Tecnologia de São Paulo";"Ministério da Educação";"12.000,00";"3 - Outras Despesas Correntes";"36 - Outros Serviços de Terceiros - Pessoa Física";"90 - Aplicações Diretas";"0000 - FUNCIONAMENTO DE INSTITUICOES FEDERAIS DE EDUCACAO PROFISSIONAL E TECNOLOGICA - DESPESAS DIVERSAS";"0000";"12 - Educação";"363 - Ensino profissional";"20RL0035 - FUNCIONAMENTO DAS INSTITUICOES DA RED - NO ESTADO DE SAO PAU";"2080 - EDUCACAO DE QUALIDADE PARA TODOS";"20RL - FUNCIONAMENTO DAS INSTITUICOES DA REDE FEDERAL DE EDUCACAO PROFISSIONAL, CIENTIFICA E TECNOLOGICA";
"08/04/2016";"158716264392016NE800033";"0035 - FUNCIONAMENTO DAS INSTITUICOES DA RED - NO ESTADO DE SAO PAU";"Empenho";"ANULAÇÃO";"40.432.544/0001-47 - CLARO S.A.";"SP";"IFSP - CAMPUS JACAREI";"INST.FED.DE EDUC.,CIENC.E TEC.DE SAO PAULO";"Instituto Federal de Educação, Ciência e Tecnologia de São Paulo";"Ministério da Educação";"358,01";"3 - Outras Despesas Correntes";"39 - Outros Serviços de Terceiros - Pessoa Jurídica";"90 - Aplicações Diretas";"0000 - FUNCIONAMENTO DE INSTITUICOES FEDERAIS DE EDUCACAO PROFISSIONAL E TECNOLOGICA - DESPESAS DIVERSAS";"0000";"12 - Educação";"363 - Ensino profissional";"20RL0035 - FUNCIONAMENTO DAS INSTITUICOES DA RED - NO ESTADO DE SAO PAU";"2080 - EDUCACAO DE QUALIDADE PARA TODOS";"20RL - FUNCIONAMENTO DAS INSTITUICOES DA REDE FEDERAL DE EDUCACAO PROFISSIONAL, CIENTIFICA E TECNOLOGICA";
"12/04/2016";"158716264392016NE800034";"0035 - FUNCIONAMENTO DAS INSTITUICOES DA RED - NO ESTADO DE SAO PAU";"Empenho";"ORIGINAL";"09.664.482/0001-59 - BSL COMERCIO, IMPORTACAO E EXPORTACAO LTDA";"SP";"IFSP - CAMPUS JACAREI";"INST.FED.DE EDUC.,CIENC.E TEC.DE SAO PAULO";"Instituto Federal de Educação, Ciência e Tecnologia de São Paulo";"Ministério da Educação";"4.980,00";"4 - Investimentos";"52 - Equipamentos e Material Permanente";"90 - Aplicações Diretas";"0000 - FUNCIONAMENTO DE INSTITUICOES FEDERAIS DE EDUCACAO PROFISSIONAL E TECNOLOGICA - DESPESAS DIVERSAS";"0000";"12 - Educação";"363 - Ensino profissional";"20RL0035 - FUNCIONAMENTO DAS INSTITUICOES DA RED - NO ESTADO DE SAO PAU";"2080 - EDUCACAO DE QUALIDADE PARA TODOS";"20RL - FUNCIONAMENTO DAS INSTITUICOES DA REDE FEDERAL DE EDUCACAO PROFISSIONAL, CIENTIFICA E TECNOLOGICA";
"12/04/2016";"158716264392016NE800035";"0035 - FUNCIONAMENTO DAS INSTITUICOES DA RED - NO ESTADO DE SAO PAU";"Empenho";"ORIGINAL";"10.205.116/0001-10 - COMERCIO SILVEIRA ATACADISTA DE MOVEIS MOGI MIRIM LTDA";"SP";"IFSP - CAMPUS JACAREI";"INST.FED.DE EDUC.,CIENC.E TEC.DE SAO PAULO";"Instituto Federal de Educação, Ciência e Tecnologia de São Paulo";"Ministério da Educação";"1.760,00";"4 - Investimentos";"52 - Equipamentos e Material Permanente";"90 - Aplicações Diretas";"0000 - FUNCIONAMENTO DE INSTITUICOES FEDERAIS DE EDUCACAO PROFISSIONAL E TECNOLOGICA - DESPESAS DIVERSAS";"0000";"12 - Educação";"363 - Ensino profissional";"20RL0035 - FUNCIONAMENTO DAS INSTITUICOES DA RED - NO ESTADO DE SAO PAU";"2080 - EDUCACAO DE QUALIDADE PARA TODOS";"20RL - FUNCIONAMENTO DAS INSTITUICOES DA REDE FEDERAL DE EDUCACAO PROFISSIONAL, CIENTIFICA E TECNOLOGICA";
"12/04/2016";"158716264392016NE800036";"0035 - FUNCIONAMENTO DAS INSTITUICOES DA RED - NO ESTADO DE SAO PAU";"Empenho";"ORIGINAL";"04.834.104/0001-52 - MINAS FLEX COMERCIO E INDUSTRIA DE MOVEIS LTDA";"MG";"IFSP - CAMPUS JACAREI";"INST.FED.DE EDUC.,CIENC.E TEC.DE SAO PAULO";"Instituto Federal de Educação, Ciência e Tecnologia de São Paulo";"Ministério da Educação";"16.080,00";"4 - Investimentos";"52 - Equipamentos e Material Permanente";"90 - Aplicações Diretas";"0000 - FUNCIONAMENTO DE INSTITUICOES FEDERAIS DE EDUCACAO PROFISSIONAL E TECNOLOGICA - DESPESAS DIVERSAS";"0000";"12 - Educação";"363 - Ensino profissional";"20RL0035 - FUNCIONAMENTO DAS INSTITUICOES DA RED - NO ESTADO DE SAO PAU";"2080 - EDUCACAO DE QUALIDADE PARA TODOS";"20RL - FUNCIONAMENTO DAS INSTITUICOES DA REDE FEDERAL DE EDUCACAO PROFISSIONAL, CIENTIFICA E TECNOLOGICA";
"15/04/2016";"158716264392016NE800037";"0035 - FUNCIONAMENTO DAS INSTITUICOES DA RED - NO ESTADO DE SAO PAU";"Empenho";"ORIGINAL";"19.351.920/0001-82 - C V MALFATTI COMPONENTES ELETRONICOS";"SP";"IFSP - CAMPUS JACAREI";"INST.FED.DE EDUC.,CIENC.E TEC.DE SAO PAULO";"Instituto Federal de Educação, Ciência e Tecnologia de São Paulo";"Ministério da Educação";"562,00";"3 - Outras Despesas Correntes";"30 - Material de Consumo";"90 - Aplicações Diretas";"0000 - FUNCIONAMENTO DE INSTITUICOES FEDERAIS DE EDUCACAO PROFISSIONAL E TECNOLOGICA - DESPESAS DIVERSAS";"0000";"12 - Educação";"363 - Ensino profissional";"20RL0035 - FUNCIONAMENTO DAS INSTITUICOES DA RED - NO ESTADO DE SAO PAU";"2080 - EDUCACAO DE QUALIDADE PARA TODOS";"20RL - FUNCIONAMENTO DAS INSTITUICOES DA REDE FEDERAL DE EDUCACAO PROFISSIONAL, CIENTIFICA E TECNOLOGICA";
"15/04/2016";"158716264392016NE800038";"0035 - FUNCIONAMENTO DAS INSTITUICOES DA RED - NO ESTADO DE SAO PAU";"Empenho";"ORIGINAL";"18.641.075/0001-17 - LICITARE PRODUTOS, MATERIAIS E SERVICOS LTDA";"RS";"IFSP - CAMPUS JACAREI";"INST.FED.DE EDUC.,CIENC.E TEC.DE SAO PAULO";"Instituto Federal de Educação, Ciência e Tecnologia de São Paulo";"Ministério da Educação";"286,20";"3 - Outras Despesas Correntes";"30 - Material de Consumo";"90 - Aplicações Diretas";"0000 - FUNCIONAMENTO DE INSTITUICOES FEDERAIS DE EDUCACAO PROFISSIONAL E TECNOLOGICA - DESPESAS DIVERSAS";"0000";"12 - Educação";"363 - Ensino profissional";"20RL0035 - FUNCIONAMENTO DAS INSTITUICOES DA RED - NO ESTADO DE SAO PAU";"2080 - EDUCACAO DE QUALIDADE PARA TODOS";"20RL - FUNCIONAMENTO DAS INSTITUICOES DA REDE FEDERAL DE EDUCACAO PROFISSIONAL, CIENTIFICA E TECNOLOGICA";
"18/04/2016";"158716264392016NE800039";"0035 - FUNCIONAMENTO DAS INSTITUICOES DA RED - NO ESTADO DE SAO PAU";"Empenho";"ORIGINAL";"06.910.908/0001-19 - J BRILHANTE COMERCIAL LTDA";"SP";"IFSP - CAMPUS JACAREI";"INST.FED.DE EDUC.,CIENC.E TEC.DE SAO PAULO";"Instituto Federal de Educação, Ciência e Tecnologia de São Paulo";"Ministério da Educação";"935,25";"3 - Outras Despesas Correntes";"30 - Material de Consumo";"90 - Aplicações Diretas";"0000 - FUNCIONAMENTO DE INSTITUICOES FEDERAIS DE EDUCACAO PROFISSIONAL E TECNOLOGICA - DESPESAS DIVERSAS";"0000";"12 - Educação";"363 - Ensino profissional";"20RL0035 - FUNCIONAMENTO DAS INSTITUICOES DA RED - NO ESTADO DE SAO PAU";"2080 - EDUCACAO DE QUALIDADE PARA TODOS";"20RL - FUNCIONAMENTO DAS INSTITUICOES DA REDE FEDERAL DE EDUCACAO PROFISSIONAL, CIENTIFICA E TECNOLOGICA";
"18/04/2016";"158716264392016NE800040";"0035 - FUNCIONAMENTO DAS INSTITUICOES DA RED - NO ESTADO DE SAO PAU";"Empenho";"ORIGINAL";"82.330.937/0001-90 - TREZE COMERCIAL LTDA";"PR";"IFSP - CAMPUS JACAREI";"INST.FED.DE EDUC.,CIENC.E TEC.DE SAO PAULO";"Instituto Federal de Educação, Ciência e Tecnologia de São Paulo";"Ministério da Educação";"4.993,80";"3 - Outras Despesas Correntes";"30 - Material de Consumo";"90 - Aplicações Diretas";"0000 - FUNCIONAMENTO DE INSTITUICOES FEDERAIS DE EDUCACAO PROFISSIONAL E TECNOLOGICA - DESPESAS DIVERSAS";"0000";"12 - Educação";"363 - Ensino profissional";"20RL0035 - FUNCIONAMENTO DAS INSTITUICOES DA RED - NO ESTADO DE SAO PAU";"2080 - EDUCACAO DE QUALIDADE PARA TODOS";"20RL - FUNCIONAMENTO DAS INSTITUICOES DA REDE FEDERAL DE EDUCACAO PROFISSIONAL, CIENTIFICA E TECNOLOGICA";
"27/04/2016";"158716264392016NE800041";"0035 - FUNCIONAMENTO DAS INSTITUICOES DA RED - NO ESTADO DE SAO PAU";"Empenho";"CANCELAMENTO";"94.062.288/0001-72 - LETRAL COMERCIO DE PAPEIS MATERIAL ESCOLAR LTDA";"RS";"IFSP - CAMPUS JACAREI";"INST.FED.DE EDUC.,CIENC.E TEC.DE SAO PAULO";"Instituto Federal de Educação, Ciência e Tecnologia de São Paulo";"Ministério da Educação";"0,42";"4 - Investimentos";"52 - Equipamentos e Material Permanente";"90 - Aplicações Diretas";"0000 - FUNCIONAMENTO DE INSTITUICOES FEDERAIS DE EDUCACAO PROFISSIONAL E TECNOLOGICA";"0000";"12 - Educação";"363 - Ensino profissional";"20RL0035 - FUNCIONAMENTO DAS INSTITUICOES DA RED - NO ESTADO DE SAO PAU";"2031 - EDUCACAO PROFISSIONAL E TECNOLOGICA";"20RL - FUNCIONAMENTO DAS INSTITUICOES DA REDE FEDERAL DE EDUCACAO PROFISSIONAL, CIENTIFICA E TECNOLOGICA";
"27/04/2016";"158716264392016NE800042";"0035 - FUNCIONAMENTO DAS INSTITUICOES DA RED - NO ESTADO DE SAO PAU";"Empenho";"CANCELAMENTO";"07.147.016/0001-70 - TJ TERCEIRIZACAO DE MAO DE OBRA LTDA";"SP";"IFSP - CAMPUS JACAREI";"INST.FED.DE EDUC.,CIENC.E TEC.DE SAO PAULO";"Instituto Federal de Educação, Ciência e Tecnologia de São Paulo";"Ministério da Educação";"1.253,36";"3 - Outras Despesas Correntes";"37 - Locação de Mão-de-Obra";"90 - Aplicações Diretas";"0000 - FUNCIONAMENTO DE INSTITUICOES FEDERAIS DE EDUCACAO PROFISSIONAL E TECNOLOGICA";"0000";"12 - Educação";"363 - Ensino profissional";"20RL0035 - FUNCIONAMENTO DAS INSTITUICOES DA RED - NO ESTADO DE SAO PAU";"2031 - EDUCACAO PROFISSIONAL E TECNOLOGICA";"20RL - FUNCIONAMENTO DAS INSTITUICOES DA REDE FEDERAL DE EDUCACAO PROFISSIONAL, CIENTIFICA E TECNOLOGICA";
"27/04/2016";"158716264392016NE800043";"0035 - FUNCIONAMENTO DAS INSTITUICOES DA RED - NO ESTADO DE SAO PAU";"Empenho";"CANCELAMENTO";"02.302.100/0001-06 - EDP SAO PAULO DISTRIBUICAO DE ENERGIA S.A.";"SP";"IFSP - CAMPUS JACAREI";"INST.FED.DE EDUC.,CIENC.E TEC.DE SAO PAULO";"Instituto Federal de Educação, Ciência e Tecnologia de São Paulo";"Ministério da Educação";"1.316,61";"3 - Outras Despesas Correntes";"39 - Outros Serviços de Terceiros - Pessoa Jurídica";"90 - Aplicações Diretas";"0000 - FUNCIONAMENTO DE INSTITUICOES FEDERAIS DE EDUCACAO PROFISSIONAL E TECNOLOGICA";"0000";"12 - Educação";"363 - Ensino profissional";"20RL0035 - FUNCIONAMENTO DAS INSTITUICOES DA RED - NO ESTADO DE SAO PAU";"2031 - EDUCACAO PROFISSIONAL E TECNOLOGICA";"20RL - FUNCIONAMENTO DAS INSTITUICOES DA REDE FEDERAL DE EDUCACAO PROFISSIONAL, CIENTIFICA E TECNOLOGICA";
"27/04/2016";"158716264392016NE800044";"0035 - FUNCIONAMENTO DAS INSTITUICOES DA RED - NO ESTADO DE SAO PAU";"Empenho";"CANCELAMENTO";"40.432.544/0001-47 - CLARO S.A.";"SP";"IFSP - CAMPUS JACAREI";"INST.FED.DE EDUC.,CIENC.E TEC.DE SAO PAULO";"Instituto Federal de Educação, Ciência e Tecnologia de São Paulo";"Ministério da Educação";"3.082,97";"3 - Outras Despesas Correntes";"39 - Outros Serviços de Terceiros - Pessoa Jurídica";"90 - Aplicações Diretas";"0000 - FUNCIONAMENTO DE INSTITUICOES FEDERAIS DE EDUCACAO PROFISSIONAL E TECNOLOGICA";"0000";"12 - Educação";"363 - Ensino profissional";"20RL0035 - FUNCIONAMENTO DAS INSTITUICOES DA RED - NO ESTADO DE SAO PAU";"2031 - EDUCACAO PROFISSIONAL E TECNOLOGICA";"20RL - FUNCIONAMENTO DAS INSTITUICOES DA REDE FEDERAL DE EDUCACAO PROFISSIONAL, CIENTIFICA E TECNOLOGICA";
"27/04/2016";"158716264392016NE800045";"0035 - FUNCIONAMENTO DAS INSTITUICOES DA RED - NO ESTADO DE SAO PAU";"Empenho";"CANCELAMENTO";"03.890.611/0001-40 - LINHA BRASIL SERVICOS ADMINISTRATIVOS LTDA";"DF";"IFSP - CAMPUS JACAREI";"INST.FED.DE EDUC.,CIENC.E TEC.DE SAO PAULO";"Instituto Federal de Educação, Ciência e Tecnologia de São Paulo";"Ministério da Educação";"143,30";"3 - Outras Despesas Correntes";"30 - Material de Consumo";"90 - Aplicações Diretas";"0000 - FUNCIONAMENTO DE INSTITUICOES FEDERAIS DE EDUCACAO PROFISSIONAL E TECNOLOGICA";"0000";"12 - Educação";"363 - Ensino profissional";"20RL0035 - FUNCIONAMENTO DAS INSTITUICOES DA RED - NO ESTADO DE SAO PAU";"2031 - EDUCACAO PROFISSIONAL E TECNOLOGICA";"20RL - FUNCIONAMENTO DAS INSTITUICOES DA REDE FEDERAL DE EDUCACAO PROFISSIONAL, CIENTIFICA E TECNOLOGICA";
"06/05/2016";"158716264392016NE800046";"0035 - FUNCIONAMENTO DAS INSTITUICOES DA RED - NO ESTADO DE SAO PAU";"Empenho";"ORIGINAL";"39.818.737/0001-51 - HORTO CENTRAL MARATAIZES LTDA";"ES";"IFSP - CAMPUS JACAREI";"INST.FED.DE EDUC.,CIENC.E TEC.DE SAO PAULO";"Instituto Federal de Educação, Ciência e Tecnologia de São Paulo";"Ministério da Educação";"826,50";"3 - Outras Despesas Correntes";"30 - Material de Consumo";"90 - Aplicações Diretas";"0000 - FUNCIONAMENTO DE INSTITUICOES FEDERAIS DE EDUCACAO PROFISSIONAL E TECNOLOGICA - DESPESAS DIVERSAS";"0000";"12 - Educação";"363 - Ensino profissional";"20RL0035 - FUNCIONAMENTO DAS INSTITUICOES DA RED - NO ESTADO DE SAO PAU";"2080 - EDUCACAO DE QUALIDADE PARA TODOS";"20RL - FUNCIONAMENTO DAS INSTITUICOES DA REDE FEDERAL DE EDUCACAO PROFISSIONAL, CIENTIFICA E TECNOLOGICA";
"16/05/2016";"158716264392016NE800047";"0035 - FUNCIONAMENTO DAS INSTITUICOES DA RED - NO ESTADO DE SAO PAU";"Empenho";"REFORÇO";"07.147.016/0001-70 - TJ TERCEIRIZACAO DE MAO DE OBRA LTDA";"SP";"IFSP - CAMPUS JACAREI";"INST.FED.DE EDUC.,CIENC.E TEC.DE SAO PAULO";"Instituto Federal de Educação, Ciência e Tecnologia de São Paulo";"Ministério da Educação";"47.819,66";"3 - Outras Despesas Correntes";"37 - Locação de Mão-de-Obra";"90 - Aplicações Diretas";"0000 - FUNCIONAMENTO DE INSTITUICOES FEDERAIS DE EDUCACAO PROFISSIONAL E TECNOLOGICA - DESPESAS DIVERSAS";"0000";"12 - Educação";"363 - Ensino profissional";"20RL0035 - FUNCIONAMENTO DAS INSTITUICOES DA RED - NO ESTADO DE SAO PAU";"2080 - EDUCACAO DE QUALIDADE PARA TODOS";"20RL - FUNCIONAMENTO DAS INSTITUICOES DA REDE FEDERAL DE EDUCACAO PROFISSIONAL, CIENTIFICA E TECNOLOGICA";
"18/05/2016";"158716264392016NE000018";"0035 - FUNCIONAMENTO DAS INSTITUICOES DA RED - NO ESTADO DE SAO PAU";"Empenho";"REFORÇO";"158716 - IFSP - CAMPUS JACAREI";"SP";"IFSP - CAMPUS JACAREI";"INST.FED.DE EDUC.,CIENC.E TEC.DE SAO PAULO";"Instituto Federal de Educação, Ciência e Tecnologia de São Paulo";"Ministério da Educação";"5.400,00";"3 - Outras Despesas Correntes";"36 - Outros Serviços de Terceiros - Pessoa Física";"90 - Aplicações Diretas";"0000 - FUNCIONAMENTO DE INSTITUICOES FEDERAIS DE EDUCACAO PROFISSIONAL E TECNOLOGICA - DESPESAS DIVERSAS";"0000";"12 - Educação";"363 - Ensino profissional";"20RL0035 - FUNCIONAMENTO DAS INSTITUICOES DA RED - NO ESTADO DE SAO PAU";"2080 - EDUCACAO DE QUALIDADE PARA TODOS";"20RL - FUNCIONAMENTO DAS INSTITUICOES DA REDE FEDERAL DE EDUCACAO PROFISSIONAL, CIENTIFICA E TECNOLOGICA";
"18/05/2016";"158716264392016NE800048";"0035 - FUNCIONAMENTO DAS INSTITUICOES DA RED - NO ESTADO DE SAO PAU";"Empenho";"CANCELAMENTO";"18.704.019/0001-84 - CORUJET EDITORA, IMPORTACAO, EXPORTACAO E REPRESENTANTE COMERCIAL LTDA";"SP";"IFSP - CAMPUS JACAREI";"INST.FED.DE EDUC.,CIENC.E TEC.DE SAO PAULO";"Instituto Federal de Educação, Ciência e Tecnologia de São Paulo";"Ministério da Educação";"436,39";"4 - Investimentos";"52 - Equipamentos e Material Permanente";"90 - Aplicações Diretas";"0000 - FUNCIONAMENTO DE INSTITUICOES FEDERAIS DE EDUCACAO PROFISSIONAL E TECNOLOGICA";"0000";"12 - Educação";"363 - Ensino profissional";"20RL0035 - FUNCIONAMENTO DAS INSTITUICOES DA RED - NO ESTADO DE SAO PAU";"2031 - EDUCACAO PROFISSIONAL E TECNOLOGICA";"20RL - FUNCIONAMENTO DAS INSTITUICOES DA REDE FEDERAL DE EDUCACAO PROFISSIONAL, CIENTIFICA E TECNOLOGICA";
"25/05/2016";"158716264392016NE800049";"0035 - FUNCIONAMENTO DAS INSTITUICOES DA RED - NO ESTADO DE SAO PAU";"Empenho";"ORIGINAL";"15.675.029/0001-40 - J.A.F. DORNELLES FILHO COMERCIO DE INFORMATICA";"DF";"IFSP - CAMPUS JACAREI";"INST.FED.DE EDUC.,CIENC.E TEC.DE SAO PAULO";"Instituto Federal de Educação, Ciência e Tecnologia de São Paulo";"Ministério da Educação";"17.658,00";"4 - Investimentos";"52 - Equipamentos e Material Permanente";"90 - Aplicações Diretas";"0000 - FUNCIONAMENTO DE INSTITUICOES FEDERAIS DE EDUCACAO PROFISSIONAL E TECNOLOGICA - DESPESAS DIVERSAS";"0000";"12 - Educação";"363 - Ensino profissional";"20RL0035 - FUNCIONAMENTO DAS INSTITUICOES DA RED - NO ESTADO DE SAO PAU";"2080 - EDUCACAO DE QUALIDADE PARA TODOS";"20RL - FUNCIONAMENTO DAS INSTITUICOES DA REDE FEDERAL DE EDUCACAO PROFISSIONAL, CIENTIFICA E TECNOLOGICA";
"02/06/2016";"158716264392016NE000019";"0035 - FUNCIONAMENTO DAS INSTITUICOES DA RED - NO ESTADO DE SAO PAU";"Empenho";"ANULAÇÃO";"158716 - IFSP - CAMPUS JACAREI";"SP";"IFSP - CAMPUS JACAREI";"INST.FED.DE EDUC.,CIENC.E TEC.DE SAO PAULO";"Instituto Federal de Educação, Ciência e Tecnologia de São Paulo";"Ministério da Educação";"300,00";"3 - Outras Despesas Correntes";"93 - Indenizações e Restituições";"90 - Aplicações Diretas";"0000 - FUNCIONAMENTO DE INSTITUICOES FEDERAIS DE EDUCACAO PROFISSIONAL E TECNOLOGICA - DESPESAS DIVERSAS";"0000";"12 - Educação";"363 - Ensino profissional";"20RL0035 - FUNCIONAMENTO DAS INSTITUICOES DA RED - NO ESTADO DE SAO PAU";"2080 - EDUCACAO DE QUALIDADE PARA TODOS";"20RL - FUNCIONAMENTO DAS INSTITUICOES DA REDE FEDERAL DE EDUCACAO PROFISSIONAL, CIENTIFICA E TECNOLOGICA";
"02/06/2016";"158716264392016NE000020";"0035 - FUNCIONAMENTO DAS INSTITUICOES DA RED - NO ESTADO DE SAO PAU";"Empenho";"REFORÇO";"158716 - IFSP - CAMPUS JACAREI";"SP";"IFSP - CAMPUS JACAREI";"INST.FED.DE EDUC.,CIENC.E TEC.DE SAO PAULO";"Instituto Federal de Educação, Ciência e Tecnologia de São Paulo";"Ministério da Educação";"1.300,00";"3 - Outras Despesas Correntes";"14 - Diárias - Civil";"90 - Aplicações Diretas";"0000 - FUNCIONAMENTO DE INSTITUICOES FEDERAIS DE EDUCACAO PROFISSIONAL E TECNOLOGICA - DESPESAS DIVERSAS";"0000";"12 - Educação";"363 - Ensino profissional";"20RL0035 - FUNCIONAMENTO DAS INSTITUICOES DA RED - NO ESTADO DE SAO PAU";"2080 - EDUCACAO DE QUALIDADE PARA TODOS";"20RL - FUNCIONAMENTO DAS INSTITUICOES DA REDE FEDERAL DE EDUCACAO PROFISSIONAL, CIENTIFICA E TECNOLOGICA";
"05/07/2016";"158716264392016NE800050";"0035 - FUNCIONAMENTO DAS INSTITUICOES DA RED - NO ESTADO DE SAO PAU";"Empenho";"ORIGINAL";"09.405.866/0001-57 - PEDRAZUL SERVICOS LTDA";"SP";"IFSP - CAMPUS JACAREI";"INST.FED.DE EDUC.,CIENC.E TEC.DE SAO PAULO";"Instituto Federal de Educação, Ciência e Tecnologia de São Paulo";"Ministério da Educação";"21.423,00";"3 - Outras Despesas Correntes";"37 - Locação de Mão-de-Obra";"90 - Aplicações Diretas";"0000 - FUNCIONAMENTO DE INSTITUICOES FEDERAIS DE EDUCACAO PROFISSIONAL E TECNOLOGICA - DESPESAS DIVERSAS";"0000";"12 - Educação";"363 - Ensino profissional";"20RL0035 - FUNCIONAMENTO DAS INSTITUICOES DA RED - NO ESTADO DE SAO PAU";"2080 - EDUCACAO DE QUALIDADE PARA TODOS";"20RL - FUNCIONAMENTO DAS INSTITUICOES DA REDE FEDERAL DE EDUCACAO PROFISSIONAL, CIENTIFICA E TECNOLOGICA";
"12/07/2016";"158716264392016NE800051";"0035 - FUNCIONAMENTO DAS INSTITUICOES DA RED - NO ESTADO DE SAO PAU";"Empenho";"REFORÇO";"09.405.866/0001-57 - PEDRAZUL SERVICOS LTDA";"SP";"IFSP - CAMPUS JACAREI";"INST.FED.DE EDUC.,CIENC.E TEC.DE SAO PAULO";"Instituto Federal de Educação, Ciência e Tecnologia de São Paulo";"Ministério da Educação";"18.328,57";"3 - Outras Despesas Correntes";"37 - Locação de Mão-de-Obra";"90 - Aplicações Diretas";"0000 - FUNCIONAMENTO DE INSTITUICOES FEDERAIS DE EDUCACAO PROFISSIONAL E TECNOLOGICA - DESPESAS DIVERSAS";"0000";"12 - Educação";"363 - Ensino profissional";"20RL0035 - FUNCIONAMENTO DAS INSTITUICOES DA RED - NO ESTADO DE SAO PAU";"2080 - EDUCACAO DE QUALIDADE PARA TODOS";"20RL - FUNCIONAMENTO DAS INSTITUICOES DA REDE FEDERAL DE EDUCACAO PROFISSIONAL, CIENTIFICA E TECNOLOGICA";
"13/07/2016";"158716264392016NE800052";"0035 - FUNCIONAMENTO DAS INSTITUICOES DA RED - NO ESTADO DE SAO PAU";"Empenho";"REFORÇO";"07.147.016/0001-70 - TJ TERCEIRIZACAO DE MAO DE OBRA LTDA";"SP";"IFSP - CAMPUS JACAREI";"INST.FED.DE EDUC.,CIENC.E TEC.DE SAO PAULO";"Instituto Federal de Educação, Ciência e Tecnologia de São Paulo";"Ministério da Educação";"91.569,57";"3 - Outras Despesas Correntes";"37 - Locação de Mão-de-Obra";"90 - Aplicações Diretas";"0000 - FUNCIONAMENTO DE INSTITUICOES FEDERAIS DE EDUCACAO PROFISSIONAL E TECNOLOGICA - DESPESAS DIVERSAS";"0000";"12 - Educação";"363 - Ensino profissional";"20RL0035 - FUNCIONAMENTO DAS INSTITUICOES DA RED - NO ESTADO DE SAO PAU";"2080 - EDUCACAO DE QUALIDADE PARA TODOS";"20RL - FUNCIONAMENTO DAS INSTITUICOES DA REDE FEDERAL DE EDUCACAO PROFISSIONAL, CIENTIFICA E TECNOLOGICA";
"27/07/2016";"158716264392016NE800053";"0035 - FUNCIONAMENTO DAS INSTITUICOES DA RED - NO ESTADO DE SAO PAU";"Empenho";"ORIGINAL";"11.297.973/0001-50 - ESPER & FLORENCIO ASSISTENCIA E SERVICO LTDA";"SP";"IFSP - CAMPUS JACAREI";"INST.FED.DE EDUC.,CIENC.E TEC.DE SAO PAULO";"Instituto Federal de Educação, Ciência e Tecnologia de São Paulo";"Ministério da Educação";"12.449,95";"3 - Outras Despesas Correntes";"39 - Outros Serviços de Terceiros - Pessoa Jurídica";"90 - Aplicações Diretas";"0000 - FUNCIONAMENTO DE INSTITUICOES FEDERAIS DE EDUCACAO PROFISSIONAL E TECNOLOGICA - DESPESAS DIVERSAS";"0000";"12 - Educação";"363 - Ensino profissional";"20RL0035 - FUNCIONAMENTO DAS INSTITUICOES DA RED - NO ESTADO DE SAO PAU";"2080 - EDUCACAO DE QUALIDADE PARA TODOS";"20RL - FUNCIONAMENTO DAS INSTITUICOES DA REDE FEDERAL DE EDUCACAO PROFISSIONAL, CIENTIFICA E TECNOLOGICA";
"29/07/2016";"158716264392016NE800054";"0035 - FUNCIONAMENTO DAS INSTITUICOES DA RED - NO ESTADO DE SAO PAU";"Empenho";"REFORÇO";"07.147.016/0001-70 - TJ TERCEIRIZACAO DE MAO DE OBRA LTDA";"SP";"IFSP - CAMPUS JACAREI";"INST.FED.DE EDUC.,CIENC.E TEC.DE SAO PAULO";"Instituto Federal de Educação, Ciência e Tecnologia de São Paulo";"Ministério da Educação";"681,26";"3 - Outras Despesas Correntes";"37 - Locação de Mão-de-Obra";"90 - Aplicações Diretas";"0000 - FUNCIONAMENTO DE INSTITUICOES FEDERAIS DE EDUCACAO PROFISSIONAL E TECNOLOGICA - DESPESAS DIVERSAS";"0000";"12 - Educação";"363 - Ensino profissional";"20RL0035 - FUNCIONAMENTO DAS INSTITUICOES DA RED - NO ESTADO DE SAO PAU";"2080 - EDUCACAO DE QUALIDADE PARA TODOS";"20RL - FUNCIONAMENTO DAS INSTITUICOES DA REDE FEDERAL DE EDUCACAO PROFISSIONAL, CIENTIFICA E TECNOLOGICA";
"04/08/2016";"158716264392016NE000021";"0035 - ASSISTENCIA AOS ESTUDANTES DA REDE FE - NO ESTADO DE SAO PAU";"Empenho";"REFORÇO";"158716 - IFSP - CAMPUS JACAREI";"SP";"IFSP - CAMPUS JACAREI";"INST.FED.DE EDUC.,CIENC.E TEC.DE SAO PAULO";"Instituto Federal de Educação, Ciência e Tecnologia de São Paulo";"Ministério da Educação";"4.952,56";"3 - Outras Despesas Correntes";"18 - Auxílio Financeiro a Estudantes";"90 - Aplicações Diretas";"0001 - AUXILIO FINANCEIRO DE ASSISTENCIA ESTUDANTIL";"0000";"12 - Educação";"363 - Ensino profissional";"29940035 - ASSISTENCIA AOS ESTUDANTES DA REDE FE - NO ESTADO DE SAO PAU";"2080 - EDUCACAO DE QUALIDADE PARA TODOS";"2994 - ASSISTENCIA AOS ESTUDANTES DA REDE FEDERAL DE EDUCACAO PROFISSIONAL, CIENTIFICA E TECNOLOGICA";
"04/08/2016";"158716264392016NE800055";"0035 - FUNCIONAMENTO DAS INSTITUICOES DA RED - NO ESTADO DE SAO PAU";"Empenho";"ORIGINAL";"12.207.927/0001-86 - DCSA SUPRIMENTOS DE INFORMATICA LTDA";"SP";"IFSP - CAMPUS JACAREI";"INST.FED.DE EDUC.,CIENC.E TEC.DE SAO PAULO";"Instituto Federal de Educação, Ciência e Tecnologia de São Paulo";"Ministério da Educação";"350,00";"3 - Outras Despesas Correntes";"30 - Material de Consumo";"90 - Aplicações Diretas";"0000 - FUNCIONAMENTO DE INSTITUICOES FEDERAIS DE EDUCACAO PROFISSIONAL E TECNOLOGICA - DESPESAS DIVERSAS";"0000";"12 - Educação";"363 - Ensino profissional";"20RL0035 - FUNCIONAMENTO DAS INSTITUICOES DA RED - NO ESTADO DE SAO PAU";"2080 - EDUCACAO DE QUALIDADE PARA TODOS";"20RL - FUNCIONAMENTO DAS INSTITUICOES DA REDE FEDERAL DE EDUCACAO PROFISSIONAL, CIENTIFICA E TECNOLOGICA";
"04/08/2016";"158716264392016NE800056";"0035 - FUNCIONAMENTO DAS INSTITUICOES DA RED - NO ESTADO DE SAO PAU";"Empenho";"ORIGINAL";"02.602.747/0001-45 - DIGISERVI TRADING LTDA";"SP";"IFSP - CAMPUS JACAREI";"INST.FED.DE EDUC.,CIENC.E TEC.DE SAO PAULO";"Instituto Federal de Educação, Ciência e Tecnologia de São Paulo";"Ministério da Educação";"700,00";"3 - Outras Despesas Correntes";"30 - Material de Consumo";"90 - Aplicações Diretas";"0000 - FUNCIONAMENTO DE INSTITUICOES FEDERAIS DE EDUCACAO PROFISSIONAL E TECNOLOGICA - DESPESAS DIVERSAS";"0000";"12 - Educação";"363 - Ensino profissional";"20RL0035 - FUNCIONAMENTO DAS INSTITUICOES DA RED - NO ESTADO DE SAO PAU";"2080 - EDUCACAO DE QUALIDADE PARA TODOS";"20RL - FUNCIONAMENTO DAS INSTITUICOES DA REDE FEDERAL DE EDUCACAO PROFISSIONAL, CIENTIFICA E TECNOLOGICA";
"04/08/2016";"158716264392016NE800057";"0035 - FUNCIONAMENTO DAS INSTITUICOES DA RED - NO ESTADO DE SAO PAU";"Empenho";"ORIGINAL";"10.526.349/0001-15 - ALVES & MOURA APOIO ADMINISTRATIVO LTDA";"SP";"IFSP - CAMPUS JACAREI";"INST.FED.DE EDUC.,CIENC.E TEC.DE SAO PAULO";"Instituto Federal de Educação, Ciência e Tecnologia de São Paulo";"Ministério da Educação";"1.095,00";"3 - Outras Despesas Correntes";"30 - Material de Consumo";"90 - Aplicações Diretas";"0000 - FUNCIONAMENTO DE INSTITUICOES FEDERAIS DE EDUCACAO PROFISSIONAL E TECNOLOGICA - DESPESAS DIVERSAS";"0000";"12 - Educação";"363 - Ensino profissional";"20RL0035 - FUNCIONAMENTO DAS INSTITUICOES DA RED - NO ESTADO DE SAO PAU";"2080 - EDUCACAO DE QUALIDADE PARA TODOS";"20RL - FUNCIONAMENTO DAS INSTITUICOES DA REDE FEDERAL DE EDUCACAO PROFISSIONAL, CIENTIFICA E TECNOLOGICA";
"08/08/2016";"158716264392016NE000022";"0035 - FUNCIONAMENTO DAS INSTITUICOES DA RED - NO ESTADO DE SAO PAU";"Empenho";"ORIGINAL";"158716 - IFSP - CAMPUS JACAREI";"SP";"IFSP - CAMPUS JACAREI";"INST.FED.DE EDUC.,CIENC.E TEC.DE SAO PAULO";"Instituto Federal de Educação, Ciência e Tecnologia de São Paulo";"Ministério da Educação";"4.500,00";"3 - Outras Despesas Correntes";"18 - Auxílio Financeiro a Estudantes";"90 - Aplicações Diretas";"0000 - FUNCIONAMENTO DE INSTITUICOES FEDERAIS DE EDUCACAO PROFISSIONAL E TECNOLOGICA - DESPESAS DIVERSAS";"0000";"12 - Educação";"363 - Ensino profissional";"20RL0035 - FUNCIONAMENTO DAS INSTITUICOES DA RED - NO ESTADO DE SAO PAU";"2080 - EDUCACAO DE QUALIDADE PARA TODOS";"20RL - FUNCIONAMENTO DAS INSTITUICOES DA REDE FEDERAL DE EDUCACAO PROFISSIONAL, CIENTIFICA E TECNOLOGICA";
"09/08/2016";"158716264392016NE000023";"0035 - ASSISTENCIA AOS ESTUDANTES DA REDE FE - NO ESTADO DE SAO PAU";"Empenho";"REFORÇO";"158716 - IFSP - CAMPUS JACAREI";"SP";"IFSP - CAMPUS JACAREI";"INST.FED.DE EDUC.,CIENC.E TEC.DE SAO PAULO";"Instituto Federal de Educação, Ciência e Tecnologia de São Paulo";"Ministério da Educação";"14.857,69";"3 - Outras Despesas Correntes";"18 - Auxílio Financeiro a Estudantes";"90 - Aplicações Diretas";"0001 - AUXILIO FINANCEIRO DE ASSISTENCIA ESTUDANTIL";"0000";"12 - Educação";"363 - Ensino profissional";"29940035 - ASSISTENCIA AOS ESTUDANTES DA REDE FE - NO ESTADO DE SAO PAU";"2080 - EDUCACAO DE QUALIDADE PARA TODOS";"2994 - ASSISTENCIA AOS ESTUDANTES DA REDE FEDERAL DE EDUCACAO PROFISSIONAL, CIENTIFICA E TECNOLOGICA";
"18/08/2016";"158716264392016NE000024";"0035 - FUNCIONAMENTO DAS INSTITUICOES DA RED - NO ESTADO DE SAO PAU";"Empenho";"ANULAÇÃO";"158716 - IFSP - CAMPUS JACAREI";"SP";"IFSP - CAMPUS JACAREI";"INST.FED.DE EDUC.,CIENC.E TEC.DE SAO PAULO";"Instituto Federal de Educação, Ciência e Tecnologia de São Paulo";"Ministério da Educação";"13.000,00";"3 - Outras Despesas Correntes";"36 - Outros Serviços de Terceiros - Pessoa Física";"90 - Aplicações Diretas";"0000 - FUNCIONAMENTO DE INSTITUICOES FEDERAIS DE EDUCACAO PROFISSIONAL E TECNOLOGICA - DESPESAS DIVERSAS";"0000";"12 - Educação";"363 - Ensino profissional";"20RL0035 - FUNCIONAMENTO DAS INSTITUICOES DA RED - NO ESTADO DE SAO PAU";"2080 - EDUCACAO DE QUALIDADE PARA TODOS";"20RL - FUNCIONAMENTO DAS INSTITUICOES DA REDE FEDERAL DE EDUCACAO PROFISSIONAL, CIENTIFICA E TECNOLOGICA";
"18/08/2016";"158716264392016NE000025";"0035 - FUNCIONAMENTO DAS INSTITUICOES DA RED - NO ESTADO DE SAO PAU";"Empenho";"ANULAÇÃO";"158716 - IFSP - CAMPUS JACAREI";"SP";"IFSP - CAMPUS JACAREI";"INST.FED.DE EDUC.,CIENC.E TEC.DE SAO PAULO";"Instituto Federal de Educação, Ciência e Tecnologia de São Paulo";"Ministério da Educação";"10.680,00";"3 - Outras Despesas Correntes";"36 - Outros Serviços de Terceiros - Pessoa Física";"90 - Aplicações Diretas";"0000 - FUNCIONAMENTO DE INSTITUICOES FEDERAIS DE EDUCACAO PROFISSIONAL E TECNOLOGICA - DESPESAS DIVERSAS";"0000";"12 - Educação";"363 - Ensino profissional";"20RL0035 - FUNCIONAMENTO DAS INSTITUICOES DA RED - NO ESTADO DE SAO PAU";"2080 - EDUCACAO DE QUALIDADE PARA TODOS";"20RL - FUNCIONAMENTO DAS INSTITUICOES DA REDE FEDERAL DE EDUCACAO PROFISSIONAL, CIENTIFICA E TECNOLOGICA";
"18/08/2016";"158716264392016NE000026";"0035 - FUNCIONAMENTO DAS INSTITUICOES DA RED - NO ESTADO DE SAO PAU";"Empenho";"ANULAÇÃO";"158716 - IFSP - CAMPUS JACAREI";"SP";"IFSP - CAMPUS JACAREI";"INST.FED.DE EDUC.,CIENC.E TEC.DE SAO PAULO";"Instituto Federal de Educação, Ciência e Tecnologia de São Paulo";"Ministério da Educação";"11.200,00";"3 - Outras Despesas Correntes";"36 - Outros Serviços de Terceiros - Pessoa Física";"90 - Aplicações Diretas";"0000 - FUNCIONAMENTO DE INSTITUICOES FEDERAIS DE EDUCACAO PROFISSIONAL E TECNOLOGICA - DESPESAS DIVERSAS";"0000";"12 - Educação";"363 - Ensino profissional";"20RL0035 - FUNCIONAMENTO DAS INSTITUICOES DA RED - NO ESTADO DE SAO PAU";"2080 - EDUCACAO DE QUALIDADE PARA TODOS";"20RL - FUNCIONAMENTO DAS INSTITUICOES DA REDE FEDERAL DE EDUCACAO PROFISSIONAL, CIENTIFICA E TECNOLOGICA";
"19/08/2016";"158716264392016NE000027";"0035 - FUNCIONAMENTO DAS INSTITUICOES DA RED - NO ESTADO DE SAO PAU";"Empenho";"ORIGINAL";"158716 - IFSP - CAMPUS JACAREI";"SP";"IFSP - CAMPUS JACAREI";"INST.FED.DE EDUC.,CIENC.E TEC.DE SAO PAULO";"Instituto Federal de Educação, Ciência e Tecnologia de São Paulo";"Ministério da Educação";"10.680,00";"3 - Outras Despesas Correntes";"18 - Auxílio Financeiro a Estudantes";"90 - Aplicações Diretas";"0000 - FUNCIONAMENTO DE INSTITUICOES FEDERAIS DE EDUCACAO PROFISSIONAL E TECNOLOGICA - DESPESAS DIVERSAS";"0000";"12 - Educação";"363 - Ensino profissional";"20RL0035 - FUNCIONAMENTO DAS INSTITUICOES DA RED - NO ESTADO DE SAO PAU";"2080 - EDUCACAO DE QUALIDADE PARA TODOS";"20RL - FUNCIONAMENTO DAS INSTITUICOES DA REDE FEDERAL DE EDUCACAO PROFISSIONAL, CIENTIFICA E TECNOLOGICA";
"19/08/2016";"158716264392016NE000028";"0035 - FUNCIONAMENTO DAS INSTITUICOES DA RED - NO ESTADO DE SAO PAU";"Empenho";"ORIGINAL";"158716 - IFSP - CAMPUS JACAREI";"SP";"IFSP - CAMPUS JACAREI";"INST.FED.DE EDUC.,CIENC.E TEC.DE SAO PAULO";"Instituto Federal de Educação, Ciência e Tecnologia de São Paulo";"Ministério da Educação";"13.000,00";"3 - Outras Despesas Correntes";"18 - Auxílio Financeiro a Estudantes";"90 - Aplicações Diretas";"0000 - FUNCIONAMENTO DE INSTITUICOES FEDERAIS DE EDUCACAO PROFISSIONAL E TECNOLOGICA - DESPESAS DIVERSAS";"0000";"12 - Educação";"363 - Ensino profissional";"20RL0035 - FUNCIONAMENTO DAS INSTITUICOES DA RED - NO ESTADO DE SAO PAU";"2080 - EDUCACAO DE QUALIDADE PARA TODOS";"20RL - FUNCIONAMENTO DAS INSTITUICOES DA REDE FEDERAL DE EDUCACAO PROFISSIONAL, CIENTIFICA E TECNOLOGICA";
"19/08/2016";"158716264392016NE000029";"0035 - FUNCIONAMENTO DAS INSTITUICOES DA RED - NO ESTADO DE SAO PAU";"Empenho";"ORIGINAL";"158716 - IFSP - CAMPUS JACAREI";"SP";"IFSP - CAMPUS JACAREI";"INST.FED.DE EDUC.,CIENC.E TEC.DE SAO PAULO";"Instituto Federal de Educação, Ciência e Tecnologia de São Paulo";"Ministério da Educação";"11.200,00";"3 - Outras Despesas Correntes";"18 - Auxílio Financeiro a Estudantes";"90 - Aplicações Diretas";"0000 - FUNCIONAMENTO DE INSTITUICOES FEDERAIS DE EDUCACAO PROFISSIONAL E TECNOLOGICA - DESPESAS DIVERSAS";"0000";"12 - Educação";"363 - Ensino profissional";"20RL0035 - FUNCIONAMENTO DAS INSTITUICOES DA RED - NO ESTADO DE SAO PAU";"2080 - EDUCACAO DE QUALIDADE PARA TODOS";"20RL - FUNCIONAMENTO DAS INSTITUICOES DA REDE FEDERAL DE EDUCACAO PROFISSIONAL, CIENTIFICA E TECNOLOGICA";
"24/08/2016";"158716264392016NE800058";"0035 - FUNCIONAMENTO DAS INSTITUICOES DA RED - NO ESTADO DE SAO PAU";"Empenho";"ORIGINAL";"10.205.116/0001-10 - COMERCIO SILVEIRA ATACADISTA DE MOVEIS MOGI MIRIM LTDA";"SP";"IFSP - CAMPUS JACAREI";"INST.FED.DE EDUC.,CIENC.E TEC.DE SAO PAULO";"Instituto Federal de Educação, Ciência e Tecnologia de São Paulo";"Ministério da Educação";"2.443,65";"4 - Investimentos";"52 - Equipamentos e Material Permanente";"90 - Aplicações Diretas";"0000 - FUNCIONAMENTO DE INSTITUICOES FEDERAIS DE EDUCACAO PROFISSIONAL E TECNOLOGICA - DESPESAS DIVERSAS";"0000";"12 - Educação";"363 - Ensino profissional";"20RL0035 - FUNCIONAMENTO DAS INSTITUICOES DA RED - NO ESTADO DE SAO PAU";"2080 - EDUCACAO DE QUALIDADE PARA TODOS";"20RL - FUNCIONAMENTO DAS INSTITUICOES DA REDE FEDERAL DE EDUCACAO PROFISSIONAL, CIENTIFICA E TECNOLOGICA";
"15/09/2016";"158716264392016NE800059";"0035 - FUNCIONAMENTO DAS INSTITUICOES DA RED - NO ESTADO DE SAO PAU";"Empenho";"REFORÇO";"48.962.625/0001-60 - SAAE SERVICO AUTONOMO DE AGUA E ESGOTO DE JACAREI";"SP";"IFSP - CAMPUS JACAREI";"INST.FED.DE EDUC.,CIENC.E TEC.DE SAO PAULO";"Instituto Federal de Educação, Ciência e Tecnologia de São Paulo";"Ministério da Educação";"336,00";"3 - Outras Despesas Correntes";"39 - Outros Serviços de Terceiros - Pessoa Jurídica";"90 - Aplicações Diretas";"0000 - FUNCIONAMENTO DE INSTITUICOES FEDERAIS DE EDUCACAO PROFISSIONAL E TECNOLOGICA - DESPESAS DIVERSAS";"0000";"12 - Educação";"363 - Ensino profissional";"20RL0035 - FUNCIONAMENTO DAS INSTITUICOES DA RED - NO ESTADO DE SAO PAU";"2080 - EDUCACAO DE QUALIDADE PARA TODOS";"20RL - FUNCIONAMENTO DAS INSTITUICOES DA REDE FEDERAL DE EDUCACAO PROFISSIONAL, CIENTIFICA E TECNOLOGICA";
"19/09/2016";"158716264392016NE000030";"0035 - FUNCIONAMENTO DAS INSTITUICOES DA RED - NO ESTADO DE SAO PAU";"Empenho";"ANULAÇÃO";"158716 - IFSP - CAMPUS JACAREI";"SP";"IFSP - CAMPUS JACAREI";"INST.FED.DE EDUC.,CIENC.E TEC.DE SAO PAULO";"Instituto Federal de Educação, Ciência e Tecnologia de São Paulo";"Ministério da Educação";"2.200,00";"3 - Outras Despesas Correntes";"18 - Auxílio Financeiro a Estudantes";"90 - Aplicações Diretas";"0000 - FUNCIONAMENTO DE INSTITUICOES FEDERAIS DE EDUCACAO PROFISSIONAL E TECNOLOGICA - DESPESAS DIVERSAS";"0000";"12 - Educação";"363 - Ensino profissional";"20RL0035 - FUNCIONAMENTO DAS INSTITUICOES DA RED - NO ESTADO DE SAO PAU";"2080 - EDUCACAO DE QUALIDADE PARA TODOS";"20RL - FUNCIONAMENTO DAS INSTITUICOES DA REDE FEDERAL DE EDUCACAO PROFISSIONAL, CIENTIFICA E TECNOLOGICA";
"19/09/2016";"158716264392016NE800060";"0035 - FUNCIONAMENTO DAS INSTITUICOES DA RED - NO ESTADO DE SAO PAU";"Empenho";"ORIGINAL";"09.025.333/0001-40 - TERRAGIGA INFORMATICA LTDA";"DF";"IFSP - CAMPUS JACAREI";"INST.FED.DE EDUC.,CIENC.E TEC.DE SAO PAULO";"Instituto Federal de Educação, Ciência e Tecnologia de São Paulo";"Ministério da Educação";"1.999,98";"3 - Outras Despesas Correntes";"30 - Material de Consumo";"90 - Aplicações Diretas";"0000 - FUNCIONAMENTO DE INSTITUICOES FEDERAIS DE EDUCACAO PROFISSIONAL E TECNOLOGICA - DESPESAS DIVERSAS";"0000";"12 - Educação";"363 - Ensino profissional";"20RL0035 - FUNCIONAMENTO DAS INSTITUICOES DA RED - NO ESTADO DE SAO PAU";"2080 - EDUCACAO DE QUALIDADE PARA TODOS";"20RL - FUNCIONAMENTO DAS INSTITUICOES DA REDE FEDERAL DE EDUCACAO PROFISSIONAL, CIENTIFICA E TECNOLOGICA";
"03/10/2016";"158716264392016NE800061";"0035 - FUNCIONAMENTO DAS INSTITUICOES DA RED - NO ESTADO DE SAO PAU";"Empenho";"REFORÇO";"07.147.016/0001-70 - TJ TERCEIRIZACAO DE MAO DE OBRA LTDA";"SP";"IFSP - CAMPUS JACAREI";"INST.FED.DE EDUC.,CIENC.E TEC.DE SAO PAULO";"Instituto Federal de Educação, Ciência e Tecnologia de São Paulo";"Ministério da Educação";"91.569,57";"3 - Outras Despesas Correntes";"37 - Locação de Mão-de-Obra";"90 - Aplicações Diretas";"0000 - FUNCIONAMENTO DE INSTITUICOES FEDERAIS DE EDUCACAO PROFISSIONAL E TECNOLOGICA - DESPESAS DIVERSAS";"0000";"12 - Educação";"363 - Ensino profissional";"20RL0035 - FUNCIONAMENTO DAS INSTITUICOES DA RED - NO ESTADO DE SAO PAU";"2080 - EDUCACAO DE QUALIDADE PARA TODOS";"20RL - FUNCIONAMENTO DAS INSTITUICOES DA REDE FEDERAL DE EDUCACAO PROFISSIONAL, CIENTIFICA E TECNOLOGICA";
"10/10/2016";"158716264392016NE800062";"0035 - FUNCIONAMENTO DAS INSTITUICOES DA RED - NO ESTADO DE SAO PAU";"Empenho";"REFORÇO";"10.928.126/0001-84 - REAK SEGURANCA E VIGILANCIA PATRIMONIAL LTDA";"SP";"IFSP - CAMPUS JACAREI";"INST.FED.DE EDUC.,CIENC.E TEC.DE SAO PAULO";"Instituto Federal de Educação, Ciência e Tecnologia de São Paulo";"Ministério da Educação";"30.634,90";"3 - Outras Despesas Correntes";"37 - Locação de Mão-de-Obra";"90 - Aplicações Diretas";"0000 - FUNCIONAMENTO DE INSTITUICOES FEDERAIS DE EDUCACAO PROFISSIONAL E TECNOLOGICA - DESPESAS DIVERSAS";"0000";"12 - Educação";"363 - Ensino profissional";"20RL0035 - FUNCIONAMENTO DAS INSTITUICOES DA RED - NO ESTADO DE SAO PAU";"2080 - EDUCACAO DE QUALIDADE PARA TODOS";"20RL - FUNCIONAMENTO DAS INSTITUICOES DA REDE FEDERAL DE EDUCACAO PROFISSIONAL, CIENTIFICA E TECNOLOGICA";
"10/10/2016";"158716264392016NE800063";"0035 - FUNCIONAMENTO DAS INSTITUICOES DA RED - NO ESTADO DE SAO PAU";"Empenho";"REFORÇO";"10.928.126/0001-84 - REAK SEGURANCA E VIGILANCIA PATRIMONIAL LTDA";"SP";"IFSP - CAMPUS JACAREI";"INST.FED.DE EDUC.,CIENC.E TEC.DE SAO PAULO";"Instituto Federal de Educação, Ciência e Tecnologia de São Paulo";"Ministério da Educação";"9.558,24";"3 - Outras Despesas Correntes";"37 - Locação de Mão-de-Obra";"90 - Aplicações Diretas";"0000 - FUNCIONAMENTO DE INSTITUICOES FEDERAIS DE EDUCACAO PROFISSIONAL E TECNOLOGICA - DESPESAS DIVERSAS";"0000";"12 - Educação";"363 - Ensino profissional";"20RL0035 - FUNCIONAMENTO DAS INSTITUICOES DA RED - NO ESTADO DE SAO PAU";"2080 - EDUCACAO DE QUALIDADE PARA TODOS";"20RL - FUNCIONAMENTO DAS INSTITUICOES DA REDE FEDERAL DE EDUCACAO PROFISSIONAL, CIENTIFICA E TECNOLOGICA";
"18/10/2016";"158716264392016NE000031";"0035 - ASSISTENCIA AOS ESTUDANTES DA REDE FE - NO ESTADO DE SAO PAU";"Empenho";"REFORÇO";"158716 - IFSP - CAMPUS JACAREI";"SP";"IFSP - CAMPUS JACAREI";"INST.FED.DE EDUC.,CIENC.E TEC.DE SAO PAULO";"Instituto Federal de Educação, Ciência e Tecnologia de São Paulo";"Ministério da Educação";"9.905,13";"3 - Outras Despesas Correntes";"18 - Auxílio Financeiro a Estudantes";"90 - Aplicações Diretas";"0001 - AUXILIO FINANCEIRO DE ASSISTENCIA ESTUDANTIL";"0000";"12 - Educação";"363 - Ensino profissional";"29940035 - ASSISTENCIA AOS ESTUDANTES DA REDE FE - NO ESTADO DE SAO PAU";"2080 - EDUCACAO DE QUALIDADE PARA TODOS";"2994 - ASSISTENCIA AOS ESTUDANTES DA REDE FEDERAL DE EDUCACAO PROFISSIONAL, CIENTIFICA E TECNOLOGICA";
"25/10/2016";"158716264392016NE000032";"0035 - FUNCIONAMENTO DAS INSTITUICOES DA RED - NO ESTADO DE SAO PAU";"Empenho";"ORIGINAL";"158716 - IFSP - CAMPUS JACAREI";"SP";"IFSP - CAMPUS JACAREI";"INST.FED.DE EDUC.,CIENC.E TEC.DE SAO PAULO";"Instituto Federal de Educação, Ciência e Tecnologia de São Paulo";"Ministério da Educação";"4.840,00";"3 - Outras Despesas Correntes";"18 - Auxílio Financeiro a Estudantes";"90 - Aplicações Diretas";"0000 - FUNCIONAMENTO DE INSTITUICOES FEDERAIS DE EDUCACAO PROFISSIONAL E TECNOLOGICA - DESPESAS DIVERSAS";"0000";"12 - Educação";"363 - Ensino profissional";"20RL0035 - FUNCIONAMENTO DAS INSTITUICOES DA RED - NO ESTADO DE SAO PAU";"2080 - EDUCACAO DE QUALIDADE PARA TODOS";"20RL - FUNCIONAMENTO DAS INSTITUICOES DA REDE FEDERAL DE EDUCACAO PROFISSIONAL, CIENTIFICA E TECNOLOGICA";
"03/11/2016";"158716264392016NE000033";"0035 - FUNCIONAMENTO DAS INSTITUICOES DA RED - NO ESTADO DE SAO PAU";"Empenho";"ANULAÇÃO";"158716 - IFSP - CAMPUS JACAREI";"SP";"IFSP - CAMPUS JACAREI";"INST.FED.DE EDUC.,CIENC.E TEC.DE SAO PAULO";"Instituto Federal de Educação, Ciência e Tecnologia de São Paulo";"Ministério da Educação";"954,83";"3 - Outras Despesas Correntes";"14 - Diárias - Civil";"90 - Aplicações Diretas";"0000 - FUNCIONAMENTO DE INSTITUICOES FEDERAIS DE EDUCACAO PROFISSIONAL E TECNOLOGICA - DESPESAS DIVERSAS";"0000";"12 - Educação";"363 - Ensino profissional";"20RL0035 - FUNCIONAMENTO DAS INSTITUICOES DA RED - NO ESTADO DE SAO PAU";"2080 - EDUCACAO DE QUALIDADE PARA TODOS";"20RL - FUNCIONAMENTO DAS INSTITUICOES DA REDE FEDERAL DE EDUCACAO PROFISSIONAL, CIENTIFICA E TECNOLOGICA";
"03/11/2016";"158716264392016NE000034";"0035 - FUNCIONAMENTO DAS INSTITUICOES DA RED - NO ESTADO DE SAO PAU";"Empenho";"ANULAÇÃO";"158716 - IFSP - CAMPUS JACAREI";"SP";"IFSP - CAMPUS JACAREI";"INST.FED.DE EDUC.,CIENC.E TEC.DE SAO PAULO";"Instituto Federal de Educação, Ciência e Tecnologia de São Paulo";"Ministério da Educação";"504,17";"3 - Outras Despesas Correntes";"93 - Indenizações e Restituições";"90 - Aplicações Diretas";"0000 - FUNCIONAMENTO DE INSTITUICOES FEDERAIS DE EDUCACAO PROFISSIONAL E TECNOLOGICA - DESPESAS DIVERSAS";"0000";"12 - Educação";"363 - Ensino profissional";"20RL0035 - FUNCIONAMENTO DAS INSTITUICOES DA RED - NO ESTADO DE SAO PAU";"2080 - EDUCACAO DE QUALIDADE PARA TODOS";"20RL - FUNCIONAMENTO DAS INSTITUICOES DA REDE FEDERAL DE EDUCACAO PROFISSIONAL, CIENTIFICA E TECNOLOGICA";
"03/11/2016";"158716264392016NE800064";"0035 - FUNCIONAMENTO DAS INSTITUICOES DA RED - NO ESTADO DE SAO PAU";"Empenho";"REFORÇO";"40.432.544/0001-47 - CLARO S.A.";"SP";"IFSP - CAMPUS JACAREI";"INST.FED.DE EDUC.,CIENC.E TEC.DE SAO PAULO";"Instituto Federal de Educação, Ciência e Tecnologia de São Paulo";"Ministério da Educação";"954,83";"3 - Outras Despesas Correntes";"39 - Outros Serviços de Terceiros - Pessoa Jurídica";"90 - Aplicações Diretas";"0000 - FUNCIONAMENTO DE INSTITUICOES FEDERAIS DE EDUCACAO PROFISSIONAL E TECNOLOGICA - DESPESAS DIVERSAS";"0000";"12 - Educação";"363 - Ensino profissional";"20RL0035 - FUNCIONAMENTO DAS INSTITUICOES DA RED - NO ESTADO DE SAO PAU";"2080 - EDUCACAO DE QUALIDADE PARA TODOS";"20RL - FUNCIONAMENTO DAS INSTITUICOES DA REDE FEDERAL DE EDUCACAO PROFISSIONAL, CIENTIFICA E TECNOLOGICA";
"03/11/2016";"158716264392016NE800065";"0035 - FUNCIONAMENTO DAS INSTITUICOES DA RED - NO ESTADO DE SAO PAU";"Empenho";"REFORÇO";"48.962.625/0001-60 - SAAE SERVICO AUTONOMO DE AGUA E ESGOTO DE JACAREI";"SP";"IFSP - CAMPUS JACAREI";"INST.FED.DE EDUC.,CIENC.E TEC.DE SAO PAULO";"Instituto Federal de Educação, Ciência e Tecnologia de São Paulo";"Ministério da Educação";"504,17";"3 - Outras Despesas Correntes";"39 - Outros Serviços de Terceiros - Pessoa Jurídica";"90 - Aplicações Diretas";"0000 - FUNCIONAMENTO DE INSTITUICOES FEDERAIS DE EDUCACAO PROFISSIONAL E TECNOLOGICA - DESPESAS DIVERSAS";"0000";"12 - Educação";"363 - Ensino profissional";"20RL0035 - FUNCIONAMENTO DAS INSTITUICOES DA RED - NO ESTADO DE SAO PAU";"2080 - EDUCACAO DE QUALIDADE PARA TODOS";"20RL - FUNCIONAMENTO DAS INSTITUICOES DA REDE FEDERAL DE EDUCACAO PROFISSIONAL, CIENTIFICA E TECNOLOGICA";
"04/11/2016";"158716264392016NE800066";"0035 - FUNCIONAMENTO DAS INSTITUICOES DA RED - NO ESTADO DE SAO PAU";"Empenho";"ORIGINAL";"13.159.833/0001-41 - ROMAGAZINE EIRELI";"SP";"IFSP - CAMPUS JACAREI";"INST.FED.DE EDUC.,CIENC.E TEC.DE SAO PAULO";"Instituto Federal de Educação, Ciência e Tecnologia de São Paulo";"Ministério da Educação";"10.099,82";"4 - Investimentos";"52 - Equipamentos e Material Permanente";"90 - Aplicações Diretas";"0000 - FUNCIONAMENTO DE INSTITUICOES FEDERAIS DE EDUCACAO PROFISSIONAL E TECNOLOGICA - DESPESAS DIVERSAS";"0000";"12 - Educação";"363 - Ensino profissional";"20RL0035 - FUNCIONAMENTO DAS INSTITUICOES DA RED - NO ESTADO DE SAO PAU";"2080 - EDUCACAO DE QUALIDADE PARA TODOS";"20RL - FUNCIONAMENTO DAS INSTITUICOES DA REDE FEDERAL DE EDUCACAO PROFISSIONAL, CIENTIFICA E TECNOLOGICA";
"04/11/2016";"158716264392016NE800067";"0035 - FUNCIONAMENTO DAS INSTITUICOES DA RED - NO ESTADO DE SAO PAU";"Empenho";"ORIGINAL";"11.311.279/0001-40 - EUNICE MARIA GONCALVES DE OLIVEIRA";"SP";"IFSP - CAMPUS JACAREI";"INST.FED.DE EDUC.,CIENC.E TEC.DE SAO PAULO";"Instituto Federal de Educação, Ciência e Tecnologia de São Paulo";"Ministério da Educação";"42.490,36";"4 - Investimentos";"52 - Equipamentos e Material Permanente";"90 - Aplicações Diretas";"0000 - FUNCIONAMENTO DE INSTITUICOES FEDERAIS DE EDUCACAO PROFISSIONAL E TECNOLOGICA - DESPESAS DIVERSAS";"0000";"12 - Educação";"363 - Ensino profissional";"20RL0035 - FUNCIONAMENTO DAS INSTITUICOES DA RED - NO ESTADO DE SAO PAU";"2080 - EDUCACAO DE QUALIDADE PARA TODOS";"20RL - FUNCIONAMENTO DAS INSTITUICOES DA REDE FEDERAL DE EDUCACAO PROFISSIONAL, CIENTIFICA E TECNOLOGICA";
"07/11/2016";"158716264392016NE800068";"0035 - FUNCIONAMENTO DAS INSTITUICOES DA RED - NO ESTADO DE SAO PAU";"Empenho";"ORIGINAL";"06.241.041/0001-56 - ALVES & CABRAL LTDA";"SP";"IFSP - CAMPUS JACAREI";"INST.FED.DE EDUC.,CIENC.E TEC.DE SAO PAULO";"Instituto Federal de Educação, Ciência e Tecnologia de São Paulo";"Ministério da Educação";"195,70";"3 - Outras Despesas Correntes";"30 - Material de Consumo";"90 - Aplicações Diretas";"0000 - FUNCIONAMENTO DE INSTITUICOES FEDERAIS DE EDUCACAO PROFISSIONAL E TECNOLOGICA - DESPESAS DIVERSAS";"0000";"12 - Educação";"363 - Ensino profissional";"20RL0035 - FUNCIONAMENTO DAS INSTITUICOES DA RED - NO ESTADO DE SAO PAU";"2080 - EDUCACAO DE QUALIDADE PARA TODOS";"20RL - FUNCIONAMENTO DAS INSTITUICOES DA REDE FEDERAL DE EDUCACAO PROFISSIONAL, CIENTIFICA E TECNOLOGICA";
"08/11/2016";"158716264392016NE800069";"0035 - FUNCIONAMENTO DAS INSTITUICOES DA RED - NO ESTADO DE SAO PAU";"Empenho";"ORIGINAL";"11.093.505/0001-64 - LIVRARIA GP LTDA";"PR";"IFSP - CAMPUS JACAREI";"INST.FED.DE EDUC.,CIENC.E TEC.DE SAO PAULO";"Instituto Federal de Educação, Ciência e Tecnologia de São Paulo";"Ministério da Educação";"43.841,12";"4 - Investimentos";"52 - Equipamentos e Material Permanente";"90 - Aplicações Diretas";"0000 - FUNCIONAMENTO DE INSTITUICOES FEDERAIS DE EDUCACAO PROFISSIONAL E TECNOLOGICA - DESPESAS DIVERSAS";"0000";"12 - Educação";"363 - Ensino profissional";"20RL0035 - FUNCIONAMENTO DAS INSTITUICOES DA RED - NO ESTADO DE SAO PAU";"2080 - EDUCACAO DE QUALIDADE PARA TODOS";"20RL - FUNCIONAMENTO DAS INSTITUICOES DA REDE FEDERAL DE EDUCACAO PROFISSIONAL, CIENTIFICA E TECNOLOGICA";
"10/11/2016";"158716264392016NE800070";"0035 - FUNCIONAMENTO DAS INSTITUICOES DA RED - NO ESTADO DE SAO PAU";"Empenho";"ORIGINAL";"19.165.561/0001-79 - B.R.B. DE RAMOS";"SP";"IFSP - CAMPUS JACAREI";"INST.FED.DE EDUC.,CIENC.E TEC.DE SAO PAULO";"Instituto Federal de Educação, Ciência e Tecnologia de São Paulo";"Ministério da Educação";"1.138,98";"4 - Investimentos";"52 - Equipamentos e Material Permanente";"90 - Aplicações Diretas";"0000 - FUNCIONAMENTO DE INSTITUICOES FEDERAIS DE EDUCACAO PROFISSIONAL E TECNOLOGICA - DESPESAS DIVERSAS";"0000";"12 - Educação";"363 - Ensino profissional";"20RL0035 - FUNCIONAMENTO DAS INSTITUICOES DA RED - NO ESTADO DE SAO PAU";"2080 - EDUCACAO DE QUALIDADE PARA TODOS";"20RL - FUNCIONAMENTO DAS INSTITUICOES DA REDE FEDERAL DE EDUCACAO PROFISSIONAL, CIENTIFICA E TECNOLOGICA";
"10/11/2016";"158716264392016NE800071";"0035 - FUNCIONAMENTO DAS INSTITUICOES DA RED - NO ESTADO DE SAO PAU";"Empenho";"ORIGINAL";"05.933.053/0001-89 - EDITORA GRAFICA RIO CIDADE LTDA";"RJ";"IFSP - CAMPUS JACAREI";"INST.FED.DE EDUC.,CIENC.E TEC.DE SAO PAULO";"Instituto Federal de Educação, Ciência e Tecnologia de São Paulo";"Ministério da Educação";"4.726,80";"4 - Investimentos";"52 - Equipamentos e Material Permanente";"90 - Aplicações Diretas";"0000 - FUNCIONAMENTO DE INSTITUICOES FEDERAIS DE EDUCACAO PROFISSIONAL E TECNOLOGICA - DESPESAS DIVERSAS";"0000";"12 - Educação";"363 - Ensino profissional";"20RL0035 - FUNCIONAMENTO DAS INSTITUICOES DA RED - NO ESTADO DE SAO PAU";"2080 - EDUCACAO DE QUALIDADE PARA TODOS";"20RL - FUNCIONAMENTO DAS INSTITUICOES DA REDE FEDERAL DE EDUCACAO PROFISSIONAL, CIENTIFICA E TECNOLOGICA";
"10/11/2016";"158716264392016NE800072";"0035 - FUNCIONAMENTO DAS INSTITUICOES DA RED - NO ESTADO DE SAO PAU";"Empenho";"ORIGINAL";"11.093.505/0001-64 - LIVRARIA GP LTDA";"PR";"IFSP - CAMPUS JACAREI";"INST.FED.DE EDUC.,CIENC.E TEC.DE SAO PAULO";"Instituto Federal de Educação, Ciência e Tecnologia de São Paulo";"Ministério da Educação";"2.803,68";"4 - Investimentos";"52 - Equipamentos e Material Permanente";"90 - Aplicações Diretas";"0000 - FUNCIONAMENTO DE INSTITUICOES FEDERAIS DE EDUCACAO PROFISSIONAL E TECNOLOGICA - DESPESAS DIVERSAS";"0000";"12 - Educação";"363 - Ensino profissional";"20RL0035 - FUNCIONAMENTO DAS INSTITUICOES DA RED - NO ESTADO DE SAO PAU";"2080 - EDUCACAO DE QUALIDADE PARA TODOS";"20RL - FUNCIONAMENTO DAS INSTITUICOES DA REDE FEDERAL DE EDUCACAO PROFISSIONAL, CIENTIFICA E TECNOLOGICA";
"10/11/2016";"158716264392016NE800073";"0035 - FUNCIONAMENTO DAS INSTITUICOES DA RED - NO ESTADO DE SAO PAU";"Empenho";"ORIGINAL";"10.205.116/0001-10 - COMERCIO SILVEIRA ATACADISTA DE MOVEIS MOGI MIRIM LTDA";"SP";"IFSP - CAMPUS JACAREI";"INST.FED.DE EDUC.,CIENC.E TEC.DE SAO PAULO";"Instituto Federal de Educação, Ciência e Tecnologia de São Paulo";"Ministério da Educação";"920,00";"4 - Investimentos";"52 - Equipamentos e Material Permanente";"90 - Aplicações Diretas";"0000 - FUNCIONAMENTO DE INSTITUICOES FEDERAIS DE EDUCACAO PROFISSIONAL E TECNOLOGICA - DESPESAS DIVERSAS";"0000";"12 - Educação";"363 - Ensino profissional";"20RL0035 - FUNCIONAMENTO DAS INSTITUICOES DA RED - NO ESTADO DE SAO PAU";"2080 - EDUCACAO DE QUALIDADE PARA TODOS";"20RL - FUNCIONAMENTO DAS INSTITUICOES DA REDE FEDERAL DE EDUCACAO PROFISSIONAL, CIENTIFICA E TECNOLOGICA";
"10/11/2016";"158716264392016NE800074";"0035 - FUNCIONAMENTO DAS INSTITUICOES DA RED - NO ESTADO DE SAO PAU";"Empenho";"ORIGINAL";"04.627.625/0001-39 - MIRANTI INDUSTRIA DE MOVEIS PARA ESCRITORIO LTDA";"RS";"IFSP - CAMPUS JACAREI";"INST.FED.DE EDUC.,CIENC.E TEC.DE SAO PAULO";"Instituto Federal de Educação, Ciência e Tecnologia de São Paulo";"Ministério da Educação";"5.450,00";"4 - Investimentos";"52 - Equipamentos e Material Permanente";"90 - Aplicações Diretas";"0000 - FUNCIONAMENTO DE INSTITUICOES FEDERAIS DE EDUCACAO PROFISSIONAL E TECNOLOGICA - DESPESAS DIVERSAS";"0000";"12 - Educação";"363 - Ensino profissional";"20RL0035 - FUNCIONAMENTO DAS INSTITUICOES DA RED - NO ESTADO DE SAO PAU";"2080 - EDUCACAO DE QUALIDADE PARA TODOS";"20RL - FUNCIONAMENTO DAS INSTITUICOES DA REDE FEDERAL DE EDUCACAO PROFISSIONAL, CIENTIFICA E TECNOLOGICA";
"12/12/2016";"158716264392016NE800075";"0035 - FUNCIONAMENTO DAS INSTITUICOES DA RED - NO ESTADO DE SAO PAU";"Empenho";"ORIGINAL";"67.795.682/0001-47 - AMAD - COMERCIO E TRANSPORTE DE GAS LTDA";"SP";"IFSP - CAMPUS JACAREI";"INST.FED.DE EDUC.,CIENC.E TEC.DE SAO PAULO";"Instituto Federal de Educação, Ciência e Tecnologia de São Paulo";"Ministério da Educação";"231,00";"3 - Outras Despesas Correntes";"30 - Material de Consumo";"90 - Aplicações Diretas";"0000 - FUNCIONAMENTO DE INSTITUICOES FEDERAIS DE EDUCACAO PROFISSIONAL E TECNOLOGICA - DESPESAS DIVERSAS";"0000";"12 - Educação";"363 - Ensino profissional";"20RL0035 - FUNCIONAMENTO DAS INSTITUICOES DA RED - NO ESTADO DE SAO PAU";"2080 - EDUCACAO DE QUALIDADE PARA TODOS";"20RL - FUNCIONAMENTO DAS INSTITUICOES DA REDE FEDERAL DE EDUCACAO PROFISSIONAL, CIENTIFICA E TECNOLOGICA";
"12/12/2016";"158716264392016NE800076";"0035 - FUNCIONAMENTO DAS INSTITUICOES DA RED - NO ESTADO DE SAO PAU";"Empenho";"ORIGINAL";"67.795.682/0001-47 - AMAD - COMERCIO E TRANSPORTE DE GAS LTDA";"SP";"IFSP - CAMPUS JACAREI";"INST.FED.DE EDUC.,CIENC.E TEC.DE SAO PAULO";"Instituto Federal de Educação, Ciência e Tecnologia de São Paulo";"Ministério da Educação";"413,40";"4 - Investimentos";"52 - Equipamentos e Material Permanente";"90 - Aplicações Diretas";"0000 - FUNCIONAMENTO DE INSTITUICOES FEDERAIS DE EDUCACAO PROFISSIONAL E TECNOLOGICA - DESPESAS DIVERSAS";"0000";"12 - Educação";"363 - Ensino profissional";"20RL0035 - FUNCIONAMENTO DAS INSTITUICOES DA RED - NO ESTADO DE SAO PAU";"2080 - EDUCACAO DE QUALIDADE PARA TODOS";"20RL - FUNCIONAMENTO DAS INSTITUICOES DA REDE FEDERAL DE EDUCACAO PROFISSIONAL, CIENTIFICA E TECNOLOGICA";
"12/12/2016";"158716264392016NE800077";"0035 - FUNCIONAMENTO DAS INSTITUICOES DA RED - NO ESTADO DE SAO PAU";"Empenho";"ANULAÇÃO";"10.928.126/0001-84 - REAK SEGURANCA E VIGILANCIA PATRIMONIAL LTDA";"SP";"IFSP - CAMPUS JACAREI";"INST.FED.DE EDUC.,CIENC.E TEC.DE SAO PAULO";"Instituto Federal de Educação, Ciência e Tecnologia de São Paulo";"Ministério da Educação";"917,02";"3 - Outras Despesas Correntes";"37 - Locação de Mão-de-Obra";"90 - Aplicações Diretas";"0000 - FUNCIONAMENTO DE INSTITUICOES FEDERAIS DE EDUCACAO PROFISSIONAL E TECNOLOGICA - DESPESAS DIVERSAS";"0000";"12 - Educação";"363 - Ensino profissional";"20RL0035 - FUNCIONAMENTO DAS INSTITUICOES DA RED - NO ESTADO DE SAO PAU";"2080 - EDUCACAO DE QUALIDADE PARA TODOS";"20RL - FUNCIONAMENTO DAS INSTITUICOES DA REDE FEDERAL DE EDUCACAO PROFISSIONAL, CIENTIFICA E TECNOLOGICA";
"12/12/2016";"158716264392016NE800078";"0035 - FUNCIONAMENTO DAS INSTITUICOES DA RED - NO ESTADO DE SAO PAU";"Empenho";"REFORÇO";"48.962.625/0001-60 - SAAE SERVICO AUTONOMO DE AGUA E ESGOTO DE JACAREI";"SP";"IFSP - CAMPUS JACAREI";"INST.FED.DE EDUC.,CIENC.E TEC.DE SAO PAULO";"Instituto Federal de Educação, Ciência e Tecnologia de São Paulo";"Ministério da Educação";"917,02";"3 - Outras Despesas Correntes";"39 - Outros Serviços de Terceiros - Pessoa Jurídica";"90 - Aplicações Diretas";"0000 - FUNCIONAMENTO DE INSTITUICOES FEDERAIS DE EDUCACAO PROFISSIONAL E TECNOLOGICA - DESPESAS DIVERSAS";"0000";"12 - Educação";"363 - Ensino profissional";"20RL0035 - FUNCIONAMENTO DAS INSTITUICOES DA RED - NO ESTADO DE SAO PAU";"2080 - EDUCACAO DE QUALIDADE PARA TODOS";"20RL - FUNCIONAMENTO DAS INSTITUICOES DA REDE FEDERAL DE EDUCACAO PROFISSIONAL, CIENTIFICA E TECNOLOGICA";
"13/12/2016";"158716264392016NE800079";"0035 - FUNCIONAMENTO DAS INSTITUICOES DA RED - NO ESTADO DE SAO PAU";"Empenho";"ANULAÇÃO";"07.147.016/0001-70 - TJ TERCEIRIZACAO DE MAO DE OBRA LTDA";"SP";"IFSP - CAMPUS JACAREI";"INST.FED.DE EDUC.,CIENC.E TEC.DE SAO PAULO";"Instituto Federal de Educação, Ciência e Tecnologia de São Paulo";"Ministério da Educação";"1.842,38";"3 - Outras Despesas Correntes";"37 - Locação de Mão-de-Obra";"90 - Aplicações Diretas";"0000 - FUNCIONAMENTO DE INSTITUICOES FEDERAIS DE EDUCACAO PROFISSIONAL E TECNOLOGICA - DESPESAS DIVERSAS";"0000";"12 - Educação";"363 - Ensino profissional";"20RL0035 - FUNCIONAMENTO DAS INSTITUICOES DA RED - NO ESTADO DE SAO PAU";"2080 - EDUCACAO DE QUALIDADE PARA TODOS";"20RL - FUNCIONAMENTO DAS INSTITUICOES DA REDE FEDERAL DE EDUCACAO PROFISSIONAL, CIENTIFICA E TECNOLOGICA";
"13/12/2016";"158716264392016NE800080";"0035 - FUNCIONAMENTO DAS INSTITUICOES DA RED - NO ESTADO DE SAO PAU";"Empenho";"REFORÇO";"02.302.100/0001-06 - EDP SAO PAULO DISTRIBUICAO DE ENERGIA S.A.";"SP";"IFSP - CAMPUS JACAREI";"INST.FED.DE EDUC.,CIENC.E TEC.DE SAO PAULO";"Instituto Federal de Educação, Ciência e Tecnologia de São Paulo";"Ministério da Educação";"1.842,38";"3 - Outras Despesas Correntes";"39 - Outros Serviços de Terceiros - Pessoa Jurídica";"90 - Aplicações Diretas";"0000 - FUNCIONAMENTO DE INSTITUICOES FEDERAIS DE EDUCACAO PROFISSIONAL E TECNOLOGICA - DESPESAS DIVERSAS";"0000";"12 - Educação";"363 - Ensino profissional";"20RL0035 - FUNCIONAMENTO DAS INSTITUICOES DA RED - NO ESTADO DE SAO PAU";"2080 - EDUCACAO DE QUALIDADE PARA TODOS";"20RL - FUNCIONAMENTO DAS INSTITUICOES DA REDE FEDERAL DE EDUCACAO PROFISSIONAL, CIENTIFICA E TECNOLOGICA";
"15/12/2016";"158716264392016NE000035";"0035 - FUNCIONAMENTO DAS INSTITUICOES DA RED - NO ESTADO DE SAO PAU";"Empenho";"ANULAÇÃO";"158716 - IFSP - CAMPUS JACAREI";"SP";"IFSP - CAMPUS JACAREI";"INST.FED.DE EDUC.,CIENC.E TEC.DE SAO PAULO";"Instituto Federal de Educação, Ciência e Tecnologia de São Paulo";"Ministério da Educação";"1.205,00";"3 - Outras Despesas Correntes";"18 - Auxílio Financeiro a Estudantes";"90 - Aplicações Diretas";"0000 - FUNCIONAMENTO DE INSTITUICOES FEDERAIS DE EDUCACAO PROFISSIONAL E TECNOLOGICA - DESPESAS DIVERSAS";"0000";"12 - Educação";"363 - Ensino profissional";"20RL0035 - FUNCIONAMENTO DAS INSTITUICOES DA RED - NO ESTADO DE SAO PAU";"2080 - EDUCACAO DE QUALIDADE PARA TODOS";"20RL - FUNCIONAMENTO DAS INSTITUICOES DA REDE FEDERAL DE EDUCACAO PROFISSIONAL, CIENTIFICA E TECNOLOGICA";
"15/12/2016";"158716264392016NE000036";"0035 - FUNCIONAMENTO DAS INSTITUICOES DA RED - NO ESTADO DE SAO PAU";"Empenho";"ANULAÇÃO";"158716 - IFSP - CAMPUS JACAREI";"SP";"IFSP - CAMPUS JACAREI";"INST.FED.DE EDUC.,CIENC.E TEC.DE SAO PAULO";"Instituto Federal de Educação, Ciência e Tecnologia de São Paulo";"Ministério da Educação";"1.333,35";"3 - Outras Despesas Correntes";"18 - Auxílio Financeiro a Estudantes";"90 - Aplicações Diretas";"0000 - FUNCIONAMENTO DE INSTITUICOES FEDERAIS DE EDUCACAO PROFISSIONAL E TECNOLOGICA - DESPESAS DIVERSAS";"0000";"12 - Educação";"363 - Ensino profissional";"20RL0035 - FUNCIONAMENTO DAS INSTITUICOES DA RED - NO ESTADO DE SAO PAU";"2080 - EDUCACAO DE QUALIDADE PARA TODOS";"20RL - FUNCIONAMENTO DAS INSTITUICOES DA REDE FEDERAL DE EDUCACAO PROFISSIONAL, CIENTIFICA E TECNOLOGICA";
"15/12/2016";"158716264392016NE000037";"0035 - FUNCIONAMENTO DAS INSTITUICOES DA RED - NO ESTADO DE SAO PAU";"Empenho";"ANULAÇÃO";"158716 - IFSP - CAMPUS JACAREI";"SP";"IFSP - CAMPUS JACAREI";"INST.FED.DE EDUC.,CIENC.E TEC.DE SAO PAULO";"Instituto Federal de Educação, Ciência e Tecnologia de São Paulo";"Ministério da Educação";"963,60";"3 - Outras Despesas Correntes";"18 - Auxílio Financeiro a Estudantes";"90 - Aplicações Diretas";"0000 - FUNCIONAMENTO DE INSTITUICOES FEDERAIS DE EDUCACAO PROFISSIONAL E TECNOLOGICA - DESPESAS DIVERSAS";"0000";"12 - Educação";"363 - Ensino profissional";"20RL0035 - FUNCIONAMENTO DAS INSTITUICOES DA RED - NO ESTADO DE SAO PAU";"2080 - EDUCACAO DE QUALIDADE PARA TODOS";"20RL - FUNCIONAMENTO DAS INSTITUICOES DA REDE FEDERAL DE EDUCACAO PROFISSIONAL, CIENTIFICA E TECNOLOGICA";
"15/12/2016";"158716264392016NE000038";"0035 - FUNCIONAMENTO DAS INSTITUICOES DA RED - NO ESTADO DE SAO PAU";"Empenho";"ANULAÇÃO";"158716 - IFSP - CAMPUS JACAREI";"SP";"IFSP - CAMPUS JACAREI";"INST.FED.DE EDUC.,CIENC.E TEC.DE SAO PAULO";"Instituto Federal de Educação, Ciência e Tecnologia de São Paulo";"Ministério da Educação";"973,36";"3 - Outras Despesas Correntes";"14 - Diárias - Civil";"90 - Aplicações Diretas";"0000 - FUNCIONAMENTO DE INSTITUICOES FEDERAIS DE EDUCACAO PROFISSIONAL E TECNOLOGICA - DESPESAS DIVERSAS";"0000";"12 - Educação";"363 - Ensino profissional";"20RL0035 - FUNCIONAMENTO DAS INSTITUICOES DA RED - NO ESTADO DE SAO PAU";"2080 - EDUCACAO DE QUALIDADE PARA TODOS";"20RL - FUNCIONAMENTO DAS INSTITUICOES DA REDE FEDERAL DE EDUCACAO PROFISSIONAL, CIENTIFICA E TECNOLOGICA";
"15/12/2016";"158716264392016NE000039";"0035 - FUNCIONAMENTO DAS INSTITUICOES DA RED - NO ESTADO DE SAO PAU";"Empenho";"ANULAÇÃO";"158716 - IFSP - CAMPUS JACAREI";"SP";"IFSP - CAMPUS JACAREI";"INST.FED.DE EDUC.,CIENC.E TEC.DE SAO PAULO";"Instituto Federal de Educação, Ciência e Tecnologia de São Paulo";"Ministério da Educação";"780,00";"3 - Outras Despesas Correntes";"18 - Auxílio Financeiro a Estudantes";"90 - Aplicações Diretas";"0000 - FUNCIONAMENTO DE INSTITUICOES FEDERAIS DE EDUCACAO PROFISSIONAL E TECNOLOGICA - DESPESAS DIVERSAS";"0000";"12 - Educação";"363 - Ensino profissional";"20RL0035 - FUNCIONAMENTO DAS INSTITUICOES DA RED - NO ESTADO DE SAO PAU";"2080 - EDUCACAO DE QUALIDADE PARA TODOS";"20RL - FUNCIONAMENTO DAS INSTITUICOES DA REDE FEDERAL DE EDUCACAO PROFISSIONAL, CIENTIFICA E TECNOLOGICA";
"15/12/2016";"158716264392016NE800081";"0035 - FUNCIONAMENTO DAS INSTITUICOES DA RED - NO ESTADO DE SAO PAU";"Empenho";"ANULAÇÃO";"40.432.544/0001-47 - CLARO S.A.";"SP";"IFSP - CAMPUS JACAREI";"INST.FED.DE EDUC.,CIENC.E TEC.DE SAO PAULO";"Instituto Federal de Educação, Ciência e Tecnologia de São Paulo";"Ministério da Educação";"669,14";"3 - Outras Despesas Correntes";"39 - Outros Serviços de Terceiros - Pessoa Jurídica";"90 - Aplicações Diretas";"0000 - FUNCIONAMENTO DE INSTITUICOES FEDERAIS DE EDUCACAO PROFISSIONAL E TECNOLOGICA - DESPESAS DIVERSAS";"0000";"12 - Educação";"363 - Ensino profissional";"20RL0035 - FUNCIONAMENTO DAS INSTITUICOES DA RED - NO ESTADO DE SAO PAU";"2080 - EDUCACAO DE QUALIDADE PARA TODOS";"20RL - FUNCIONAMENTO DAS INSTITUICOES DA REDE FEDERAL DE EDUCACAO PROFISSIONAL, CIENTIFICA E TECNOLOGICA";
"15/12/2016";"158716264392016NE800082";"0035 - FUNCIONAMENTO DAS INSTITUICOES DA RED - NO ESTADO DE SAO PAU";"Empenho";"REFORÇO";"48.962.625/0001-60 - SAAE SERVICO AUTONOMO DE AGUA E ESGOTO DE JACAREI";"SP";"IFSP - CAMPUS JACAREI";"INST.FED.DE EDUC.,CIENC.E TEC.DE SAO PAULO";"Instituto Federal de Educação, Ciência e Tecnologia de São Paulo";"Ministério da Educação";"5.924,45";"3 - Outras Despesas Correntes";"39 - Outros Serviços de Terceiros - Pessoa Jurídica";"90 - Aplicações Diretas";"0000 - FUNCIONAMENTO DE INSTITUICOES FEDERAIS DE EDUCACAO PROFISSIONAL E TECNOLOGICA - DESPESAS DIVERSAS";"0000";"12 - Educação";"363 - Ensino profissional";"20RL0035 - FUNCIONAMENTO DAS INSTITUICOES DA RED - NO ESTADO DE SAO PAU";"2080 - EDUCACAO DE QUALIDADE PARA TODOS";"20RL - FUNCIONAMENTO DAS INSTITUICOES DA REDE FEDERAL DE EDUCACAO PROFISSIONAL, CIENTIFICA E TECNOLOGICA";
"19/12/2016";"158716264392016NE800083";"0035 - FUNCIONAMENTO DAS INSTITUICOES DA RED - NO ESTADO DE SAO PAU";"Empenho";"ANULAÇÃO";"13.159.833/0001-41 - ROMAGAZINE EIRELI";"SP";"IFSP - CAMPUS JACAREI";"INST.FED.DE EDUC.,CIENC.E TEC.DE SAO PAULO";"Instituto Federal de Educação, Ciência e Tecnologia de São Paulo";"Ministério da Educação";"873,26";"4 - Investimentos";"52 - Equipamentos e Material Permanente";"90 - Aplicações Diretas";"0000 - FUNCIONAMENTO DE INSTITUICOES FEDERAIS DE EDUCACAO PROFISSIONAL E TECNOLOGICA - DESPESAS DIVERSAS";"0000";"12 - Educação";"363 - Ensino profissional";"20RL0035 - FUNCIONAMENTO DAS INSTITUICOES DA RED - NO ESTADO DE SAO PAU";"2080 - EDUCACAO DE QUALIDADE PARA TODOS";"20RL - FUNCIONAMENTO DAS INSTITUICOES DA REDE FEDERAL DE EDUCACAO PROFISSIONAL, CIENTIFICA E TECNOLOGICA";
"19/12/2016";"158716264392016NE800084";"0035 - FUNCIONAMENTO DAS INSTITUICOES DA RED - NO ESTADO DE SAO PAU";"Empenho";"ORIGINAL";"17.200.802/0001-48 - TIGRA COMERCIO E SERVICOS DE INFORMATICA LTDA";"SP";"IFSP - CAMPUS JACAREI";"INST.FED.DE EDUC.,CIENC.E TEC.DE SAO PAULO";"Instituto Federal de Educação, Ciência e Tecnologia de São Paulo";"Ministério da Educação";"674,70";"4 - Investimentos";"52 - Equipamentos e Material Permanente";"90 - Aplicações Diretas";"0000 - FUNCIONAMENTO DE INSTITUICOES FEDERAIS DE EDUCACAO PROFISSIONAL E TECNOLOGICA - DESPESAS DIVERSAS";"0000";"12 - Educação";"363 - Ensino profissional";"20RL0035 - FUNCIONAMENTO DAS INSTITUICOES DA RED - NO ESTADO DE SAO PAU";"2080 - EDUCACAO DE QUALIDADE PARA TODOS";"20RL - FUNCIONAMENTO DAS INSTITUICOES DA REDE FEDERAL DE EDUCACAO PROFISSIONAL, CIENTIFICA E TECNOLOGICA";
"19/12/2016";"158716264392016NE800085";"0035 - FUNCIONAMENTO DAS INSTITUICOES DA RED - NO ESTADO DE SAO PAU";"Empenho";"ANULAÇÃO";"48.962.625/0001-60 - SAAE SERVICO AUTONOMO DE AGUA E ESGOTO DE JACAREI";"SP";"IFSP - CAMPUS JACAREI";"INST.FED.DE EDUC.,CIENC.E TEC.DE SAO PAULO";"Instituto Federal de Educação, Ciência e Tecnologia de São Paulo";"Ministério da Educação";"3.679,50";"3 - Outras Despesas Correntes";"39 - Outros Serviços de Terceiros - Pessoa Jurídica";"90 - Aplicações Diretas";"0000 - FUNCIONAMENTO DE INSTITUICOES FEDERAIS DE EDUCACAO PROFISSIONAL E TECNOLOGICA - DESPESAS DIVERSAS";"0000";"12 - Educação";"363 - Ensino profissional";"20RL0035 - FUNCIONAMENTO DAS INSTITUICOES DA RED - NO ESTADO DE SAO PAU";"2080 - EDUCACAO DE QUALIDADE PARA TODOS";"20RL - FUNCIONAMENTO DAS INSTITUICOES DA REDE FEDERAL DE EDUCACAO PROFISSIONAL, CIENTIFICA E TECNOLOGICA";
"19/12/2016";"158716264392016NE800086";"0035 - FUNCIONAMENTO DAS INSTITUICOES DA RED - NO ESTADO DE SAO PAU";"Empenho";"ORIGINAL";"04.996.048/0001-52 - NAVIZO MATERIAIS ELETRONICOS E SERVICOS EM EQUIPAMENTOS DE INFORMATICA LTDA";"RJ";"IFSP - CAMPUS JACAREI";"INST.FED.DE EDUC.,CIENC.E TEC.DE SAO PAULO";"Instituto Federal de Educação, Ciência e Tecnologia de São Paulo";"Ministério da Educação";"2.898,50";"3 - Outras Despesas Correntes";"30 - Material de Consumo";"90 - Aplicações Diretas";"0000 - FUNCIONAMENTO DE INSTITUICOES FEDERAIS DE EDUCACAO PROFISSIONAL E TECNOLOGICA - DESPESAS DIVERSAS";"0000";"12 - Educação";"363 - Ensino profissional";"20RL0035 - FUNCIONAMENTO DAS INSTITUICOES DA RED - NO ESTADO DE SAO PAU";"2080 - EDUCACAO DE QUALIDADE PARA TODOS";"20RL - FUNCIONAMENTO DAS INSTITUICOES DA REDE FEDERAL DE EDUCACAO PROFISSIONAL, CIENTIFICA E TECNOLOGICA";
"19/12/2016";"158716264392016NE800087";"0035 - FUNCIONAMENTO DAS INSTITUICOES DA RED - NO ESTADO DE SAO PAU";"Empenho";"ORIGINAL";"16.500.873/0001-01 - TROVO COMERCIAL ELETRICA LTDA";"SP";"IFSP - CAMPUS JACAREI";"INST.FED.DE EDUC.,CIENC.E TEC.DE SAO PAULO";"Instituto Federal de Educação, Ciência e Tecnologia de São Paulo";"Ministério da Educação";"598,00";"3 - Outras Despesas Correntes";"30 - Material de Consumo";"90 - Aplicações Diretas";"0000 - FUNCIONAMENTO DE INSTITUICOES FEDERAIS DE EDUCACAO PROFISSIONAL E TECNOLOGICA - DESPESAS DIVERSAS";"0000";"12 - Educação";"363 - Ensino profissional";"20RL0035 - FUNCIONAMENTO DAS INSTITUICOES DA RED - NO ESTADO DE SAO PAU";"2080 - EDUCACAO DE QUALIDADE PARA TODOS";"20RL - FUNCIONAMENTO DAS INSTITUICOES DA REDE FEDERAL DE EDUCACAO PROFISSIONAL, CIENTIFICA E TECNOLOGICA";
"19/12/2016";"158716264392016NE800088";"0035 - FUNCIONAMENTO DAS INSTITUICOES DA RED - NO ESTADO DE SAO PAU";"Empenho";"ORIGINAL";"16.500.873/0001-01 - TROVO COMERCIAL ELETRICA LTDA";"SP";"IFSP - CAMPUS JACAREI";"INST.FED.DE EDUC.,CIENC.E TEC.DE SAO PAULO";"Instituto Federal de Educação, Ciência e Tecnologia de São Paulo";"Ministério da Educação";"183,00";"3 - Outras Despesas Correntes";"30 - Material de Consumo";"90 - Aplicações Diretas";"0000 - FUNCIONAMENTO DE INSTITUICOES FEDERAIS DE EDUCACAO PROFISSIONAL E TECNOLOGICA - DESPESAS DIVERSAS";"0000";"12 - Educação";"363 - Ensino profissional";"20RL0035 - FUNCIONAMENTO DAS INSTITUICOES DA RED - NO ESTADO DE SAO PAU";"2080 - EDUCACAO DE QUALIDADE PARA TODOS";"20RL - FUNCIONAMENTO DAS INSTITUICOES DA REDE FEDERAL DE EDUCACAO PROFISSIONAL, CIENTIFICA E TECNOLOGICA";
"20/12/2016";"158716264392016NE800089";"0035 - FUNCIONAMENTO DAS INSTITUICOES DA RED - NO ESTADO DE SAO PAU";"Empenho";"ANULAÇÃO";"48.962.625/0001-60 - SAAE SERVICO AUTONOMO DE AGUA E ESGOTO DE JACAREI";"SP";"IFSP - CAMPUS JACAREI";"INST.FED.DE EDUC.,CIENC.E TEC.DE SAO PAULO";"Instituto Federal de Educação, Ciência e Tecnologia de São Paulo";"Ministério da Educação";"4.027,36";"3 - Outras Despesas Correntes";"39 - Outros Serviços de Terceiros - Pessoa Jurídica";"90 - Aplicações Diretas";"0000 - FUNCIONAMENTO DE INSTITUICOES FEDERAIS DE EDUCACAO PROFISSIONAL E TECNOLOGICA - DESPESAS DIVERSAS";"0000";"12 - Educação";"363 - Ensino profissional";"20RL0035 - FUNCIONAMENTO DAS INSTITUICOES DA RED - NO ESTADO DE SAO PAU";"2080 - EDUCACAO DE QUALIDADE PARA TODOS";"20RL - FUNCIONAMENTO DAS INSTITUICOES DA REDE FEDERAL DE EDUCACAO PROFISSIONAL, CIENTIFICA E TECNOLOGICA";
"20/12/2016";"158716264392016NE800090";"0035 - REESTRUTURACAO E MODERNIZACAO DAS INS - NO ESTADO DE SAO PAU";"Empenho";"ORIGINAL";"10.596.399/0001-79 - ATLANTIS COMERCIO DE MAQUINAS E EQUIPAMENTOS EIRELI";"SC";"IFSP - CAMPUS JACAREI";"INST.FED.DE EDUC.,CIENC.E TEC.DE SAO PAULO";"Instituto Federal de Educação, Ciência e Tecnologia de São Paulo";"Ministério da Educação";"295,98";"4 - Investimentos";"52 - Equipamentos e Material Permanente";"90 - Aplicações Diretas";"0002 - PRONATEC";"0000";"12 - Educação";"363 - Ensino profissional";"20RG0035 - REESTRUTURACAO E MODERNIZACAO DAS INS - NO ESTADO DE SAO PAU";"2080 - EDUCACAO DE QUALIDADE PARA TODOS";"20RG - REESTRUTURACAO E MODERNIZACAO DAS INSTITUICOES DA REDE FEDERAL DE EDUCACAO PROFISSIONAL, CIENTIFICA E TECNOLOGICA";
"20/12/2016";"158716264392016NE800091";"0035 - REESTRUTURACAO E MODERNIZACAO DAS INS - NO ESTADO DE SAO PAU";"Empenho";"ORIGINAL";"10.205.116/0001-10 - COMERCIO SILVEIRA ATACADISTA DE MOVEIS MOGI MIRIM LTDA";"SP";"IFSP - CAMPUS JACAREI";"INST.FED.DE EDUC.,CIENC.E TEC.DE SAO PAULO";"Instituto Federal de Educação, Ciência e Tecnologia de São Paulo";"Ministério da Educação";"1.368,05";"4 - Investimentos";"52 - Equipamentos e Material Permanente";"90 - Aplicações Diretas";"0002 - PRONATEC";"0000";"12 - Educação";"363 - Ensino profissional";"20RG0035 - REESTRUTURACAO E MODERNIZACAO DAS INS - NO ESTADO DE SAO PAU";"2080 - EDUCACAO DE QUALIDADE PARA TODOS";"20RG - REESTRUTURACAO E MODERNIZACAO DAS INSTITUICOES DA REDE FEDERAL DE EDUCACAO PROFISSIONAL, CIENTIFICA E TECNOLOGICA";
"20/12/2016";"158716264392016NE800092";"0035 - REESTRUTURACAO E MODERNIZACAO DAS INS - NO ESTADO DE SAO PAU";"Empenho";"ORIGINAL";"04.869.711/0001-58 - FLEXIBASE INDUSTRIA E COMERCIO DE MOVEIS, IMPORTACAO E EXPORTACAO LTDA";"GO";"IFSP - CAMPUS JACAREI";"INST.FED.DE EDUC.,CIENC.E TEC.DE SAO PAULO";"Instituto Federal de Educação, Ciência e Tecnologia de São Paulo";"Ministério da Educação";"1.280,00";"4 - Investimentos";"52 - Equipamentos e Material Permanente";"90 - Aplicações Diretas";"0002 - PRONATEC";"0000";"12 - Educação";"363 - Ensino profissional";"20RG0035 - REESTRUTURACAO E MODERNIZACAO DAS INS - NO ESTADO DE SAO PAU";"2080 - EDUCACAO DE QUALIDADE PARA TODOS";"20RG - REESTRUTURACAO E MODERNIZACAO DAS INSTITUICOES DA REDE FEDERAL DE EDUCACAO PROFISSIONAL, CIENTIFICA E TECNOLOGICA";
"20/12/2016";"158716264392016NE800093";"0035 - REESTRUTURACAO E MODERNIZACAO DAS INS - NO ESTADO DE SAO PAU";"Empenho";"ORIGINAL";"01.166.738/0001-96 - ITALIA OFFICE COMERCIO E SERVICOS DE MOVEIS LTDA";"SP";"IFSP - CAMPUS JACAREI";"INST.FED.DE EDUC.,CIENC.E TEC.DE SAO PAULO";"Instituto Federal de Educação, Ciência e Tecnologia de São Paulo";"Ministério da Educação";"580,00";"4 - Investimentos";"52 - Equipamentos e Material Permanente";"90 - Aplicações Diretas";"0002 - PRONATEC";"0000";"12 - Educação";"363 - Ensino profissional";"20RG0035 - REESTRUTURACAO E MODERNIZACAO DAS INS - NO ESTADO DE SAO PAU";"2080 - EDUCACAO DE QUALIDADE PARA TODOS";"20RG - REESTRUTURACAO E MODERNIZACAO DAS INSTITUICOES DA REDE FEDERAL DE EDUCACAO PROFISSIONAL, CIENTIFICA E TECNOLOGICA";
"22/12/2016";"158716264392016NE000040";"0035 - FUNCIONAMENTO DAS INSTITUICOES DA RED - NO ESTADO DE SAO PAU";"Empenho";"ANULAÇÃO";"158716 - IFSP - CAMPUS JACAREI";"SP";"IFSP - CAMPUS JACAREI";"INST.FED.DE EDUC.,CIENC.E TEC.DE SAO PAULO";"Instituto Federal de Educação, Ciência e Tecnologia de São Paulo";"Ministério da Educação";"236,76";"3 - Outras Despesas Correntes";"18 - Auxílio Financeiro a Estudantes";"90 - Aplicações Diretas";"0000 - FUNCIONAMENTO DE INSTITUICOES FEDERAIS DE EDUCACAO PROFISSIONAL E TECNOLOGICA - DESPESAS DIVERSAS";"0000";"12 - Educação";"363 - Ensino profissional";"20RL0035 - FUNCIONAMENTO DAS INSTITUICOES DA RED - NO ESTADO DE SAO PAU";"2080 - EDUCACAO DE QUALIDADE PARA TODOS";"20RL - FUNCIONAMENTO DAS INSTITUICOES DA REDE FEDERAL DE EDUCACAO PROFISSIONAL, CIENTIFICA E TECNOLOGICA";
"29/12/2016";"158716264392016NE000041";"0035 - ASSISTENCIA AOS ESTUDANTES DA REDE FE - NO ESTADO DE SAO PAU";"Empenho";"ANULAÇÃO";"158716 - IFSP - CAMPUS JACAREI";"SP";"IFSP - CAMPUS JACAREI";"INST.FED.DE EDUC.,CIENC.E TEC.DE SAO PAULO";"Instituto Federal de Educação, Ciência e Tecnologia de São Paulo";"Ministério da Educação";"121,41";"3 - Outras Despesas Correntes";"18 - Auxílio Financeiro a Estudantes";"90 - Aplicações Diretas";"0001 - AUXILIO FINANCEIRO DE ASSISTENCIA ESTUDANTIL";"0000";"12 - Educação";"363 - Ensino profissional";"29940035 - ASSISTENCIA AOS ESTUDANTES DA REDE FE - NO ESTADO DE SAO PAU";"2080 - EDUCACAO DE QUALIDADE PARA TODOS";"2994 - ASSISTENCIA AOS ESTUDANTES DA REDE FEDERAL DE EDUCACAO PROFISSIONAL, CIENTIFICA E TECNOLOGICA";
"29/12/2016";"158716264392016NE800094";"0035 - FUNCIONAMENTO DAS INSTITUICOES DA RED - NO ESTADO DE SAO PAU";"Empenho";"ANULAÇÃO";"00.761.025/0001-08 - VENDAS ONLINE COMERCIAL LTDA";"BA";"IFSP - CAMPUS JACAREI";"INST.FED.DE EDUC.,CIENC.E TEC.DE SAO PAULO";"Instituto Federal de Educação, Ciência e Tecnologia de São Paulo";"Ministério da Educação";"2.325,30";"3 - Outras Despesas Correntes";"30 - Material de Consumo";"90 - Aplicações Diretas";"0000 - FUNCIONAMENTO DE INSTITUICOES FEDERAIS DE EDUCACAO PROFISSIONAL E TECNOLOGICA - DESPESAS DIVERSAS";"0000";"12 - Educação";"363 - Ensino profissional";"20RL0035 - FUNCIONAMENTO DAS INSTITUICOES DA RED - NO ESTADO DE SAO PAU";"2080 - EDUCACAO DE QUALIDADE PARA TODOS";"20RL - FUNCIONAMENTO DAS INSTITUICOES DA REDE FEDERAL DE EDUCACAO PROFISSIONAL, CIENTIFICA E TECNOLOGICA";
"29/12/2016";"158716264392016NE800095";"0035 - FUNCIONAMENTO DAS INSTITUICOES DA RED - NO ESTADO DE SAO PAU";"Empenho";"ANULAÇÃO";"19.165.561/0001-79 - B.R.B. DE RAMOS";"SP";"IFSP - CAMPUS JACAREI";"INST.FED.DE EDUC.,CIENC.E TEC.DE SAO PAULO";"Instituto Federal de Educação, Ciência e Tecnologia de São Paulo";"Ministério da Educação";"0,03";"4 - Investimentos";"52 - Equipamentos e Material Permanente";"90 - Aplicações Diretas";"0000 - FUNCIONAMENTO DE INSTITUICOES FEDERAIS DE EDUCACAO PROFISSIONAL E TECNOLOGICA - DESPESAS DIVERSAS";"0000";"12 - Educação";"363 - Ensino profissional";"20RL0035 - FUNCIONAMENTO DAS INSTITUICOES DA RED - NO ESTADO DE SAO PAU";"2080 - EDUCACAO DE QUALIDADE PARA TODOS";"20RL - FUNCIONAMENTO DAS INSTITUICOES DA REDE FEDERAL DE EDUCACAO PROFISSIONAL, CIENTIFICA E TECNOLOGICA";
