"DATA";"DOCUMENTO";"LOCALIZADOR DO GASTO";"FASE";"ESPÉCIE";"Favorecido";"UF DO FAVORECIDO";"UG";"Unidade Orcamentária";"Órgão";"Órgão Superior";"VALOR";"Grupo de Despesa";"Elemento de Despesa";"Modalidade de Despesa";"Plano Orçamentário";"Autor da Emenda";"Função (Área de Atuação)";"Subfunção (Especificação da Área de Atuação)";"Subtítulo (Localizador)";"Programa de Governo";"Ação";
"11/01/2018";"158716264392018NE800001";"0035 - FUNCIONAMENTO DAS INSTITUICOES DA RED - NO ESTADO DE SAO PAU";"Empenho";"ORIGINAL";"11.569.283/0001-03 - J.M. RIBEIRO NETO PAISAGISMO";"SP";"IFSP - CAMPUS JACAREI";"INST.FED.DE EDUC.,CIENC.E TEC.DE SAO PAULO";"Instituto Federal de Educação, Ciência e Tecnologia de São Paulo";"Ministério da Educação";"13.852,50";"3 - Outras Despesas Correntes";"37 - Locação de Mão-de-Obra";"90 - Aplicações Diretas";"0000 - FUNCIONAMENTO DE INSTITUICOES FEDERAIS DE EDUCACAO PROFISSIONAL E TECNOLOGICA - DESPESAS DIVERSAS";"0000";"12 - Educação";"363 - Ensino profissional";"20RL0035 - FUNCIONAMENTO DAS INSTITUICOES DA RED - NO ESTADO DE SAO PAU";"2080 - EDUCACAO DE QUALIDADE PARA TODOS";"20RL - FUNCIONAMENTO DAS INSTITUICOES DA REDE FEDERAL DE EDUCACAO PROFISSIONAL, CIENTIFICA E TECNOLOGICA";
"11/01/2018";"158716264392018NE800002";"0035 - FUNCIONAMENTO DAS INSTITUICOES DA RED - NO ESTADO DE SAO PAU";"Empenho";"ORIGINAL";"09.405.866/0001-57 - PEDRAZUL SERVICOS LTDA";"SP";"IFSP - CAMPUS JACAREI";"INST.FED.DE EDUC.,CIENC.E TEC.DE SAO PAULO";"Instituto Federal de Educação, Ciência e Tecnologia de São Paulo";"Ministério da Educação";"3.570,50";"3 - Outras Despesas Correntes";"37 - Locação de Mão-de-Obra";"90 - Aplicações Diretas";"0000 - FUNCIONAMENTO DE INSTITUICOES FEDERAIS DE EDUCACAO PROFISSIONAL E TECNOLOGICA - DESPESAS DIVERSAS";"0000";"12 - Educação";"363 - Ensino profissional";"20RL0035 - FUNCIONAMENTO DAS INSTITUICOES DA RED - NO ESTADO DE SAO PAU";"2080 - EDUCACAO DE QUALIDADE PARA TODOS";"20RL - FUNCIONAMENTO DAS INSTITUICOES DA REDE FEDERAL DE EDUCACAO PROFISSIONAL, CIENTIFICA E TECNOLOGICA";
"11/01/2018";"158716264392018NE800003";"0035 - FUNCIONAMENTO DAS INSTITUICOES DA RED - NO ESTADO DE SAO PAU";"Empenho";"ORIGINAL";"10.928.126/0001-84 - REAK SEGURANCA E VIGILANCIA PATRIMONIAL LTDA";"SP";"IFSP - CAMPUS JACAREI";"INST.FED.DE EDUC.,CIENC.E TEC.DE SAO PAULO";"Instituto Federal de Educação, Ciência e Tecnologia de São Paulo";"Ministério da Educação";"28.181,66";"3 - Outras Despesas Correntes";"37 - Locação de Mão-de-Obra";"90 - Aplicações Diretas";"0000 - FUNCIONAMENTO DE INSTITUICOES FEDERAIS DE EDUCACAO PROFISSIONAL E TECNOLOGICA - DESPESAS DIVERSAS";"0000";"12 - Educação";"363 - Ensino profissional";"20RL0035 - FUNCIONAMENTO DAS INSTITUICOES DA RED - NO ESTADO DE SAO PAU";"2080 - EDUCACAO DE QUALIDADE PARA TODOS";"20RL - FUNCIONAMENTO DAS INSTITUICOES DA REDE FEDERAL DE EDUCACAO PROFISSIONAL, CIENTIFICA E TECNOLOGICA";
"11/01/2018";"158716264392018NE800004";"0035 - FUNCIONAMENTO DAS INSTITUICOES DA RED - NO ESTADO DE SAO PAU";"Empenho";"ORIGINAL";"02.302.100/0001-06 - EDP SAO PAULO DISTRIBUICAO DE ENERGIA S.A.";"SP";"IFSP - CAMPUS JACAREI";"INST.FED.DE EDUC.,CIENC.E TEC.DE SAO PAULO";"Instituto Federal de Educação, Ciência e Tecnologia de São Paulo";"Ministério da Educação";"7.500,00";"3 - Outras Despesas Correntes";"39 - Outros Serviços de Terceiros - Pessoa Jurídica";"90 - Aplicações Diretas";"0000 - FUNCIONAMENTO DE INSTITUICOES FEDERAIS DE EDUCACAO PROFISSIONAL E TECNOLOGICA - DESPESAS DIVERSAS";"0000";"12 - Educação";"363 - Ensino profissional";"20RL0035 - FUNCIONAMENTO DAS INSTITUICOES DA RED - NO ESTADO DE SAO PAU";"2080 - EDUCACAO DE QUALIDADE PARA TODOS";"20RL - FUNCIONAMENTO DAS INSTITUICOES DA REDE FEDERAL DE EDUCACAO PROFISSIONAL, CIENTIFICA E TECNOLOGICA";
"12/01/2018";"158716264392018NE000001";"0035 - ASSISTENCIA AOS ESTUDANTES DA REDE FE - NO ESTADO DE SAO PAU";"Empenho";"ORIGINAL";"158716 - IFSP - CAMPUS JACAREI";"SP";"IFSP - CAMPUS JACAREI";"INST.FED.DE EDUC.,CIENC.E TEC.DE SAO PAULO";"Instituto Federal de Educação, Ciência e Tecnologia de São Paulo";"Ministério da Educação";"30.370,64";"3 - Outras Despesas Correntes";"18 - Auxílio Financeiro a Estudantes";"90 - Aplicações Diretas";"0001 - AUXILIO FINANCEIRO DE ASSISTENCIA ESTUDANTIL";"0000";"12 - Educação";"363 - Ensino profissional";"29940035 - ASSISTENCIA AOS ESTUDANTES DA REDE FE - NO ESTADO DE SAO PAU";"2080 - EDUCACAO DE QUALIDADE PARA TODOS";"2994 - ASSISTENCIA AOS ESTUDANTES DA REDE FEDERAL DE EDUCACAO PROFISSIONAL, CIENTIFICA E TECNOLOGICA";
"12/01/2018";"158716264392018NE800005";"0035 - FUNCIONAMENTO DAS INSTITUICOES DA RED - NO ESTADO DE SAO PAU";"Empenho";"ORIGINAL";"48.962.625/0001-60 - SAAE SERVICO AUTONOMO DE AGUA E ESGOTO DE JACAREI";"SP";"IFSP - CAMPUS JACAREI";"INST.FED.DE EDUC.,CIENC.E TEC.DE SAO PAULO";"Instituto Federal de Educação, Ciência e Tecnologia de São Paulo";"Ministério da Educação";"4.166,66";"3 - Outras Despesas Correntes";"39 - Outros Serviços de Terceiros - Pessoa Jurídica";"90 - Aplicações Diretas";"0000 - FUNCIONAMENTO DE INSTITUICOES FEDERAIS DE EDUCACAO PROFISSIONAL E TECNOLOGICA - DESPESAS DIVERSAS";"0000";"12 - Educação";"363 - Ensino profissional";"20RL0035 - FUNCIONAMENTO DAS INSTITUICOES DA RED - NO ESTADO DE SAO PAU";"2080 - EDUCACAO DE QUALIDADE PARA TODOS";"20RL - FUNCIONAMENTO DAS INSTITUICOES DA REDE FEDERAL DE EDUCACAO PROFISSIONAL, CIENTIFICA E TECNOLOGICA";
"12/01/2018";"158716264392018NE800006";"0035 - FUNCIONAMENTO DAS INSTITUICOES DA RED - NO ESTADO DE SAO PAU";"Empenho";"ORIGINAL";"40.432.544/0001-47 - CLARO S.A.";"SP";"IFSP - CAMPUS JACAREI";"INST.FED.DE EDUC.,CIENC.E TEC.DE SAO PAULO";"Instituto Federal de Educação, Ciência e Tecnologia de São Paulo";"Ministério da Educação";"800,00";"3 - Outras Despesas Correntes";"39 - Outros Serviços de Terceiros - Pessoa Jurídica";"90 - Aplicações Diretas";"0000 - FUNCIONAMENTO DE INSTITUICOES FEDERAIS DE EDUCACAO PROFISSIONAL E TECNOLOGICA - DESPESAS DIVERSAS";"0000";"12 - Educação";"363 - Ensino profissional";"20RL0035 - FUNCIONAMENTO DAS INSTITUICOES DA RED - NO ESTADO DE SAO PAU";"2080 - EDUCACAO DE QUALIDADE PARA TODOS";"20RL - FUNCIONAMENTO DAS INSTITUICOES DA REDE FEDERAL DE EDUCACAO PROFISSIONAL, CIENTIFICA E TECNOLOGICA";
"19/01/2018";"158716264392018NE800007";"0035 - FUNCIONAMENTO DAS INSTITUICOES DA RED - NO ESTADO DE SAO PAU";"Empenho";"REFORÇO";"02.302.100/0001-06 - EDP SAO PAULO DISTRIBUICAO DE ENERGIA S.A.";"SP";"IFSP - CAMPUS JACAREI";"INST.FED.DE EDUC.,CIENC.E TEC.DE SAO PAULO";"Instituto Federal de Educação, Ciência e Tecnologia de São Paulo";"Ministério da Educação";"500,00";"3 - Outras Despesas Correntes";"39 - Outros Serviços de Terceiros - Pessoa Jurídica";"90 - Aplicações Diretas";"0000 - FUNCIONAMENTO DE INSTITUICOES FEDERAIS DE EDUCACAO PROFISSIONAL E TECNOLOGICA - DESPESAS DIVERSAS";"0000";"12 - Educação";"363 - Ensino profissional";"20RL0035 - FUNCIONAMENTO DAS INSTITUICOES DA RED - NO ESTADO DE SAO PAU";"2080 - EDUCACAO DE QUALIDADE PARA TODOS";"20RL - FUNCIONAMENTO DAS INSTITUICOES DA REDE FEDERAL DE EDUCACAO PROFISSIONAL, CIENTIFICA E TECNOLOGICA";
"22/01/2018";"158716264392018NE000002";"0035 - FUNCIONAMENTO DAS INSTITUICOES DA RED - NO ESTADO DE SAO PAU";"Empenho";"ORIGINAL";"158716 - IFSP - CAMPUS JACAREI";"SP";"IFSP - CAMPUS JACAREI";"INST.FED.DE EDUC.,CIENC.E TEC.DE SAO PAULO";"Instituto Federal de Educação, Ciência e Tecnologia de São Paulo";"Ministério da Educação";"2.100,00";"3 - Outras Despesas Correntes";"18 - Auxílio Financeiro a Estudantes";"90 - Aplicações Diretas";"0000 - FUNCIONAMENTO DE INSTITUICOES FEDERAIS DE EDUCACAO PROFISSIONAL E TECNOLOGICA - DESPESAS DIVERSAS";"0000";"12 - Educação";"363 - Ensino profissional";"20RL0035 - FUNCIONAMENTO DAS INSTITUICOES DA RED - NO ESTADO DE SAO PAU";"2080 - EDUCACAO DE QUALIDADE PARA TODOS";"20RL - FUNCIONAMENTO DAS INSTITUICOES DA REDE FEDERAL DE EDUCACAO PROFISSIONAL, CIENTIFICA E TECNOLOGICA";
"22/01/2018";"158716264392018NE000003";"0035 - FUNCIONAMENTO DAS INSTITUICOES DA RED - NO ESTADO DE SAO PAU";"Empenho";"ORIGINAL";"158716 - IFSP - CAMPUS JACAREI";"SP";"IFSP - CAMPUS JACAREI";"INST.FED.DE EDUC.,CIENC.E TEC.DE SAO PAULO";"Instituto Federal de Educação, Ciência e Tecnologia de São Paulo";"Ministério da Educação";"2.400,00";"3 - Outras Despesas Correntes";"18 - Auxílio Financeiro a Estudantes";"90 - Aplicações Diretas";"0000 - FUNCIONAMENTO DE INSTITUICOES FEDERAIS DE EDUCACAO PROFISSIONAL E TECNOLOGICA - DESPESAS DIVERSAS";"0000";"12 - Educação";"363 - Ensino profissional";"20RL0035 - FUNCIONAMENTO DAS INSTITUICOES DA RED - NO ESTADO DE SAO PAU";"2080 - EDUCACAO DE QUALIDADE PARA TODOS";"20RL - FUNCIONAMENTO DAS INSTITUICOES DA REDE FEDERAL DE EDUCACAO PROFISSIONAL, CIENTIFICA E TECNOLOGICA";
"22/01/2018";"158716264392018NE000004";"0035 - FUNCIONAMENTO DAS INSTITUICOES DA RED - NO ESTADO DE SAO PAU";"Empenho";"ORIGINAL";"158716 - IFSP - CAMPUS JACAREI";"SP";"IFSP - CAMPUS JACAREI";"INST.FED.DE EDUC.,CIENC.E TEC.DE SAO PAULO";"Instituto Federal de Educação, Ciência e Tecnologia de São Paulo";"Ministério da Educação";"2.100,00";"3 - Outras Despesas Correntes";"18 - Auxílio Financeiro a Estudantes";"90 - Aplicações Diretas";"0000 - FUNCIONAMENTO DE INSTITUICOES FEDERAIS DE EDUCACAO PROFISSIONAL E TECNOLOGICA - DESPESAS DIVERSAS";"0000";"12 - Educação";"363 - Ensino profissional";"20RL0035 - FUNCIONAMENTO DAS INSTITUICOES DA RED - NO ESTADO DE SAO PAU";"2080 - EDUCACAO DE QUALIDADE PARA TODOS";"20RL - FUNCIONAMENTO DAS INSTITUICOES DA REDE FEDERAL DE EDUCACAO PROFISSIONAL, CIENTIFICA E TECNOLOGICA";
"26/01/2018";"158716264392018NE800008";"0035 - FUNCIONAMENTO DAS INSTITUICOES DA RED - NO ESTADO DE SAO PAU";"Empenho";"REFORÇO";"09.405.866/0001-57 - PEDRAZUL SERVICOS LTDA";"SP";"IFSP - CAMPUS JACAREI";"INST.FED.DE EDUC.,CIENC.E TEC.DE SAO PAULO";"Instituto Federal de Educação, Ciência e Tecnologia de São Paulo";"Ministério da Educação";"596,75";"3 - Outras Despesas Correntes";"37 - Locação de Mão-de-Obra";"90 - Aplicações Diretas";"0000 - FUNCIONAMENTO DE INSTITUICOES FEDERAIS DE EDUCACAO PROFISSIONAL E TECNOLOGICA - DESPESAS DIVERSAS";"0000";"12 - Educação";"363 - Ensino profissional";"20RL0035 - FUNCIONAMENTO DAS INSTITUICOES DA RED - NO ESTADO DE SAO PAU";"2080 - EDUCACAO DE QUALIDADE PARA TODOS";"20RL - FUNCIONAMENTO DAS INSTITUICOES DA REDE FEDERAL DE EDUCACAO PROFISSIONAL, CIENTIFICA E TECNOLOGICA";
"26/01/2018";"158716264392018NE800009";"0035 - FUNCIONAMENTO DAS INSTITUICOES DA RED - NO ESTADO DE SAO PAU";"Empenho";"ORIGINAL";"09.405.866/0001-57 - PEDRAZUL SERVICOS LTDA";"SP";"IFSP - CAMPUS JACAREI";"INST.FED.DE EDUC.,CIENC.E TEC.DE SAO PAULO";"Instituto Federal de Educação, Ciência e Tecnologia de São Paulo";"Ministério da Educação";"742,08";"3 - Outras Despesas Correntes";"37 - Locação de Mão-de-Obra";"90 - Aplicações Diretas";"0000 - FUNCIONAMENTO DE INSTITUICOES FEDERAIS DE EDUCACAO PROFISSIONAL E TECNOLOGICA - DESPESAS DIVERSAS";"0000";"12 - Educação";"363 - Ensino profissional";"20RL0035 - FUNCIONAMENTO DAS INSTITUICOES DA RED - NO ESTADO DE SAO PAU";"2080 - EDUCACAO DE QUALIDADE PARA TODOS";"20RL - FUNCIONAMENTO DAS INSTITUICOES DA REDE FEDERAL DE EDUCACAO PROFISSIONAL, CIENTIFICA E TECNOLOGICA";
"16/02/2018";"158716264392018NE000005";"0035 - FUNCIONAMENTO DAS INSTITUICOES DA RED - NO ESTADO DE SAO PAU";"Empenho";"REFORÇO";"158716 - IFSP - CAMPUS JACAREI";"SP";"IFSP - CAMPUS JACAREI";"INST.FED.DE EDUC.,CIENC.E TEC.DE SAO PAULO";"Instituto Federal de Educação, Ciência e Tecnologia de São Paulo";"Ministério da Educação";"2.100,00";"3 - Outras Despesas Correntes";"18 - Auxílio Financeiro a Estudantes";"90 - Aplicações Diretas";"0000 - FUNCIONAMENTO DE INSTITUICOES FEDERAIS DE EDUCACAO PROFISSIONAL E TECNOLOGICA - DESPESAS DIVERSAS";"0000";"12 - Educação";"363 - Ensino profissional";"20RL0035 - FUNCIONAMENTO DAS INSTITUICOES DA RED - NO ESTADO DE SAO PAU";"2080 - EDUCACAO DE QUALIDADE PARA TODOS";"20RL - FUNCIONAMENTO DAS INSTITUICOES DA REDE FEDERAL DE EDUCACAO PROFISSIONAL, CIENTIFICA E TECNOLOGICA";
"16/02/2018";"158716264392018NE000006";"0035 - FUNCIONAMENTO DAS INSTITUICOES DA RED - NO ESTADO DE SAO PAU";"Empenho";"REFORÇO";"158716 - IFSP - CAMPUS JACAREI";"SP";"IFSP - CAMPUS JACAREI";"INST.FED.DE EDUC.,CIENC.E TEC.DE SAO PAULO";"Instituto Federal de Educação, Ciência e Tecnologia de São Paulo";"Ministério da Educação";"6.000,00";"3 - Outras Despesas Correntes";"18 - Auxílio Financeiro a Estudantes";"90 - Aplicações Diretas";"0000 - FUNCIONAMENTO DE INSTITUICOES FEDERAIS DE EDUCACAO PROFISSIONAL E TECNOLOGICA - DESPESAS DIVERSAS";"0000";"12 - Educação";"363 - Ensino profissional";"20RL0035 - FUNCIONAMENTO DAS INSTITUICOES DA RED - NO ESTADO DE SAO PAU";"2080 - EDUCACAO DE QUALIDADE PARA TODOS";"20RL - FUNCIONAMENTO DAS INSTITUICOES DA REDE FEDERAL DE EDUCACAO PROFISSIONAL, CIENTIFICA E TECNOLOGICA";
"16/02/2018";"158716264392018NE000007";"0035 - FUNCIONAMENTO DAS INSTITUICOES DA RED - NO ESTADO DE SAO PAU";"Empenho";"REFORÇO";"158716 - IFSP - CAMPUS JACAREI";"SP";"IFSP - CAMPUS JACAREI";"INST.FED.DE EDUC.,CIENC.E TEC.DE SAO PAULO";"Instituto Federal de Educação, Ciência e Tecnologia de São Paulo";"Ministério da Educação";"2.100,00";"3 - Outras Despesas Correntes";"18 - Auxílio Financeiro a Estudantes";"90 - Aplicações Diretas";"0000 - FUNCIONAMENTO DE INSTITUICOES FEDERAIS DE EDUCACAO PROFISSIONAL E TECNOLOGICA - DESPESAS DIVERSAS";"0000";"12 - Educação";"363 - Ensino profissional";"20RL0035 - FUNCIONAMENTO DAS INSTITUICOES DA RED - NO ESTADO DE SAO PAU";"2080 - EDUCACAO DE QUALIDADE PARA TODOS";"20RL - FUNCIONAMENTO DAS INSTITUICOES DA REDE FEDERAL DE EDUCACAO PROFISSIONAL, CIENTIFICA E TECNOLOGICA";
"16/02/2018";"158716264392018NE000008";"0035 - ASSISTENCIA AOS ESTUDANTES DA REDE FE - NO ESTADO DE SAO PAU";"Empenho";"REFORÇO";"158716 - IFSP - CAMPUS JACAREI";"SP";"IFSP - CAMPUS JACAREI";"INST.FED.DE EDUC.,CIENC.E TEC.DE SAO PAULO";"Instituto Federal de Educação, Ciência e Tecnologia de São Paulo";"Ministério da Educação";"30.370,64";"3 - Outras Despesas Correntes";"18 - Auxílio Financeiro a Estudantes";"90 - Aplicações Diretas";"0001 - AUXILIO FINANCEIRO DE ASSISTENCIA ESTUDANTIL";"0000";"12 - Educação";"363 - Ensino profissional";"29940035 - ASSISTENCIA AOS ESTUDANTES DA REDE FE - NO ESTADO DE SAO PAU";"2080 - EDUCACAO DE QUALIDADE PARA TODOS";"2994 - ASSISTENCIA AOS ESTUDANTES DA REDE FEDERAL DE EDUCACAO PROFISSIONAL, CIENTIFICA E TECNOLOGICA";
"16/02/2018";"158716264392018NE800010";"0035 - FUNCIONAMENTO DAS INSTITUICOES DA RED - NO ESTADO DE SAO PAU";"Empenho";"REFORÇO";"11.569.283/0001-03 - J.M. RIBEIRO NETO PAISAGISMO";"SP";"IFSP - CAMPUS JACAREI";"INST.FED.DE EDUC.,CIENC.E TEC.DE SAO PAULO";"Instituto Federal de Educação, Ciência e Tecnologia de São Paulo";"Ministério da Educação";"13.852,50";"3 - Outras Despesas Correntes";"37 - Locação de Mão-de-Obra";"90 - Aplicações Diretas";"0000 - FUNCIONAMENTO DE INSTITUICOES FEDERAIS DE EDUCACAO PROFISSIONAL E TECNOLOGICA - DESPESAS DIVERSAS";"0000";"12 - Educação";"363 - Ensino profissional";"20RL0035 - FUNCIONAMENTO DAS INSTITUICOES DA RED - NO ESTADO DE SAO PAU";"2080 - EDUCACAO DE QUALIDADE PARA TODOS";"20RL - FUNCIONAMENTO DAS INSTITUICOES DA REDE FEDERAL DE EDUCACAO PROFISSIONAL, CIENTIFICA E TECNOLOGICA";
"16/02/2018";"158716264392018NE800011";"0035 - FUNCIONAMENTO DAS INSTITUICOES DA RED - NO ESTADO DE SAO PAU";"Empenho";"REFORÇO";"09.405.866/0001-57 - PEDRAZUL SERVICOS LTDA";"SP";"IFSP - CAMPUS JACAREI";"INST.FED.DE EDUC.,CIENC.E TEC.DE SAO PAULO";"Instituto Federal de Educação, Ciência e Tecnologia de São Paulo";"Ministério da Educação";"3.570,50";"3 - Outras Despesas Correntes";"37 - Locação de Mão-de-Obra";"90 - Aplicações Diretas";"0000 - FUNCIONAMENTO DE INSTITUICOES FEDERAIS DE EDUCACAO PROFISSIONAL E TECNOLOGICA - DESPESAS DIVERSAS";"0000";"12 - Educação";"363 - Ensino profissional";"20RL0035 - FUNCIONAMENTO DAS INSTITUICOES DA RED - NO ESTADO DE SAO PAU";"2080 - EDUCACAO DE QUALIDADE PARA TODOS";"20RL - FUNCIONAMENTO DAS INSTITUICOES DA REDE FEDERAL DE EDUCACAO PROFISSIONAL, CIENTIFICA E TECNOLOGICA";
"16/02/2018";"158716264392018NE800012";"0035 - FUNCIONAMENTO DAS INSTITUICOES DA RED - NO ESTADO DE SAO PAU";"Empenho";"REFORÇO";"10.928.126/0001-84 - REAK SEGURANCA E VIGILANCIA PATRIMONIAL LTDA";"SP";"IFSP - CAMPUS JACAREI";"INST.FED.DE EDUC.,CIENC.E TEC.DE SAO PAULO";"Instituto Federal de Educação, Ciência e Tecnologia de São Paulo";"Ministério da Educação";"28.181,66";"3 - Outras Despesas Correntes";"37 - Locação de Mão-de-Obra";"90 - Aplicações Diretas";"0000 - FUNCIONAMENTO DE INSTITUICOES FEDERAIS DE EDUCACAO PROFISSIONAL E TECNOLOGICA - DESPESAS DIVERSAS";"0000";"12 - Educação";"363 - Ensino profissional";"20RL0035 - FUNCIONAMENTO DAS INSTITUICOES DA RED - NO ESTADO DE SAO PAU";"2080 - EDUCACAO DE QUALIDADE PARA TODOS";"20RL - FUNCIONAMENTO DAS INSTITUICOES DA REDE FEDERAL DE EDUCACAO PROFISSIONAL, CIENTIFICA E TECNOLOGICA";
"16/02/2018";"158716264392018NE800013";"0035 - FUNCIONAMENTO DAS INSTITUICOES DA RED - NO ESTADO DE SAO PAU";"Empenho";"REFORÇO";"02.302.100/0001-06 - EDP SAO PAULO DISTRIBUICAO DE ENERGIA S.A.";"SP";"IFSP - CAMPUS JACAREI";"INST.FED.DE EDUC.,CIENC.E TEC.DE SAO PAULO";"Instituto Federal de Educação, Ciência e Tecnologia de São Paulo";"Ministério da Educação";"7.500,00";"3 - Outras Despesas Correntes";"39 - Outros Serviços de Terceiros - Pessoa Jurídica";"90 - Aplicações Diretas";"0000 - FUNCIONAMENTO DE INSTITUICOES FEDERAIS DE EDUCACAO PROFISSIONAL E TECNOLOGICA - DESPESAS DIVERSAS";"0000";"12 - Educação";"363 - Ensino profissional";"20RL0035 - FUNCIONAMENTO DAS INSTITUICOES DA RED - NO ESTADO DE SAO PAU";"2080 - EDUCACAO DE QUALIDADE PARA TODOS";"20RL - FUNCIONAMENTO DAS INSTITUICOES DA REDE FEDERAL DE EDUCACAO PROFISSIONAL, CIENTIFICA E TECNOLOGICA";
"16/02/2018";"158716264392018NE800014";"0035 - FUNCIONAMENTO DAS INSTITUICOES DA RED - NO ESTADO DE SAO PAU";"Empenho";"REFORÇO";"48.962.625/0001-60 - SAAE SERVICO AUTONOMO DE AGUA E ESGOTO DE JACAREI";"SP";"IFSP - CAMPUS JACAREI";"INST.FED.DE EDUC.,CIENC.E TEC.DE SAO PAULO";"Instituto Federal de Educação, Ciência e Tecnologia de São Paulo";"Ministério da Educação";"4.166,66";"3 - Outras Despesas Correntes";"39 - Outros Serviços de Terceiros - Pessoa Jurídica";"90 - Aplicações Diretas";"0000 - FUNCIONAMENTO DE INSTITUICOES FEDERAIS DE EDUCACAO PROFISSIONAL E TECNOLOGICA - DESPESAS DIVERSAS";"0000";"12 - Educação";"363 - Ensino profissional";"20RL0035 - FUNCIONAMENTO DAS INSTITUICOES DA RED - NO ESTADO DE SAO PAU";"2080 - EDUCACAO DE QUALIDADE PARA TODOS";"20RL - FUNCIONAMENTO DAS INSTITUICOES DA REDE FEDERAL DE EDUCACAO PROFISSIONAL, CIENTIFICA E TECNOLOGICA";
"16/02/2018";"158716264392018NE800015";"0035 - FUNCIONAMENTO DAS INSTITUICOES DA RED - NO ESTADO DE SAO PAU";"Empenho";"REFORÇO";"40.432.544/0001-47 - CLARO S.A.";"SP";"IFSP - CAMPUS JACAREI";"INST.FED.DE EDUC.,CIENC.E TEC.DE SAO PAULO";"Instituto Federal de Educação, Ciência e Tecnologia de São Paulo";"Ministério da Educação";"800,00";"3 - Outras Despesas Correntes";"39 - Outros Serviços de Terceiros - Pessoa Jurídica";"90 - Aplicações Diretas";"0000 - FUNCIONAMENTO DE INSTITUICOES FEDERAIS DE EDUCACAO PROFISSIONAL E TECNOLOGICA - DESPESAS DIVERSAS";"0000";"12 - Educação";"363 - Ensino profissional";"20RL0035 - FUNCIONAMENTO DAS INSTITUICOES DA RED - NO ESTADO DE SAO PAU";"2080 - EDUCACAO DE QUALIDADE PARA TODOS";"20RL - FUNCIONAMENTO DAS INSTITUICOES DA REDE FEDERAL DE EDUCACAO PROFISSIONAL, CIENTIFICA E TECNOLOGICA";
"19/02/2018";"158716264392018NE800016";"0035 - FUNCIONAMENTO DAS INSTITUICOES DA RED - NO ESTADO DE SAO PAU";"Empenho";"ORIGINAL";"16.927.639/0001-57 - A.D SERVICOS PREDIAIS LTDA";"SP";"IFSP - CAMPUS JACAREI";"INST.FED.DE EDUC.,CIENC.E TEC.DE SAO PAULO";"Instituto Federal de Educação, Ciência e Tecnologia de São Paulo";"Ministério da Educação";"12.999,04";"3 - Outras Despesas Correntes";"37 - Locação de Mão-de-Obra";"90 - Aplicações Diretas";"0000 - FUNCIONAMENTO DE INSTITUICOES FEDERAIS DE EDUCACAO PROFISSIONAL E TECNOLOGICA - DESPESAS DIVERSAS";"0000";"12 - Educação";"363 - Ensino profissional";"20RL0035 - FUNCIONAMENTO DAS INSTITUICOES DA RED - NO ESTADO DE SAO PAU";"2080 - EDUCACAO DE QUALIDADE PARA TODOS";"20RL - FUNCIONAMENTO DAS INSTITUICOES DA REDE FEDERAL DE EDUCACAO PROFISSIONAL, CIENTIFICA E TECNOLOGICA";
"23/02/2018";"158716264392018NE000009";"0035 - ASSISTENCIA AOS ESTUDANTES DA REDE FE - NO ESTADO DE SAO PAU";"Empenho";"REFORÇO";"158716 - IFSP - CAMPUS JACAREI";"SP";"IFSP - CAMPUS JACAREI";"INST.FED.DE EDUC.,CIENC.E TEC.DE SAO PAULO";"Instituto Federal de Educação, Ciência e Tecnologia de São Paulo";"Ministério da Educação";"157.927,34";"3 - Outras Despesas Correntes";"18 - Auxílio Financeiro a Estudantes";"90 - Aplicações Diretas";"0001 - AUXILIO FINANCEIRO DE ASSISTENCIA ESTUDANTIL";"0000";"12 - Educação";"363 - Ensino profissional";"29940035 - ASSISTENCIA AOS ESTUDANTES DA REDE FE - NO ESTADO DE SAO PAU";"2080 - EDUCACAO DE QUALIDADE PARA TODOS";"2994 - ASSISTENCIA AOS ESTUDANTES DA REDE FEDERAL DE EDUCACAO PROFISSIONAL, CIENTIFICA E TECNOLOGICA";
"01/03/2018";"158716264392018NE800017";"0035 - FUNCIONAMENTO DAS INSTITUICOES DA RED - NO ESTADO DE SAO PAU";"Empenho";"REFORÇO";"40.432.544/0001-47 - CLARO S.A.";"SP";"IFSP - CAMPUS JACAREI";"INST.FED.DE EDUC.,CIENC.E TEC.DE SAO PAULO";"Instituto Federal de Educação, Ciência e Tecnologia de São Paulo";"Ministério da Educação";"4.160,00";"3 - Outras Despesas Correntes";"39 - Outros Serviços de Terceiros - Pessoa Jurídica";"90 - Aplicações Diretas";"0000 - FUNCIONAMENTO DE INSTITUICOES FEDERAIS DE EDUCACAO PROFISSIONAL E TECNOLOGICA - DESPESAS DIVERSAS";"0000";"12 - Educação";"363 - Ensino profissional";"20RL0035 - FUNCIONAMENTO DAS INSTITUICOES DA RED - NO ESTADO DE SAO PAU";"2080 - EDUCACAO DE QUALIDADE PARA TODOS";"20RL - FUNCIONAMENTO DAS INSTITUICOES DA REDE FEDERAL DE EDUCACAO PROFISSIONAL, CIENTIFICA E TECNOLOGICA";
"01/03/2018";"158716264392018NE800018";"0035 - FUNCIONAMENTO DAS INSTITUICOES DA RED - NO ESTADO DE SAO PAU";"Empenho";"REFORÇO";"48.962.625/0001-60 - SAAE SERVICO AUTONOMO DE AGUA E ESGOTO DE JACAREI";"SP";"IFSP - CAMPUS JACAREI";"INST.FED.DE EDUC.,CIENC.E TEC.DE SAO PAULO";"Instituto Federal de Educação, Ciência e Tecnologia de São Paulo";"Ministério da Educação";"21.666,68";"3 - Outras Despesas Correntes";"39 - Outros Serviços de Terceiros - Pessoa Jurídica";"90 - Aplicações Diretas";"0000 - FUNCIONAMENTO DE INSTITUICOES FEDERAIS DE EDUCACAO PROFISSIONAL E TECNOLOGICA - DESPESAS DIVERSAS";"0000";"12 - Educação";"363 - Ensino profissional";"20RL0035 - FUNCIONAMENTO DAS INSTITUICOES DA RED - NO ESTADO DE SAO PAU";"2080 - EDUCACAO DE QUALIDADE PARA TODOS";"20RL - FUNCIONAMENTO DAS INSTITUICOES DA REDE FEDERAL DE EDUCACAO PROFISSIONAL, CIENTIFICA E TECNOLOGICA";
"01/03/2018";"158716264392018NE800019";"0035 - FUNCIONAMENTO DAS INSTITUICOES DA RED - NO ESTADO DE SAO PAU";"Empenho";"REFORÇO";"02.302.100/0001-06 - EDP SAO PAULO DISTRIBUICAO DE ENERGIA S.A.";"SP";"IFSP - CAMPUS JACAREI";"INST.FED.DE EDUC.,CIENC.E TEC.DE SAO PAULO";"Instituto Federal de Educação, Ciência e Tecnologia de São Paulo";"Ministério da Educação";"38.500,00";"3 - Outras Despesas Correntes";"39 - Outros Serviços de Terceiros - Pessoa Jurídica";"90 - Aplicações Diretas";"0000 - FUNCIONAMENTO DE INSTITUICOES FEDERAIS DE EDUCACAO PROFISSIONAL E TECNOLOGICA - DESPESAS DIVERSAS";"0000";"12 - Educação";"363 - Ensino profissional";"20RL0035 - FUNCIONAMENTO DAS INSTITUICOES DA RED - NO ESTADO DE SAO PAU";"2080 - EDUCACAO DE QUALIDADE PARA TODOS";"20RL - FUNCIONAMENTO DAS INSTITUICOES DA REDE FEDERAL DE EDUCACAO PROFISSIONAL, CIENTIFICA E TECNOLOGICA";
"01/03/2018";"158716264392018NE800020";"0035 - FUNCIONAMENTO DAS INSTITUICOES DA RED - NO ESTADO DE SAO PAU";"Empenho";"REFORÇO";"10.928.126/0001-84 - REAK SEGURANCA E VIGILANCIA PATRIMONIAL LTDA";"SP";"IFSP - CAMPUS JACAREI";"INST.FED.DE EDUC.,CIENC.E TEC.DE SAO PAULO";"Instituto Federal de Educação, Ciência e Tecnologia de São Paulo";"Ministério da Educação";"104.272,14";"3 - Outras Despesas Correntes";"37 - Locação de Mão-de-Obra";"90 - Aplicações Diretas";"0000 - FUNCIONAMENTO DE INSTITUICOES FEDERAIS DE EDUCACAO PROFISSIONAL E TECNOLOGICA - DESPESAS DIVERSAS";"0000";"12 - Educação";"363 - Ensino profissional";"20RL0035 - FUNCIONAMENTO DAS INSTITUICOES DA RED - NO ESTADO DE SAO PAU";"2080 - EDUCACAO DE QUALIDADE PARA TODOS";"20RL - FUNCIONAMENTO DAS INSTITUICOES DA REDE FEDERAL DE EDUCACAO PROFISSIONAL, CIENTIFICA E TECNOLOGICA";
"08/03/2018";"158716264392018NE000010";"0035 - FUNCIONAMENTO DAS INSTITUICOES DA RED - NO ESTADO DE SAO PAU";"Empenho";"REFORÇO";"158716 - IFSP - CAMPUS JACAREI";"SP";"IFSP - CAMPUS JACAREI";"INST.FED.DE EDUC.,CIENC.E TEC.DE SAO PAULO";"Instituto Federal de Educação, Ciência e Tecnologia de São Paulo";"Ministério da Educação";"20.700,00";"3 - Outras Despesas Correntes";"18 - Auxílio Financeiro a Estudantes";"90 - Aplicações Diretas";"0000 - FUNCIONAMENTO DE INSTITUICOES FEDERAIS DE EDUCACAO PROFISSIONAL E TECNOLOGICA - DESPESAS DIVERSAS";"0000";"12 - Educação";"363 - Ensino profissional";"20RL0035 - FUNCIONAMENTO DAS INSTITUICOES DA RED - NO ESTADO DE SAO PAU";"2080 - EDUCACAO DE QUALIDADE PARA TODOS";"20RL - FUNCIONAMENTO DAS INSTITUICOES DA REDE FEDERAL DE EDUCACAO PROFISSIONAL, CIENTIFICA E TECNOLOGICA";
"08/03/2018";"158716264392018NE000011";"0035 - FUNCIONAMENTO DAS INSTITUICOES DA RED - NO ESTADO DE SAO PAU";"Empenho";"REFORÇO";"158716 - IFSP - CAMPUS JACAREI";"SP";"IFSP - CAMPUS JACAREI";"INST.FED.DE EDUC.,CIENC.E TEC.DE SAO PAULO";"Instituto Federal de Educação, Ciência e Tecnologia de São Paulo";"Ministério da Educação";"24.300,00";"3 - Outras Despesas Correntes";"18 - Auxílio Financeiro a Estudantes";"90 - Aplicações Diretas";"0000 - FUNCIONAMENTO DE INSTITUICOES FEDERAIS DE EDUCACAO PROFISSIONAL E TECNOLOGICA - DESPESAS DIVERSAS";"0000";"12 - Educação";"363 - Ensino profissional";"20RL0035 - FUNCIONAMENTO DAS INSTITUICOES DA RED - NO ESTADO DE SAO PAU";"2080 - EDUCACAO DE QUALIDADE PARA TODOS";"20RL - FUNCIONAMENTO DAS INSTITUICOES DA REDE FEDERAL DE EDUCACAO PROFISSIONAL, CIENTIFICA E TECNOLOGICA";
"08/03/2018";"158716264392018NE000012";"0035 - FUNCIONAMENTO DAS INSTITUICOES DA RED - NO ESTADO DE SAO PAU";"Empenho";"REFORÇO";"158716 - IFSP - CAMPUS JACAREI";"SP";"IFSP - CAMPUS JACAREI";"INST.FED.DE EDUC.,CIENC.E TEC.DE SAO PAULO";"Instituto Federal de Educação, Ciência e Tecnologia de São Paulo";"Ministério da Educação";"28.200,00";"3 - Outras Despesas Correntes";"18 - Auxílio Financeiro a Estudantes";"90 - Aplicações Diretas";"0000 - FUNCIONAMENTO DE INSTITUICOES FEDERAIS DE EDUCACAO PROFISSIONAL E TECNOLOGICA - DESPESAS DIVERSAS";"0000";"12 - Educação";"363 - Ensino profissional";"20RL0035 - FUNCIONAMENTO DAS INSTITUICOES DA RED - NO ESTADO DE SAO PAU";"2080 - EDUCACAO DE QUALIDADE PARA TODOS";"20RL - FUNCIONAMENTO DAS INSTITUICOES DA REDE FEDERAL DE EDUCACAO PROFISSIONAL, CIENTIFICA E TECNOLOGICA";
"08/03/2018";"158716264392018NE800021";"0035 - FUNCIONAMENTO DAS INSTITUICOES DA RED - NO ESTADO DE SAO PAU";"Empenho";"REFORÇO";"09.405.866/0001-57 - PEDRAZUL SERVICOS LTDA";"SP";"IFSP - CAMPUS JACAREI";"INST.FED.DE EDUC.,CIENC.E TEC.DE SAO PAULO";"Instituto Federal de Educação, Ciência e Tecnologia de São Paulo";"Ministério da Educação";"17.227,77";"3 - Outras Despesas Correntes";"37 - Locação de Mão-de-Obra";"90 - Aplicações Diretas";"0000 - FUNCIONAMENTO DE INSTITUICOES FEDERAIS DE EDUCACAO PROFISSIONAL E TECNOLOGICA - DESPESAS DIVERSAS";"0000";"12 - Educação";"363 - Ensino profissional";"20RL0035 - FUNCIONAMENTO DAS INSTITUICOES DA RED - NO ESTADO DE SAO PAU";"2080 - EDUCACAO DE QUALIDADE PARA TODOS";"20RL - FUNCIONAMENTO DAS INSTITUICOES DA REDE FEDERAL DE EDUCACAO PROFISSIONAL, CIENTIFICA E TECNOLOGICA";
"09/03/2018";"158716264392018NE800022";"0035 - FUNCIONAMENTO DAS INSTITUICOES DA RED - NO ESTADO DE SAO PAU";"Empenho";"REFORÇO";"16.927.639/0001-57 - A.D SERVICOS PREDIAIS LTDA";"SP";"IFSP - CAMPUS JACAREI";"INST.FED.DE EDUC.,CIENC.E TEC.DE SAO PAULO";"Instituto Federal de Educação, Ciência e Tecnologia de São Paulo";"Ministério da Educação";"33.797,50";"3 - Outras Despesas Correntes";"37 - Locação de Mão-de-Obra";"90 - Aplicações Diretas";"0000 - FUNCIONAMENTO DE INSTITUICOES FEDERAIS DE EDUCACAO PROFISSIONAL E TECNOLOGICA - DESPESAS DIVERSAS";"0000";"12 - Educação";"363 - Ensino profissional";"20RL0035 - FUNCIONAMENTO DAS INSTITUICOES DA RED - NO ESTADO DE SAO PAU";"2080 - EDUCACAO DE QUALIDADE PARA TODOS";"20RL - FUNCIONAMENTO DAS INSTITUICOES DA REDE FEDERAL DE EDUCACAO PROFISSIONAL, CIENTIFICA E TECNOLOGICA";
"09/03/2018";"158716264392018NE800023";"0035 - FUNCIONAMENTO DAS INSTITUICOES DA RED - NO ESTADO DE SAO PAU";"Empenho";"REFORÇO";"11.569.283/0001-03 - J.M. RIBEIRO NETO PAISAGISMO";"SP";"IFSP - CAMPUS JACAREI";"INST.FED.DE EDUC.,CIENC.E TEC.DE SAO PAULO";"Instituto Federal de Educação, Ciência e Tecnologia de São Paulo";"Ministério da Educação";"72.033,00";"3 - Outras Despesas Correntes";"37 - Locação de Mão-de-Obra";"90 - Aplicações Diretas";"0000 - FUNCIONAMENTO DE INSTITUICOES FEDERAIS DE EDUCACAO PROFISSIONAL E TECNOLOGICA - DESPESAS DIVERSAS";"0000";"12 - Educação";"363 - Ensino profissional";"20RL0035 - FUNCIONAMENTO DAS INSTITUICOES DA RED - NO ESTADO DE SAO PAU";"2080 - EDUCACAO DE QUALIDADE PARA TODOS";"20RL - FUNCIONAMENTO DAS INSTITUICOES DA REDE FEDERAL DE EDUCACAO PROFISSIONAL, CIENTIFICA E TECNOLOGICA";
"20/03/2018";"158716264392018NE000013";"0035 - FUNCIONAMENTO DAS INSTITUICOES DA RED - NO ESTADO DE SAO PAU";"Empenho";"ANULAÇÃO";"158716 - IFSP - CAMPUS JACAREI";"SP";"IFSP - CAMPUS JACAREI";"INST.FED.DE EDUC.,CIENC.E TEC.DE SAO PAULO";"Instituto Federal de Educação, Ciência e Tecnologia de São Paulo";"Ministério da Educação";"300,00";"3 - Outras Despesas Correntes";"18 - Auxílio Financeiro a Estudantes";"90 - Aplicações Diretas";"0000 - FUNCIONAMENTO DE INSTITUICOES FEDERAIS DE EDUCACAO PROFISSIONAL E TECNOLOGICA - DESPESAS DIVERSAS";"0000";"12 - Educação";"363 - Ensino profissional";"20RL0035 - FUNCIONAMENTO DAS INSTITUICOES DA RED - NO ESTADO DE SAO PAU";"2080 - EDUCACAO DE QUALIDADE PARA TODOS";"20RL - FUNCIONAMENTO DAS INSTITUICOES DA REDE FEDERAL DE EDUCACAO PROFISSIONAL, CIENTIFICA E TECNOLOGICA";
"20/03/2018";"158716264392018NE000014";"0035 - FUNCIONAMENTO DAS INSTITUICOES DA RED - NO ESTADO DE SAO PAU";"Empenho";"REFORÇO";"158716 - IFSP - CAMPUS JACAREI";"SP";"IFSP - CAMPUS JACAREI";"INST.FED.DE EDUC.,CIENC.E TEC.DE SAO PAULO";"Instituto Federal de Educação, Ciência e Tecnologia de São Paulo";"Ministério da Educação";"300,00";"3 - Outras Despesas Correntes";"18 - Auxílio Financeiro a Estudantes";"90 - Aplicações Diretas";"0000 - FUNCIONAMENTO DE INSTITUICOES FEDERAIS DE EDUCACAO PROFISSIONAL E TECNOLOGICA - DESPESAS DIVERSAS";"0000";"12 - Educação";"363 - Ensino profissional";"20RL0035 - FUNCIONAMENTO DAS INSTITUICOES DA RED - NO ESTADO DE SAO PAU";"2080 - EDUCACAO DE QUALIDADE PARA TODOS";"20RL - FUNCIONAMENTO DAS INSTITUICOES DA REDE FEDERAL DE EDUCACAO PROFISSIONAL, CIENTIFICA E TECNOLOGICA";
"20/03/2018";"158716264392018NE000015";"0035 - FUNCIONAMENTO DAS INSTITUICOES DA RED - NO ESTADO DE SAO PAU";"Empenho";"ANULAÇÃO";"158716 - IFSP - CAMPUS JACAREI";"SP";"IFSP - CAMPUS JACAREI";"INST.FED.DE EDUC.,CIENC.E TEC.DE SAO PAULO";"Instituto Federal de Educação, Ciência e Tecnologia de São Paulo";"Ministério da Educação";"7.200,00";"3 - Outras Despesas Correntes";"18 - Auxílio Financeiro a Estudantes";"90 - Aplicações Diretas";"0000 - FUNCIONAMENTO DE INSTITUICOES FEDERAIS DE EDUCACAO PROFISSIONAL E TECNOLOGICA - DESPESAS DIVERSAS";"0000";"12 - Educação";"363 - Ensino profissional";"20RL0035 - FUNCIONAMENTO DAS INSTITUICOES DA RED - NO ESTADO DE SAO PAU";"2080 - EDUCACAO DE QUALIDADE PARA TODOS";"20RL - FUNCIONAMENTO DAS INSTITUICOES DA REDE FEDERAL DE EDUCACAO PROFISSIONAL, CIENTIFICA E TECNOLOGICA";
"26/03/2018";"158716264392018NE800024";"0035 - FUNCIONAMENTO DAS INSTITUICOES DA RED - NO ESTADO DE SAO PAU";"Empenho";"ORIGINAL";"71.511.349/0001-36 - AMILTON GUIMARAES E CIA LTDA";"MG";"IFSP - CAMPUS JACAREI";"INST.FED.DE EDUC.,CIENC.E TEC.DE SAO PAULO";"Instituto Federal de Educação, Ciência e Tecnologia de São Paulo";"Ministério da Educação";"3.387,00";"3 - Outras Despesas Correntes";"30 - Material de Consumo";"90 - Aplicações Diretas";"0000 - FUNCIONAMENTO DE INSTITUICOES FEDERAIS DE EDUCACAO PROFISSIONAL E TECNOLOGICA - DESPESAS DIVERSAS";"0000";"12 - Educação";"363 - Ensino profissional";"20RL0035 - FUNCIONAMENTO DAS INSTITUICOES DA RED - NO ESTADO DE SAO PAU";"2080 - EDUCACAO DE QUALIDADE PARA TODOS";"20RL - FUNCIONAMENTO DAS INSTITUICOES DA REDE FEDERAL DE EDUCACAO PROFISSIONAL, CIENTIFICA E TECNOLOGICA";
"25/04/2018";"158716264392018NE800025";"0035 - FUNCIONAMENTO DAS INSTITUICOES DA RED - NO ESTADO DE SAO PAU";"Empenho";"ORIGINAL";"06.193.748/0001-34 - FAVERO E ESTEVES EQUIPAMENTOS DE SEGURANCA LTDA";"SP";"IFSP - CAMPUS JACAREI";"INST.FED.DE EDUC.,CIENC.E TEC.DE SAO PAULO";"Instituto Federal de Educação, Ciência e Tecnologia de São Paulo";"Ministério da Educação";"968,00";"3 - Outras Despesas Correntes";"30 - Material de Consumo";"90 - Aplicações Diretas";"0000 - FUNCIONAMENTO DE INSTITUICOES FEDERAIS DE EDUCACAO PROFISSIONAL E TECNOLOGICA - DESPESAS DIVERSAS";"0000";"12 - Educação";"363 - Ensino profissional";"20RL0035 - FUNCIONAMENTO DAS INSTITUICOES DA RED - NO ESTADO DE SAO PAU";"2080 - EDUCACAO DE QUALIDADE PARA TODOS";"20RL - FUNCIONAMENTO DAS INSTITUICOES DA REDE FEDERAL DE EDUCACAO PROFISSIONAL, CIENTIFICA E TECNOLOGICA";
"08/05/2018";"158716264392018NE800026";"0035 - FUNCIONAMENTO DAS INSTITUICOES DA RED - NO ESTADO DE SAO PAU";"Empenho";"ORIGINAL";"16.866.828/0001-67 - H L P COMERCIO ELETRO FONIA LTDA";"RJ";"IFSP - CAMPUS JACAREI";"INST.FED.DE EDUC.,CIENC.E TEC.DE SAO PAULO";"Instituto Federal de Educação, Ciência e Tecnologia de São Paulo";"Ministério da Educação";"1.854,95";"3 - Outras Despesas Correntes";"30 - Material de Consumo";"90 - Aplicações Diretas";"0000 - FUNCIONAMENTO DE INSTITUICOES FEDERAIS DE EDUCACAO PROFISSIONAL E TECNOLOGICA - DESPESAS DIVERSAS";"0000";"12 - Educação";"363 - Ensino profissional";"20RL0035 - FUNCIONAMENTO DAS INSTITUICOES DA RED - NO ESTADO DE SAO PAU";"2080 - EDUCACAO DE QUALIDADE PARA TODOS";"20RL - FUNCIONAMENTO DAS INSTITUICOES DA REDE FEDERAL DE EDUCACAO PROFISSIONAL, CIENTIFICA E TECNOLOGICA";
"08/05/2018";"158716264392018NE800027";"0035 - FUNCIONAMENTO DAS INSTITUICOES DA RED - NO ESTADO DE SAO PAU";"Empenho";"ORIGINAL";"61.457.941/0005-77 - GOMAQ MAQUINAS PARA ESCRITORIO LIMITADA";"ES";"IFSP - CAMPUS JACAREI";"INST.FED.DE EDUC.,CIENC.E TEC.DE SAO PAULO";"Instituto Federal de Educação, Ciência e Tecnologia de São Paulo";"Ministério da Educação";"4.704,00";"3 - Outras Despesas Correntes";"30 - Material de Consumo";"90 - Aplicações Diretas";"0000 - FUNCIONAMENTO DE INSTITUICOES FEDERAIS DE EDUCACAO PROFISSIONAL E TECNOLOGICA - DESPESAS DIVERSAS";"0000";"12 - Educação";"363 - Ensino profissional";"20RL0035 - FUNCIONAMENTO DAS INSTITUICOES DA RED - NO ESTADO DE SAO PAU";"2080 - EDUCACAO DE QUALIDADE PARA TODOS";"20RL - FUNCIONAMENTO DAS INSTITUICOES DA REDE FEDERAL DE EDUCACAO PROFISSIONAL, CIENTIFICA E TECNOLOGICA";
"08/05/2018";"158716264392018NE800028";"0035 - FUNCIONAMENTO DAS INSTITUICOES DA RED - NO ESTADO DE SAO PAU";"Empenho";"ORIGINAL";"23.791.227/0001-06 - MPK COMERCIO IMPORTACAO E EXPORTACAO LTDA";"ES";"IFSP - CAMPUS JACAREI";"INST.FED.DE EDUC.,CIENC.E TEC.DE SAO PAULO";"Instituto Federal de Educação, Ciência e Tecnologia de São Paulo";"Ministério da Educação";"4.620,00";"3 - Outras Despesas Correntes";"30 - Material de Consumo";"90 - Aplicações Diretas";"0000 - FUNCIONAMENTO DE INSTITUICOES FEDERAIS DE EDUCACAO PROFISSIONAL E TECNOLOGICA - DESPESAS DIVERSAS";"0000";"12 - Educação";"363 - Ensino profissional";"20RL0035 - FUNCIONAMENTO DAS INSTITUICOES DA RED - NO ESTADO DE SAO PAU";"2080 - EDUCACAO DE QUALIDADE PARA TODOS";"20RL - FUNCIONAMENTO DAS INSTITUICOES DA REDE FEDERAL DE EDUCACAO PROFISSIONAL, CIENTIFICA E TECNOLOGICA";
"08/05/2018";"158716264392018NE800029";"0035 - FUNCIONAMENTO DAS INSTITUICOES DA RED - NO ESTADO DE SAO PAU";"Empenho";"ORIGINAL";"23.373.861/0001-10 - PONTO CERTO SUPRIMENTOS EIRELI";"SP";"IFSP - CAMPUS JACAREI";"INST.FED.DE EDUC.,CIENC.E TEC.DE SAO PAULO";"Instituto Federal de Educação, Ciência e Tecnologia de São Paulo";"Ministério da Educação";"237,04";"3 - Outras Despesas Correntes";"30 - Material de Consumo";"90 - Aplicações Diretas";"0000 - FUNCIONAMENTO DE INSTITUICOES FEDERAIS DE EDUCACAO PROFISSIONAL E TECNOLOGICA - DESPESAS DIVERSAS";"0000";"12 - Educação";"363 - Ensino profissional";"20RL0035 - FUNCIONAMENTO DAS INSTITUICOES DA RED - NO ESTADO DE SAO PAU";"2080 - EDUCACAO DE QUALIDADE PARA TODOS";"20RL - FUNCIONAMENTO DAS INSTITUICOES DA REDE FEDERAL DE EDUCACAO PROFISSIONAL, CIENTIFICA E TECNOLOGICA";
"08/05/2018";"158716264392018NE800030";"0035 - FUNCIONAMENTO DAS INSTITUICOES DA RED - NO ESTADO DE SAO PAU";"Empenho";"ORIGINAL";"11.099.588/0001-07 - SOLARIS TELEINFORMATICA LTDA";"SP";"IFSP - CAMPUS JACAREI";"INST.FED.DE EDUC.,CIENC.E TEC.DE SAO PAULO";"Instituto Federal de Educação, Ciência e Tecnologia de São Paulo";"Ministério da Educação";"2.264,43";"3 - Outras Despesas Correntes";"30 - Material de Consumo";"90 - Aplicações Diretas";"0000 - FUNCIONAMENTO DE INSTITUICOES FEDERAIS DE EDUCACAO PROFISSIONAL E TECNOLOGICA - DESPESAS DIVERSAS";"0000";"12 - Educação";"363 - Ensino profissional";"20RL0035 - FUNCIONAMENTO DAS INSTITUICOES DA RED - NO ESTADO DE SAO PAU";"2080 - EDUCACAO DE QUALIDADE PARA TODOS";"20RL - FUNCIONAMENTO DAS INSTITUICOES DA REDE FEDERAL DE EDUCACAO PROFISSIONAL, CIENTIFICA E TECNOLOGICA";
"08/05/2018";"158716264392018NE800031";"0035 - FUNCIONAMENTO DAS INSTITUICOES DA RED - NO ESTADO DE SAO PAU";"Empenho";"ORIGINAL";"18.706.498/0001-78 - THE BEST PRODUTOS ELETRONICOS LTDA";"GO";"IFSP - CAMPUS JACAREI";"INST.FED.DE EDUC.,CIENC.E TEC.DE SAO PAULO";"Instituto Federal de Educação, Ciência e Tecnologia de São Paulo";"Ministério da Educação";"1.299,00";"3 - Outras Despesas Correntes";"30 - Material de Consumo";"90 - Aplicações Diretas";"0000 - FUNCIONAMENTO DE INSTITUICOES FEDERAIS DE EDUCACAO PROFISSIONAL E TECNOLOGICA - DESPESAS DIVERSAS";"0000";"12 - Educação";"363 - Ensino profissional";"20RL0035 - FUNCIONAMENTO DAS INSTITUICOES DA RED - NO ESTADO DE SAO PAU";"2080 - EDUCACAO DE QUALIDADE PARA TODOS";"20RL - FUNCIONAMENTO DAS INSTITUICOES DA REDE FEDERAL DE EDUCACAO PROFISSIONAL, CIENTIFICA E TECNOLOGICA";
"08/05/2018";"158716264392018NE800032";"0035 - FUNCIONAMENTO DAS INSTITUICOES DA RED - NO ESTADO DE SAO PAU";"Empenho";"ORIGINAL";"10.986.234/0001-03 - TOTAL DOCUMENTOS E CIA LTDA";"MG";"IFSP - CAMPUS JACAREI";"INST.FED.DE EDUC.,CIENC.E TEC.DE SAO PAULO";"Instituto Federal de Educação, Ciência e Tecnologia de São Paulo";"Ministério da Educação";"79,00";"3 - Outras Despesas Correntes";"30 - Material de Consumo";"90 - Aplicações Diretas";"0000 - FUNCIONAMENTO DE INSTITUICOES FEDERAIS DE EDUCACAO PROFISSIONAL E TECNOLOGICA - DESPESAS DIVERSAS";"0000";"12 - Educação";"363 - Ensino profissional";"20RL0035 - FUNCIONAMENTO DAS INSTITUICOES DA RED - NO ESTADO DE SAO PAU";"2080 - EDUCACAO DE QUALIDADE PARA TODOS";"20RL - FUNCIONAMENTO DAS INSTITUICOES DA REDE FEDERAL DE EDUCACAO PROFISSIONAL, CIENTIFICA E TECNOLOGICA";
"14/05/2018";"158716264392018NE800033";"0035 - FUNCIONAMENTO DAS INSTITUICOES DA RED - NO ESTADO DE SAO PAU";"Empenho";"ORIGINAL";"08.885.380/0001-09 - ANDRE PANINI ALBISSU";"SP";"IFSP - CAMPUS JACAREI";"INST.FED.DE EDUC.,CIENC.E TEC.DE SAO PAULO";"Instituto Federal de Educação, Ciência e Tecnologia de São Paulo";"Ministério da Educação";"9.516,40";"4 - Investimentos";"52 - Equipamentos e Material Permanente";"90 - Aplicações Diretas";"0000 - FUNCIONAMENTO DE INSTITUICOES FEDERAIS DE EDUCACAO PROFISSIONAL E TECNOLOGICA - DESPESAS DIVERSAS";"0000";"12 - Educação";"363 - Ensino profissional";"20RL0035 - FUNCIONAMENTO DAS INSTITUICOES DA RED - NO ESTADO DE SAO PAU";"2080 - EDUCACAO DE QUALIDADE PARA TODOS";"20RL - FUNCIONAMENTO DAS INSTITUICOES DA REDE FEDERAL DE EDUCACAO PROFISSIONAL, CIENTIFICA E TECNOLOGICA";
"14/05/2018";"158716264392018NE800034";"0035 - FUNCIONAMENTO DAS INSTITUICOES DA RED - NO ESTADO DE SAO PAU";"Empenho";"ORIGINAL";"10.713.114/0001-32 - SANTAFLEX COMERCIO DE MOVEIS LTDA";"GO";"IFSP - CAMPUS JACAREI";"INST.FED.DE EDUC.,CIENC.E TEC.DE SAO PAULO";"Instituto Federal de Educação, Ciência e Tecnologia de São Paulo";"Ministério da Educação";"8.632,00";"4 - Investimentos";"52 - Equipamentos e Material Permanente";"90 - Aplicações Diretas";"0000 - FUNCIONAMENTO DE INSTITUICOES FEDERAIS DE EDUCACAO PROFISSIONAL E TECNOLOGICA - DESPESAS DIVERSAS";"0000";"12 - Educação";"363 - Ensino profissional";"20RL0035 - FUNCIONAMENTO DAS INSTITUICOES DA RED - NO ESTADO DE SAO PAU";"2080 - EDUCACAO DE QUALIDADE PARA TODOS";"20RL - FUNCIONAMENTO DAS INSTITUICOES DA REDE FEDERAL DE EDUCACAO PROFISSIONAL, CIENTIFICA E TECNOLOGICA";
"14/05/2018";"158716264392018NE800035";"0035 - FUNCIONAMENTO DAS INSTITUICOES DA RED - NO ESTADO DE SAO PAU";"Empenho";"ORIGINAL";"13.104.805/0001-27 - F. F. N. FORNAZARI";"SP";"IFSP - CAMPUS JACAREI";"INST.FED.DE EDUC.,CIENC.E TEC.DE SAO PAULO";"Instituto Federal de Educação, Ciência e Tecnologia de São Paulo";"Ministério da Educação";"3.999,92";"4 - Investimentos";"52 - Equipamentos e Material Permanente";"90 - Aplicações Diretas";"0000 - FUNCIONAMENTO DE INSTITUICOES FEDERAIS DE EDUCACAO PROFISSIONAL E TECNOLOGICA - DESPESAS DIVERSAS";"0000";"12 - Educação";"363 - Ensino profissional";"20RL0035 - FUNCIONAMENTO DAS INSTITUICOES DA RED - NO ESTADO DE SAO PAU";"2080 - EDUCACAO DE QUALIDADE PARA TODOS";"20RL - FUNCIONAMENTO DAS INSTITUICOES DA REDE FEDERAL DE EDUCACAO PROFISSIONAL, CIENTIFICA E TECNOLOGICA";
"14/05/2018";"158716264392018NE800036";"0035 - FUNCIONAMENTO DAS INSTITUICOES DA RED - NO ESTADO DE SAO PAU";"Empenho";"ORIGINAL";"02.745.352/0001-00 - MARZO VITORINO - INDUSTRIA E COMERCIO DE MOVEIS LTDA";"SP";"IFSP - CAMPUS JACAREI";"INST.FED.DE EDUC.,CIENC.E TEC.DE SAO PAULO";"Instituto Federal de Educação, Ciência e Tecnologia de São Paulo";"Ministério da Educação";"5.700,00";"4 - Investimentos";"52 - Equipamentos e Material Permanente";"90 - Aplicações Diretas";"0000 - FUNCIONAMENTO DE INSTITUICOES FEDERAIS DE EDUCACAO PROFISSIONAL E TECNOLOGICA - DESPESAS DIVERSAS";"0000";"12 - Educação";"363 - Ensino profissional";"20RL0035 - FUNCIONAMENTO DAS INSTITUICOES DA RED - NO ESTADO DE SAO PAU";"2080 - EDUCACAO DE QUALIDADE PARA TODOS";"20RL - FUNCIONAMENTO DAS INSTITUICOES DA REDE FEDERAL DE EDUCACAO PROFISSIONAL, CIENTIFICA E TECNOLOGICA";
"14/05/2018";"158716264392018NE800037";"0035 - FUNCIONAMENTO DAS INSTITUICOES DA RED - NO ESTADO DE SAO PAU";"Empenho";"ORIGINAL";"23.821.029/0001-30 - ANSPORDE COMERCIO E REPRESENTACOES LTDA";"SP";"IFSP - CAMPUS JACAREI";"INST.FED.DE EDUC.,CIENC.E TEC.DE SAO PAULO";"Instituto Federal de Educação, Ciência e Tecnologia de São Paulo";"Ministério da Educação";"3.365,00";"4 - Investimentos";"52 - Equipamentos e Material Permanente";"90 - Aplicações Diretas";"0000 - FUNCIONAMENTO DE INSTITUICOES FEDERAIS DE EDUCACAO PROFISSIONAL E TECNOLOGICA - DESPESAS DIVERSAS";"0000";"12 - Educação";"363 - Ensino profissional";"20RL0035 - FUNCIONAMENTO DAS INSTITUICOES DA RED - NO ESTADO DE SAO PAU";"2080 - EDUCACAO DE QUALIDADE PARA TODOS";"20RL - FUNCIONAMENTO DAS INSTITUICOES DA REDE FEDERAL DE EDUCACAO PROFISSIONAL, CIENTIFICA E TECNOLOGICA";
"18/06/2018";"158716264392018NE800038";"0035 - FUNCIONAMENTO DAS INSTITUICOES DA RED - NO ESTADO DE SAO PAU";"Empenho";"ORIGINAL";"24.463.472/0001-49 - B2G COMERCIO DE ARTIGOS DE PAPELARIA E LIVRARIA LTDA";"BA";"IFSP - CAMPUS JACAREI";"INST.FED.DE EDUC.,CIENC.E TEC.DE SAO PAULO";"Instituto Federal de Educação, Ciência e Tecnologia de São Paulo";"Ministério da Educação";"333,68";"3 - Outras Despesas Correntes";"30 - Material de Consumo";"90 - Aplicações Diretas";"0000 - FUNCIONAMENTO DE INSTITUICOES FEDERAIS DE EDUCACAO PROFISSIONAL E TECNOLOGICA - DESPESAS DIVERSAS";"0000";"12 - Educação";"363 - Ensino profissional";"20RL0035 - FUNCIONAMENTO DAS INSTITUICOES DA RED - NO ESTADO DE SAO PAU";"2080 - EDUCACAO DE QUALIDADE PARA TODOS";"20RL - FUNCIONAMENTO DAS INSTITUICOES DA REDE FEDERAL DE EDUCACAO PROFISSIONAL, CIENTIFICA E TECNOLOGICA";
"18/06/2018";"158716264392018NE800039";"0035 - FUNCIONAMENTO DAS INSTITUICOES DA RED - NO ESTADO DE SAO PAU";"Empenho";"ORIGINAL";"21.189.579/0001-52 - BOING COMERCIO ATACADISTA DE MATERIAIS LTDA";"SC";"IFSP - CAMPUS JACAREI";"INST.FED.DE EDUC.,CIENC.E TEC.DE SAO PAULO";"Instituto Federal de Educação, Ciência e Tecnologia de São Paulo";"Ministério da Educação";"221,90";"3 - Outras Despesas Correntes";"30 - Material de Consumo";"90 - Aplicações Diretas";"0000 - FUNCIONAMENTO DE INSTITUICOES FEDERAIS DE EDUCACAO PROFISSIONAL E TECNOLOGICA - DESPESAS DIVERSAS";"0000";"12 - Educação";"363 - Ensino profissional";"20RL0035 - FUNCIONAMENTO DAS INSTITUICOES DA RED - NO ESTADO DE SAO PAU";"2080 - EDUCACAO DE QUALIDADE PARA TODOS";"20RL - FUNCIONAMENTO DAS INSTITUICOES DA REDE FEDERAL DE EDUCACAO PROFISSIONAL, CIENTIFICA E TECNOLOGICA";
"18/06/2018";"158716264392018NE800040";"0035 - FUNCIONAMENTO DAS INSTITUICOES DA RED - NO ESTADO DE SAO PAU";"Empenho";"ORIGINAL";"18.539.470/0001-93 - EDUARDO RITA BEM";"RS";"IFSP - CAMPUS JACAREI";"INST.FED.DE EDUC.,CIENC.E TEC.DE SAO PAULO";"Instituto Federal de Educação, Ciência e Tecnologia de São Paulo";"Ministério da Educação";"1.009,37";"3 - Outras Despesas Correntes";"30 - Material de Consumo";"90 - Aplicações Diretas";"0000 - FUNCIONAMENTO DE INSTITUICOES FEDERAIS DE EDUCACAO PROFISSIONAL E TECNOLOGICA - DESPESAS DIVERSAS";"0000";"12 - Educação";"363 - Ensino profissional";"20RL0035 - FUNCIONAMENTO DAS INSTITUICOES DA RED - NO ESTADO DE SAO PAU";"2080 - EDUCACAO DE QUALIDADE PARA TODOS";"20RL - FUNCIONAMENTO DAS INSTITUICOES DA REDE FEDERAL DE EDUCACAO PROFISSIONAL, CIENTIFICA E TECNOLOGICA";
"18/06/2018";"158716264392018NE800041";"0035 - FUNCIONAMENTO DAS INSTITUICOES DA RED - NO ESTADO DE SAO PAU";"Empenho";"ORIGINAL";"24.005.316/0001-34 - PAPELARIA PAPEL CARTAZ LTDA";"MG";"IFSP - CAMPUS JACAREI";"INST.FED.DE EDUC.,CIENC.E TEC.DE SAO PAULO";"Instituto Federal de Educação, Ciência e Tecnologia de São Paulo";"Ministério da Educação";"268,10";"3 - Outras Despesas Correntes";"30 - Material de Consumo";"90 - Aplicações Diretas";"0000 - FUNCIONAMENTO DE INSTITUICOES FEDERAIS DE EDUCACAO PROFISSIONAL E TECNOLOGICA - DESPESAS DIVERSAS";"0000";"12 - Educação";"363 - Ensino profissional";"20RL0035 - FUNCIONAMENTO DAS INSTITUICOES DA RED - NO ESTADO DE SAO PAU";"2080 - EDUCACAO DE QUALIDADE PARA TODOS";"20RL - FUNCIONAMENTO DAS INSTITUICOES DA REDE FEDERAL DE EDUCACAO PROFISSIONAL, CIENTIFICA E TECNOLOGICA";
"28/06/2018";"158716264392018NE800042";"0035 - FUNCIONAMENTO DAS INSTITUICOES DA RED - NO ESTADO DE SAO PAU";"Empenho";"REFORÇO";"48.962.625/0001-60 - SAAE SERVICO AUTONOMO DE AGUA E ESGOTO DE JACAREI";"SP";"IFSP - CAMPUS JACAREI";"INST.FED.DE EDUC.,CIENC.E TEC.DE SAO PAULO";"Instituto Federal de Educação, Ciência e Tecnologia de São Paulo";"Ministério da Educação";"20.000,00";"3 - Outras Despesas Correntes";"39 - Outros Serviços de Terceiros - Pessoa Jurídica";"90 - Aplicações Diretas";"0000 - FUNCIONAMENTO DE INSTITUICOES FEDERAIS DE EDUCACAO PROFISSIONAL E TECNOLOGICA - DESPESAS DIVERSAS";"0000";"12 - Educação";"363 - Ensino profissional";"20RL0035 - FUNCIONAMENTO DAS INSTITUICOES DA RED - NO ESTADO DE SAO PAU";"2080 - EDUCACAO DE QUALIDADE PARA TODOS";"20RL - FUNCIONAMENTO DAS INSTITUICOES DA REDE FEDERAL DE EDUCACAO PROFISSIONAL, CIENTIFICA E TECNOLOGICA";
"29/06/2018";"158716264392018NE000016";"0035 - FUNCIONAMENTO DAS INSTITUICOES DA RED - NO ESTADO DE SAO PAU";"Empenho";"ORIGINAL";"158716 - IFSP - CAMPUS JACAREI";"SP";"IFSP - CAMPUS JACAREI";"INST.FED.DE EDUC.,CIENC.E TEC.DE SAO PAULO";"Instituto Federal de Educação, Ciência e Tecnologia de São Paulo";"Ministério da Educação";"5.000,00";"3 - Outras Despesas Correntes";"18 - Auxílio Financeiro a Estudantes";"90 - Aplicações Diretas";"0000 - FUNCIONAMENTO DE INSTITUICOES FEDERAIS DE EDUCACAO PROFISSIONAL E TECNOLOGICA - DESPESAS DIVERSAS";"0000";"12 - Educação";"363 - Ensino profissional";"20RL0035 - FUNCIONAMENTO DAS INSTITUICOES DA RED - NO ESTADO DE SAO PAU";"2080 - EDUCACAO DE QUALIDADE PARA TODOS";"20RL - FUNCIONAMENTO DAS INSTITUICOES DA REDE FEDERAL DE EDUCACAO PROFISSIONAL, CIENTIFICA E TECNOLOGICA";
"24/07/2018";"158716264392018NE000017";"0035 - ASSISTENCIA AOS ESTUDANTES DA REDE FE - NO ESTADO DE SAO PAU";"Empenho";"REFORÇO";"158716 - IFSP - CAMPUS JACAREI";"SP";"IFSP - CAMPUS JACAREI";"INST.FED.DE EDUC.,CIENC.E TEC.DE SAO PAULO";"Instituto Federal de Educação, Ciência e Tecnologia de São Paulo";"Ministério da Educação";"36.444,77";"3 - Outras Despesas Correntes";"18 - Auxílio Financeiro a Estudantes";"90 - Aplicações Diretas";"0001 - AUXILIO FINANCEIRO DE ASSISTENCIA ESTUDANTIL";"0000";"12 - Educação";"363 - Ensino profissional";"29940035 - ASSISTENCIA AOS ESTUDANTES DA REDE FE - NO ESTADO DE SAO PAU";"2080 - EDUCACAO DE QUALIDADE PARA TODOS";"2994 - ASSISTENCIA AOS ESTUDANTES DA REDE FEDERAL DE EDUCACAO PROFISSIONAL, CIENTIFICA E TECNOLOGICA";
"24/07/2018";"158716264392018NE800043";"0035 - FUNCIONAMENTO DAS INSTITUICOES DA RED - NO ESTADO DE SAO PAU";"Empenho";"REFORÇO";"10.928.126/0001-84 - REAK SEGURANCA E VIGILANCIA PATRIMONIAL LTDA";"SP";"IFSP - CAMPUS JACAREI";"INST.FED.DE EDUC.,CIENC.E TEC.DE SAO PAULO";"Instituto Federal de Educação, Ciência e Tecnologia de São Paulo";"Ministério da Educação";"47.466,58";"3 - Outras Despesas Correntes";"37 - Locação de Mão-de-Obra";"90 - Aplicações Diretas";"0000 - FUNCIONAMENTO DE INSTITUICOES FEDERAIS DE EDUCACAO PROFISSIONAL E TECNOLOGICA - DESPESAS DIVERSAS";"0000";"12 - Educação";"363 - Ensino profissional";"20RL0035 - FUNCIONAMENTO DAS INSTITUICOES DA RED - NO ESTADO DE SAO PAU";"2080 - EDUCACAO DE QUALIDADE PARA TODOS";"20RL - FUNCIONAMENTO DAS INSTITUICOES DA REDE FEDERAL DE EDUCACAO PROFISSIONAL, CIENTIFICA E TECNOLOGICA";
"30/07/2018";"158716264392018NE800044";"0035 - FUNCIONAMENTO DAS INSTITUICOES DA RED - NO ESTADO DE SAO PAU";"Empenho";"REFORÇO";"09.405.866/0001-57 - PEDRAZUL SERVICOS LTDA";"SP";"IFSP - CAMPUS JACAREI";"INST.FED.DE EDUC.,CIENC.E TEC.DE SAO PAULO";"Instituto Federal de Educação, Ciência e Tecnologia de São Paulo";"Ministério da Educação";"17.867,38";"3 - Outras Despesas Correntes";"37 - Locação de Mão-de-Obra";"90 - Aplicações Diretas";"0000 - FUNCIONAMENTO DE INSTITUICOES FEDERAIS DE EDUCACAO PROFISSIONAL E TECNOLOGICA - DESPESAS DIVERSAS";"0000";"12 - Educação";"363 - Ensino profissional";"20RL0035 - FUNCIONAMENTO DAS INSTITUICOES DA RED - NO ESTADO DE SAO PAU";"2080 - EDUCACAO DE QUALIDADE PARA TODOS";"20RL - FUNCIONAMENTO DAS INSTITUICOES DA REDE FEDERAL DE EDUCACAO PROFISSIONAL, CIENTIFICA E TECNOLOGICA";
"30/07/2018";"158716264392018NE800045";"0035 - FUNCIONAMENTO DAS INSTITUICOES DA RED - NO ESTADO DE SAO PAU";"Empenho";"ANULAÇÃO";"40.432.544/0001-47 - CLARO S.A.";"SP";"IFSP - CAMPUS JACAREI";"INST.FED.DE EDUC.,CIENC.E TEC.DE SAO PAULO";"Instituto Federal de Educação, Ciência e Tecnologia de São Paulo";"Ministério da Educação";"1.710,52";"3 - Outras Despesas Correntes";"39 - Outros Serviços de Terceiros - Pessoa Jurídica";"90 - Aplicações Diretas";"0000 - FUNCIONAMENTO DE INSTITUICOES FEDERAIS DE EDUCACAO PROFISSIONAL E TECNOLOGICA - DESPESAS DIVERSAS";"0000";"12 - Educação";"363 - Ensino profissional";"20RL0035 - FUNCIONAMENTO DAS INSTITUICOES DA RED - NO ESTADO DE SAO PAU";"2080 - EDUCACAO DE QUALIDADE PARA TODOS";"20RL - FUNCIONAMENTO DAS INSTITUICOES DA REDE FEDERAL DE EDUCACAO PROFISSIONAL, CIENTIFICA E TECNOLOGICA";
"03/08/2018";"158716264392018NE800046";"0035 - FUNCIONAMENTO DAS INSTITUICOES DA RED - NO ESTADO DE SAO PAU";"Empenho";"ORIGINAL";"08.752.749/0001-05 - SAFEPRO SERVICOS LTDA";"SP";"IFSP - CAMPUS JACAREI";"INST.FED.DE EDUC.,CIENC.E TEC.DE SAO PAULO";"Instituto Federal de Educação, Ciência e Tecnologia de São Paulo";"Ministério da Educação";"5.000,00";"3 - Outras Despesas Correntes";"37 - Locação de Mão-de-Obra";"90 - Aplicações Diretas";"0000 - FUNCIONAMENTO DE INSTITUICOES FEDERAIS DE EDUCACAO PROFISSIONAL E TECNOLOGICA - DESPESAS DIVERSAS";"0000";"12 - Educação";"363 - Ensino profissional";"20RL0035 - FUNCIONAMENTO DAS INSTITUICOES DA RED - NO ESTADO DE SAO PAU";"2080 - EDUCACAO DE QUALIDADE PARA TODOS";"20RL - FUNCIONAMENTO DAS INSTITUICOES DA REDE FEDERAL DE EDUCACAO PROFISSIONAL, CIENTIFICA E TECNOLOGICA";
"09/08/2018";"158716264392018NE000018";"0035 - ASSISTENCIA AOS ESTUDANTES DA REDE FE - NO ESTADO DE SAO PAU";"Empenho";"REFORÇO";"158716 - IFSP - CAMPUS JACAREI";"SP";"IFSP - CAMPUS JACAREI";"INST.FED.DE EDUC.,CIENC.E TEC.DE SAO PAULO";"Instituto Federal de Educação, Ciência e Tecnologia de São Paulo";"Ministério da Educação";"36.444,77";"3 - Outras Despesas Correntes";"18 - Auxílio Financeiro a Estudantes";"90 - Aplicações Diretas";"0001 - AUXILIO FINANCEIRO DE ASSISTENCIA ESTUDANTIL";"0000";"12 - Educação";"363 - Ensino profissional";"29940035 - ASSISTENCIA AOS ESTUDANTES DA REDE FE - NO ESTADO DE SAO PAU";"2080 - EDUCACAO DE QUALIDADE PARA TODOS";"2994 - ASSISTENCIA AOS ESTUDANTES DA REDE FEDERAL DE EDUCACAO PROFISSIONAL, CIENTIFICA E TECNOLOGICA";
"09/08/2018";"158716264392018NE800047";"0035 - FUNCIONAMENTO DAS INSTITUICOES DA RED - NO ESTADO DE SAO PAU";"Empenho";"REFORÇO";"11.569.283/0001-03 - J.M. RIBEIRO NETO PAISAGISMO";"SP";"IFSP - CAMPUS JACAREI";"INST.FED.DE EDUC.,CIENC.E TEC.DE SAO PAULO";"Instituto Federal de Educação, Ciência e Tecnologia de São Paulo";"Ministério da Educação";"38.787,00";"3 - Outras Despesas Correntes";"37 - Locação de Mão-de-Obra";"90 - Aplicações Diretas";"0000 - FUNCIONAMENTO DE INSTITUICOES FEDERAIS DE EDUCACAO PROFISSIONAL E TECNOLOGICA - DESPESAS DIVERSAS";"0000";"12 - Educação";"363 - Ensino profissional";"20RL0035 - FUNCIONAMENTO DAS INSTITUICOES DA RED - NO ESTADO DE SAO PAU";"2080 - EDUCACAO DE QUALIDADE PARA TODOS";"20RL - FUNCIONAMENTO DAS INSTITUICOES DA REDE FEDERAL DE EDUCACAO PROFISSIONAL, CIENTIFICA E TECNOLOGICA";
"09/08/2018";"158716264392018NE800048";"0035 - FUNCIONAMENTO DAS INSTITUICOES DA RED - NO ESTADO DE SAO PAU";"Empenho";"REFORÇO";"02.302.100/0001-06 - EDP SAO PAULO DISTRIBUICAO DE ENERGIA S.A.";"SP";"IFSP - CAMPUS JACAREI";"INST.FED.DE EDUC.,CIENC.E TEC.DE SAO PAULO";"Instituto Federal de Educação, Ciência e Tecnologia de São Paulo";"Ministério da Educação";"20.000,00";"3 - Outras Despesas Correntes";"39 - Outros Serviços de Terceiros - Pessoa Jurídica";"90 - Aplicações Diretas";"0000 - FUNCIONAMENTO DE INSTITUICOES FEDERAIS DE EDUCACAO PROFISSIONAL E TECNOLOGICA - DESPESAS DIVERSAS";"0000";"12 - Educação";"363 - Ensino profissional";"20RL0035 - FUNCIONAMENTO DAS INSTITUICOES DA RED - NO ESTADO DE SAO PAU";"2080 - EDUCACAO DE QUALIDADE PARA TODOS";"20RL - FUNCIONAMENTO DAS INSTITUICOES DA REDE FEDERAL DE EDUCACAO PROFISSIONAL, CIENTIFICA E TECNOLOGICA";
"09/08/2018";"158716264392018NE800049";"0035 - FUNCIONAMENTO DAS INSTITUICOES DA RED - NO ESTADO DE SAO PAU";"Empenho";"REFORÇO";"08.752.749/0001-05 - SAFEPRO SERVICOS LTDA";"SP";"IFSP - CAMPUS JACAREI";"INST.FED.DE EDUC.,CIENC.E TEC.DE SAO PAULO";"Instituto Federal de Educação, Ciência e Tecnologia de São Paulo";"Ministério da Educação";"30.000,00";"3 - Outras Despesas Correntes";"37 - Locação de Mão-de-Obra";"90 - Aplicações Diretas";"0000 - FUNCIONAMENTO DE INSTITUICOES FEDERAIS DE EDUCACAO PROFISSIONAL E TECNOLOGICA - DESPESAS DIVERSAS";"0000";"12 - Educação";"363 - Ensino profissional";"20RL0035 - FUNCIONAMENTO DAS INSTITUICOES DA RED - NO ESTADO DE SAO PAU";"2080 - EDUCACAO DE QUALIDADE PARA TODOS";"20RL - FUNCIONAMENTO DAS INSTITUICOES DA REDE FEDERAL DE EDUCACAO PROFISSIONAL, CIENTIFICA E TECNOLOGICA";
"13/08/2018";"158716264392018NE800050";"0035 - FUNCIONAMENTO DAS INSTITUICOES DA RED - NO ESTADO DE SAO PAU";"Empenho";"ORIGINAL";"08.808.811/0001-25 - PONTTO ONLINE COMERCIAL LTDA";"PR";"IFSP - CAMPUS JACAREI";"INST.FED.DE EDUC.,CIENC.E TEC.DE SAO PAULO";"Instituto Federal de Educação, Ciência e Tecnologia de São Paulo";"Ministério da Educação";"4.064,06";"3 - Outras Despesas Correntes";"32 - Material, Bem ou Serviço para Distribuição Gratuita";"90 - Aplicações Diretas";"0000 - FUNCIONAMENTO DE INSTITUICOES FEDERAIS DE EDUCACAO PROFISSIONAL E TECNOLOGICA - DESPESAS DIVERSAS";"0000";"12 - Educação";"363 - Ensino profissional";"20RL0035 - FUNCIONAMENTO DAS INSTITUICOES DA RED - NO ESTADO DE SAO PAU";"2080 - EDUCACAO DE QUALIDADE PARA TODOS";"20RL - FUNCIONAMENTO DAS INSTITUICOES DA REDE FEDERAL DE EDUCACAO PROFISSIONAL, CIENTIFICA E TECNOLOGICA";
"13/08/2018";"158716264392018NE800051";"0035 - FUNCIONAMENTO DAS INSTITUICOES DA RED - NO ESTADO DE SAO PAU";"Empenho";"ORIGINAL";"06.910.908/0001-19 - J BRILHANTE COMERCIAL LTDA";"SP";"IFSP - CAMPUS JACAREI";"INST.FED.DE EDUC.,CIENC.E TEC.DE SAO PAULO";"Instituto Federal de Educação, Ciência e Tecnologia de São Paulo";"Ministério da Educação";"936,00";"3 - Outras Despesas Correntes";"32 - Material, Bem ou Serviço para Distribuição Gratuita";"90 - Aplicações Diretas";"0000 - FUNCIONAMENTO DE INSTITUICOES FEDERAIS DE EDUCACAO PROFISSIONAL E TECNOLOGICA - DESPESAS DIVERSAS";"0000";"12 - Educação";"363 - Ensino profissional";"20RL0035 - FUNCIONAMENTO DAS INSTITUICOES DA RED - NO ESTADO DE SAO PAU";"2080 - EDUCACAO DE QUALIDADE PARA TODOS";"20RL - FUNCIONAMENTO DAS INSTITUICOES DA REDE FEDERAL DE EDUCACAO PROFISSIONAL, CIENTIFICA E TECNOLOGICA";
"28/08/2018";"158716264392018NE800052";"0035 - REESTRUTURACAO E MODERNIZACAO DAS INS - NO ESTADO DE SAO PAU";"Empenho";"ORIGINAL";"26.854.929/0001-71 - DIDAQUE EMPREENDIMENTOS LTDA";"MA";"IFSP - CAMPUS JACAREI";"INST.FED.DE EDUC.,CIENC.E TEC.DE SAO PAULO";"Instituto Federal de Educação, Ciência e Tecnologia de São Paulo";"Ministério da Educação";"290,64";"4 - Investimentos";"52 - Equipamentos e Material Permanente";"90 - Aplicações Diretas";"0000 - REESTRUTURACAO E MODERNIZACAO DE INSTITUICOES FEDERAIS DE EDUCACAO PROFISSIONAL E TECNOLOGICA - DESPESAS DIVERSAS";"0000";"12 - Educação";"363 - Ensino profissional";"20RG0035 - REESTRUTURACAO E MODERNIZACAO DAS INS - NO ESTADO DE SAO PAU";"2080 - EDUCACAO DE QUALIDADE PARA TODOS";"20RG - REESTRUTURACAO E MODERNIZACAO DAS INSTITUICOES DA REDE FEDERAL DE EDUCACAO PROFISSIONAL, CIENTIFICA E TECNOLOGICA";
"28/08/2018";"158716264392018NE800053";"0035 - REESTRUTURACAO E MODERNIZACAO DAS INS - NO ESTADO DE SAO PAU";"Empenho";"ORIGINAL";"81.114.803/0001-79 - W3 INDUSTRIAS REUNIDAS S/A";"PR";"IFSP - CAMPUS JACAREI";"INST.FED.DE EDUC.,CIENC.E TEC.DE SAO PAULO";"Instituto Federal de Educação, Ciência e Tecnologia de São Paulo";"Ministério da Educação";"3.100,00";"4 - Investimentos";"52 - Equipamentos e Material Permanente";"90 - Aplicações Diretas";"0000 - REESTRUTURACAO E MODERNIZACAO DE INSTITUICOES FEDERAIS DE EDUCACAO PROFISSIONAL E TECNOLOGICA - DESPESAS DIVERSAS";"0000";"12 - Educação";"363 - Ensino profissional";"20RG0035 - REESTRUTURACAO E MODERNIZACAO DAS INS - NO ESTADO DE SAO PAU";"2080 - EDUCACAO DE QUALIDADE PARA TODOS";"20RG - REESTRUTURACAO E MODERNIZACAO DAS INSTITUICOES DA REDE FEDERAL DE EDUCACAO PROFISSIONAL, CIENTIFICA E TECNOLOGICA";
"29/08/2018";"158716264392018NE800054";"0035 - FUNCIONAMENTO DAS INSTITUICOES DA RED - NO ESTADO DE SAO PAU";"Empenho";"ORIGINAL";"25.406.063/0001-73 - CREATECH COMERCIO E SOLUCOES CORPORATIVAS LTDA";"SP";"IFSP - CAMPUS JACAREI";"INST.FED.DE EDUC.,CIENC.E TEC.DE SAO PAULO";"Instituto Federal de Educação, Ciência e Tecnologia de São Paulo";"Ministério da Educação";"6.186,00";"4 - Investimentos";"52 - Equipamentos e Material Permanente";"90 - Aplicações Diretas";"0000 - FUNCIONAMENTO DE INSTITUICOES FEDERAIS DE EDUCACAO PROFISSIONAL E TECNOLOGICA - DESPESAS DIVERSAS";"0000";"12 - Educação";"363 - Ensino profissional";"20RL0035 - FUNCIONAMENTO DAS INSTITUICOES DA RED - NO ESTADO DE SAO PAU";"2080 - EDUCACAO DE QUALIDADE PARA TODOS";"20RL - FUNCIONAMENTO DAS INSTITUICOES DA REDE FEDERAL DE EDUCACAO PROFISSIONAL, CIENTIFICA E TECNOLOGICA";
"30/08/2018";"158716264392018NE800055";"0035 - REESTRUTURACAO E MODERNIZACAO DAS INS - NO ESTADO DE SAO PAU";"Empenho";"ANULAÇÃO";"26.854.929/0001-71 - DIDAQUE EMPREENDIMENTOS LTDA";"MA";"IFSP - CAMPUS JACAREI";"INST.FED.DE EDUC.,CIENC.E TEC.DE SAO PAULO";"Instituto Federal de Educação, Ciência e Tecnologia de São Paulo";"Ministério da Educação";"290,64";"4 - Investimentos";"52 - Equipamentos e Material Permanente";"90 - Aplicações Diretas";"0000 - REESTRUTURACAO E MODERNIZACAO DE INSTITUICOES FEDERAIS DE EDUCACAO PROFISSIONAL E TECNOLOGICA - DESPESAS DIVERSAS";"0000";"12 - Educação";"363 - Ensino profissional";"20RG0035 - REESTRUTURACAO E MODERNIZACAO DAS INS - NO ESTADO DE SAO PAU";"2080 - EDUCACAO DE QUALIDADE PARA TODOS";"20RG - REESTRUTURACAO E MODERNIZACAO DAS INSTITUICOES DA REDE FEDERAL DE EDUCACAO PROFISSIONAL, CIENTIFICA E TECNOLOGICA";
"30/08/2018";"158716264392018NE800056";"0035 - REESTRUTURACAO E MODERNIZACAO DAS INS - NO ESTADO DE SAO PAU";"Empenho";"ANULAÇÃO";"81.114.803/0001-79 - W3 INDUSTRIAS REUNIDAS S/A";"PR";"IFSP - CAMPUS JACAREI";"INST.FED.DE EDUC.,CIENC.E TEC.DE SAO PAULO";"Instituto Federal de Educação, Ciência e Tecnologia de São Paulo";"Ministério da Educação";"3.100,00";"4 - Investimentos";"52 - Equipamentos e Material Permanente";"90 - Aplicações Diretas";"0000 - REESTRUTURACAO E MODERNIZACAO DE INSTITUICOES FEDERAIS DE EDUCACAO PROFISSIONAL E TECNOLOGICA - DESPESAS DIVERSAS";"0000";"12 - Educação";"363 - Ensino profissional";"20RG0035 - REESTRUTURACAO E MODERNIZACAO DAS INS - NO ESTADO DE SAO PAU";"2080 - EDUCACAO DE QUALIDADE PARA TODOS";"20RG - REESTRUTURACAO E MODERNIZACAO DAS INSTITUICOES DA REDE FEDERAL DE EDUCACAO PROFISSIONAL, CIENTIFICA E TECNOLOGICA";
"30/08/2018";"158716264392018NE800057";"0035 - FUNCIONAMENTO DAS INSTITUICOES DA RED - NO ESTADO DE SAO PAU";"Empenho";"ORIGINAL";"26.854.929/0001-71 - DIDAQUE EMPREENDIMENTOS LTDA";"MA";"IFSP - CAMPUS JACAREI";"INST.FED.DE EDUC.,CIENC.E TEC.DE SAO PAULO";"Instituto Federal de Educação, Ciência e Tecnologia de São Paulo";"Ministério da Educação";"290,64";"4 - Investimentos";"52 - Equipamentos e Material Permanente";"90 - Aplicações Diretas";"0000 - FUNCIONAMENTO DE INSTITUICOES FEDERAIS DE EDUCACAO PROFISSIONAL E TECNOLOGICA - DESPESAS DIVERSAS";"0000";"12 - Educação";"363 - Ensino profissional";"20RL0035 - FUNCIONAMENTO DAS INSTITUICOES DA RED - NO ESTADO DE SAO PAU";"2080 - EDUCACAO DE QUALIDADE PARA TODOS";"20RL - FUNCIONAMENTO DAS INSTITUICOES DA REDE FEDERAL DE EDUCACAO PROFISSIONAL, CIENTIFICA E TECNOLOGICA";
"30/08/2018";"158716264392018NE800058";"0035 - FUNCIONAMENTO DAS INSTITUICOES DA RED - NO ESTADO DE SAO PAU";"Empenho";"ORIGINAL";"81.114.803/0001-79 - W3 INDUSTRIAS REUNIDAS S/A";"PR";"IFSP - CAMPUS JACAREI";"INST.FED.DE EDUC.,CIENC.E TEC.DE SAO PAULO";"Instituto Federal de Educação, Ciência e Tecnologia de São Paulo";"Ministério da Educação";"3.100,00";"4 - Investimentos";"52 - Equipamentos e Material Permanente";"90 - Aplicações Diretas";"0000 - FUNCIONAMENTO DE INSTITUICOES FEDERAIS DE EDUCACAO PROFISSIONAL E TECNOLOGICA - DESPESAS DIVERSAS";"0000";"12 - Educação";"363 - Ensino profissional";"20RL0035 - FUNCIONAMENTO DAS INSTITUICOES DA RED - NO ESTADO DE SAO PAU";"2080 - EDUCACAO DE QUALIDADE PARA TODOS";"20RL - FUNCIONAMENTO DAS INSTITUICOES DA REDE FEDERAL DE EDUCACAO PROFISSIONAL, CIENTIFICA E TECNOLOGICA";
"10/09/2018";"158716264392018NE000019";"0035 - FUNCIONAMENTO DAS INSTITUICOES DA RED - NO ESTADO DE SAO PAU";"Empenho";"ORIGINAL";"158716 - IFSP - CAMPUS JACAREI";"SP";"IFSP - CAMPUS JACAREI";"INST.FED.DE EDUC.,CIENC.E TEC.DE SAO PAULO";"Instituto Federal de Educação, Ciência e Tecnologia de São Paulo";"Ministério da Educação";"3.521,05";"3 - Outras Despesas Correntes";"14 - Diárias - Civil";"90 - Aplicações Diretas";"0000 - FUNCIONAMENTO DE INSTITUICOES FEDERAIS DE EDUCACAO PROFISSIONAL E TECNOLOGICA - DESPESAS DIVERSAS";"0000";"12 - Educação";"363 - Ensino profissional";"20RL0035 - FUNCIONAMENTO DAS INSTITUICOES DA RED - NO ESTADO DE SAO PAU";"2080 - EDUCACAO DE QUALIDADE PARA TODOS";"20RL - FUNCIONAMENTO DAS INSTITUICOES DA REDE FEDERAL DE EDUCACAO PROFISSIONAL, CIENTIFICA E TECNOLOGICA";
"13/09/2018";"158716264392018NE000020";"0035 - FUNCIONAMENTO DAS INSTITUICOES DA RED - NO ESTADO DE SAO PAU";"Empenho";"ORIGINAL";"158716 - IFSP - CAMPUS JACAREI";"SP";"IFSP - CAMPUS JACAREI";"INST.FED.DE EDUC.,CIENC.E TEC.DE SAO PAULO";"Instituto Federal de Educação, Ciência e Tecnologia de São Paulo";"Ministério da Educação";"450,00";"3 - Outras Despesas Correntes";"18 - Auxílio Financeiro a Estudantes";"90 - Aplicações Diretas";"0000 - FUNCIONAMENTO DE INSTITUICOES FEDERAIS DE EDUCACAO PROFISSIONAL E TECNOLOGICA - DESPESAS DIVERSAS";"0000";"12 - Educação";"363 - Ensino profissional";"20RL0035 - FUNCIONAMENTO DAS INSTITUICOES DA RED - NO ESTADO DE SAO PAU";"2080 - EDUCACAO DE QUALIDADE PARA TODOS";"20RL - FUNCIONAMENTO DAS INSTITUICOES DA REDE FEDERAL DE EDUCACAO PROFISSIONAL, CIENTIFICA E TECNOLOGICA";
"14/09/2018";"158716264392018NE000021";"0035 - FUNCIONAMENTO DAS INSTITUICOES DA RED - NO ESTADO DE SAO PAU";"Empenho";"ORIGINAL";"158716 - IFSP - CAMPUS JACAREI";"SP";"IFSP - CAMPUS JACAREI";"INST.FED.DE EDUC.,CIENC.E TEC.DE SAO PAULO";"Instituto Federal de Educação, Ciência e Tecnologia de São Paulo";"Ministério da Educação";"8.000,00";"3 - Outras Despesas Correntes";"18 - Auxílio Financeiro a Estudantes";"90 - Aplicações Diretas";"0000 - FUNCIONAMENTO DE INSTITUICOES FEDERAIS DE EDUCACAO PROFISSIONAL E TECNOLOGICA - DESPESAS DIVERSAS";"0000";"12 - Educação";"363 - Ensino profissional";"20RL0035 - FUNCIONAMENTO DAS INSTITUICOES DA RED - NO ESTADO DE SAO PAU";"2080 - EDUCACAO DE QUALIDADE PARA TODOS";"20RL - FUNCIONAMENTO DAS INSTITUICOES DA REDE FEDERAL DE EDUCACAO PROFISSIONAL, CIENTIFICA E TECNOLOGICA";
"14/09/2018";"158716264392018NE000022";"0035 - FUNCIONAMENTO DAS INSTITUICOES DA RED - NO ESTADO DE SAO PAU";"Empenho";"ORIGINAL";"158716 - IFSP - CAMPUS JACAREI";"SP";"IFSP - CAMPUS JACAREI";"INST.FED.DE EDUC.,CIENC.E TEC.DE SAO PAULO";"Instituto Federal de Educação, Ciência e Tecnologia de São Paulo";"Ministério da Educação";"1.200,00";"3 - Outras Despesas Correntes";"18 - Auxílio Financeiro a Estudantes";"90 - Aplicações Diretas";"0000 - FUNCIONAMENTO DE INSTITUICOES FEDERAIS DE EDUCACAO PROFISSIONAL E TECNOLOGICA - DESPESAS DIVERSAS";"0000";"12 - Educação";"363 - Ensino profissional";"20RL0035 - FUNCIONAMENTO DAS INSTITUICOES DA RED - NO ESTADO DE SAO PAU";"2080 - EDUCACAO DE QUALIDADE PARA TODOS";"20RL - FUNCIONAMENTO DAS INSTITUICOES DA REDE FEDERAL DE EDUCACAO PROFISSIONAL, CIENTIFICA E TECNOLOGICA";
"19/09/2018";"158716264392018NE000023";"0035 - FUNCIONAMENTO DAS INSTITUICOES DA RED - NO ESTADO DE SAO PAU";"Empenho";"REFORÇO";"158716 - IFSP - CAMPUS JACAREI";"SP";"IFSP - CAMPUS JACAREI";"INST.FED.DE EDUC.,CIENC.E TEC.DE SAO PAULO";"Instituto Federal de Educação, Ciência e Tecnologia de São Paulo";"Ministério da Educação";"2.500,00";"3 - Outras Despesas Correntes";"18 - Auxílio Financeiro a Estudantes";"90 - Aplicações Diretas";"0000 - FUNCIONAMENTO DE INSTITUICOES FEDERAIS DE EDUCACAO PROFISSIONAL E TECNOLOGICA - DESPESAS DIVERSAS";"0000";"12 - Educação";"363 - Ensino profissional";"20RL0035 - FUNCIONAMENTO DAS INSTITUICOES DA RED - NO ESTADO DE SAO PAU";"2080 - EDUCACAO DE QUALIDADE PARA TODOS";"20RL - FUNCIONAMENTO DAS INSTITUICOES DA REDE FEDERAL DE EDUCACAO PROFISSIONAL, CIENTIFICA E TECNOLOGICA";
"26/09/2018";"158716264392018NE000024";"0035 - FUNCIONAMENTO DAS INSTITUICOES DA RED - NO ESTADO DE SAO PAU";"Empenho";"ORIGINAL";"158716 - IFSP - CAMPUS JACAREI";"SP";"IFSP - CAMPUS JACAREI";"INST.FED.DE EDUC.,CIENC.E TEC.DE SAO PAULO";"Instituto Federal de Educação, Ciência e Tecnologia de São Paulo";"Ministério da Educação";"1.000,00";"3 - Outras Despesas Correntes";"18 - Auxílio Financeiro a Estudantes";"90 - Aplicações Diretas";"0000 - FUNCIONAMENTO DE INSTITUICOES FEDERAIS DE EDUCACAO PROFISSIONAL E TECNOLOGICA - DESPESAS DIVERSAS";"0000";"12 - Educação";"363 - Ensino profissional";"20RL0035 - FUNCIONAMENTO DAS INSTITUICOES DA RED - NO ESTADO DE SAO PAU";"2080 - EDUCACAO DE QUALIDADE PARA TODOS";"20RL - FUNCIONAMENTO DAS INSTITUICOES DA REDE FEDERAL DE EDUCACAO PROFISSIONAL, CIENTIFICA E TECNOLOGICA";
"26/09/2018";"158716264392018NE800059";"0035 - FUNCIONAMENTO DAS INSTITUICOES DA RED - NO ESTADO DE SAO PAU";"Empenho";"REFORÇO";"16.927.639/0001-57 - A.D SERVICOS PREDIAIS LTDA";"SP";"IFSP - CAMPUS JACAREI";"INST.FED.DE EDUC.,CIENC.E TEC.DE SAO PAULO";"Instituto Federal de Educação, Ciência e Tecnologia de São Paulo";"Ministério da Educação";"7.527,24";"3 - Outras Despesas Correntes";"37 - Locação de Mão-de-Obra";"90 - Aplicações Diretas";"0000 - FUNCIONAMENTO DE INSTITUICOES FEDERAIS DE EDUCACAO PROFISSIONAL E TECNOLOGICA - DESPESAS DIVERSAS";"0000";"12 - Educação";"363 - Ensino profissional";"20RL0035 - FUNCIONAMENTO DAS INSTITUICOES DA RED - NO ESTADO DE SAO PAU";"2080 - EDUCACAO DE QUALIDADE PARA TODOS";"20RL - FUNCIONAMENTO DAS INSTITUICOES DA REDE FEDERAL DE EDUCACAO PROFISSIONAL, CIENTIFICA E TECNOLOGICA";
"26/09/2018";"158716264392018NE800060";"0035 - FUNCIONAMENTO DAS INSTITUICOES DA RED - NO ESTADO DE SAO PAU";"Empenho";"REFORÇO";"02.302.100/0001-06 - EDP SAO PAULO DISTRIBUICAO DE ENERGIA S.A.";"SP";"IFSP - CAMPUS JACAREI";"INST.FED.DE EDUC.,CIENC.E TEC.DE SAO PAULO";"Instituto Federal de Educação, Ciência e Tecnologia de São Paulo";"Ministério da Educação";"16.000,00";"3 - Outras Despesas Correntes";"39 - Outros Serviços de Terceiros - Pessoa Jurídica";"90 - Aplicações Diretas";"0000 - FUNCIONAMENTO DE INSTITUICOES FEDERAIS DE EDUCACAO PROFISSIONAL E TECNOLOGICA - DESPESAS DIVERSAS";"0000";"12 - Educação";"363 - Ensino profissional";"20RL0035 - FUNCIONAMENTO DAS INSTITUICOES DA RED - NO ESTADO DE SAO PAU";"2080 - EDUCACAO DE QUALIDADE PARA TODOS";"20RL - FUNCIONAMENTO DAS INSTITUICOES DA REDE FEDERAL DE EDUCACAO PROFISSIONAL, CIENTIFICA E TECNOLOGICA";
"26/09/2018";"158716264392018NE800061";"0035 - FUNCIONAMENTO DAS INSTITUICOES DA RED - NO ESTADO DE SAO PAU";"Empenho";"REFORÇO";"08.752.749/0001-05 - SAFEPRO SERVICOS LTDA";"SP";"IFSP - CAMPUS JACAREI";"INST.FED.DE EDUC.,CIENC.E TEC.DE SAO PAULO";"Instituto Federal de Educação, Ciência e Tecnologia de São Paulo";"Ministério da Educação";"44.087,86";"3 - Outras Despesas Correntes";"37 - Locação de Mão-de-Obra";"90 - Aplicações Diretas";"0000 - FUNCIONAMENTO DE INSTITUICOES FEDERAIS DE EDUCACAO PROFISSIONAL E TECNOLOGICA - DESPESAS DIVERSAS";"0000";"12 - Educação";"363 - Ensino profissional";"20RL0035 - FUNCIONAMENTO DAS INSTITUICOES DA RED - NO ESTADO DE SAO PAU";"2080 - EDUCACAO DE QUALIDADE PARA TODOS";"20RL - FUNCIONAMENTO DAS INSTITUICOES DA REDE FEDERAL DE EDUCACAO PROFISSIONAL, CIENTIFICA E TECNOLOGICA";
"26/09/2018";"158716264392018NE800062";"0035 - FUNCIONAMENTO DAS INSTITUICOES DA RED - NO ESTADO DE SAO PAU";"Empenho";"REFORÇO";"11.569.283/0001-03 - J.M. RIBEIRO NETO PAISAGISMO";"SP";"IFSP - CAMPUS JACAREI";"INST.FED.DE EDUC.,CIENC.E TEC.DE SAO PAULO";"Instituto Federal de Educação, Ciência e Tecnologia de São Paulo";"Ministério da Educação";"41.577,00";"3 - Outras Despesas Correntes";"37 - Locação de Mão-de-Obra";"90 - Aplicações Diretas";"0000 - FUNCIONAMENTO DE INSTITUICOES FEDERAIS DE EDUCACAO PROFISSIONAL E TECNOLOGICA - DESPESAS DIVERSAS";"0000";"12 - Educação";"363 - Ensino profissional";"20RL0035 - FUNCIONAMENTO DAS INSTITUICOES DA RED - NO ESTADO DE SAO PAU";"2080 - EDUCACAO DE QUALIDADE PARA TODOS";"20RL - FUNCIONAMENTO DAS INSTITUICOES DA REDE FEDERAL DE EDUCACAO PROFISSIONAL, CIENTIFICA E TECNOLOGICA";
"27/09/2018";"158716264392018NE000025";"0035 - FUNCIONAMENTO DAS INSTITUICOES DA RED - NO ESTADO DE SAO PAU";"Empenho";"REFORÇO";"158716 - IFSP - CAMPUS JACAREI";"SP";"IFSP - CAMPUS JACAREI";"INST.FED.DE EDUC.,CIENC.E TEC.DE SAO PAULO";"Instituto Federal de Educação, Ciência e Tecnologia de São Paulo";"Ministério da Educação";"1.791,30";"3 - Outras Despesas Correntes";"18 - Auxílio Financeiro a Estudantes";"90 - Aplicações Diretas";"0000 - FUNCIONAMENTO DE INSTITUICOES FEDERAIS DE EDUCACAO PROFISSIONAL E TECNOLOGICA - DESPESAS DIVERSAS";"0000";"12 - Educação";"363 - Ensino profissional";"20RL0035 - FUNCIONAMENTO DAS INSTITUICOES DA RED - NO ESTADO DE SAO PAU";"2080 - EDUCACAO DE QUALIDADE PARA TODOS";"20RL - FUNCIONAMENTO DAS INSTITUICOES DA REDE FEDERAL DE EDUCACAO PROFISSIONAL, CIENTIFICA E TECNOLOGICA";
"27/09/2018";"158716264392018NE000026";"0035 - FUNCIONAMENTO DAS INSTITUICOES DA RED - NO ESTADO DE SAO PAU";"Empenho";"REFORÇO";"158716 - IFSP - CAMPUS JACAREI";"SP";"IFSP - CAMPUS JACAREI";"INST.FED.DE EDUC.,CIENC.E TEC.DE SAO PAULO";"Instituto Federal de Educação, Ciência e Tecnologia de São Paulo";"Ministério da Educação";"279,00";"3 - Outras Despesas Correntes";"14 - Diárias - Civil";"90 - Aplicações Diretas";"0000 - FUNCIONAMENTO DE INSTITUICOES FEDERAIS DE EDUCACAO PROFISSIONAL E TECNOLOGICA - DESPESAS DIVERSAS";"0000";"12 - Educação";"363 - Ensino profissional";"20RL0035 - FUNCIONAMENTO DAS INSTITUICOES DA RED - NO ESTADO DE SAO PAU";"2080 - EDUCACAO DE QUALIDADE PARA TODOS";"20RL - FUNCIONAMENTO DAS INSTITUICOES DA REDE FEDERAL DE EDUCACAO PROFISSIONAL, CIENTIFICA E TECNOLOGICA";
"27/09/2018";"158716264392018NE800063";"0035 - FUNCIONAMENTO DAS INSTITUICOES DA RED - NO ESTADO DE SAO PAU";"Empenho";"REFORÇO";"10.928.126/0001-84 - REAK SEGURANCA E VIGILANCIA PATRIMONIAL LTDA";"SP";"IFSP - CAMPUS JACAREI";"INST.FED.DE EDUC.,CIENC.E TEC.DE SAO PAULO";"Instituto Federal de Educação, Ciência e Tecnologia de São Paulo";"Ministério da Educação";"1.534,97";"3 - Outras Despesas Correntes";"37 - Locação de Mão-de-Obra";"90 - Aplicações Diretas";"0000 - FUNCIONAMENTO DE INSTITUICOES FEDERAIS DE EDUCACAO PROFISSIONAL E TECNOLOGICA - DESPESAS DIVERSAS";"0000";"12 - Educação";"363 - Ensino profissional";"20RL0035 - FUNCIONAMENTO DAS INSTITUICOES DA RED - NO ESTADO DE SAO PAU";"2080 - EDUCACAO DE QUALIDADE PARA TODOS";"20RL - FUNCIONAMENTO DAS INSTITUICOES DA REDE FEDERAL DE EDUCACAO PROFISSIONAL, CIENTIFICA E TECNOLOGICA";
"28/09/2018";"158716264392018NE000027";"0035 - FUNCIONAMENTO DAS INSTITUICOES DA RED - NO ESTADO DE SAO PAU";"Empenho";"REFORÇO";"158716 - IFSP - CAMPUS JACAREI";"SP";"IFSP - CAMPUS JACAREI";"INST.FED.DE EDUC.,CIENC.E TEC.DE SAO PAULO";"Instituto Federal de Educação, Ciência e Tecnologia de São Paulo";"Ministério da Educação";"5.000,00";"3 - Outras Despesas Correntes";"18 - Auxílio Financeiro a Estudantes";"90 - Aplicações Diretas";"0000 - FUNCIONAMENTO DE INSTITUICOES FEDERAIS DE EDUCACAO PROFISSIONAL E TECNOLOGICA - DESPESAS DIVERSAS";"0000";"12 - Educação";"363 - Ensino profissional";"20RL0035 - FUNCIONAMENTO DAS INSTITUICOES DA RED - NO ESTADO DE SAO PAU";"2080 - EDUCACAO DE QUALIDADE PARA TODOS";"20RL - FUNCIONAMENTO DAS INSTITUICOES DA REDE FEDERAL DE EDUCACAO PROFISSIONAL, CIENTIFICA E TECNOLOGICA";
"28/09/2018";"158716264392018NE000028";"0035 - FUNCIONAMENTO DAS INSTITUICOES DA RED - NO ESTADO DE SAO PAU";"Empenho";"ANULAÇÃO";"158716 - IFSP - CAMPUS JACAREI";"SP";"IFSP - CAMPUS JACAREI";"INST.FED.DE EDUC.,CIENC.E TEC.DE SAO PAULO";"Instituto Federal de Educação, Ciência e Tecnologia de São Paulo";"Ministério da Educação";"2.450,00";"3 - Outras Despesas Correntes";"18 - Auxílio Financeiro a Estudantes";"90 - Aplicações Diretas";"0000 - FUNCIONAMENTO DE INSTITUICOES FEDERAIS DE EDUCACAO PROFISSIONAL E TECNOLOGICA - DESPESAS DIVERSAS";"0000";"12 - Educação";"363 - Ensino profissional";"20RL0035 - FUNCIONAMENTO DAS INSTITUICOES DA RED - NO ESTADO DE SAO PAU";"2080 - EDUCACAO DE QUALIDADE PARA TODOS";"20RL - FUNCIONAMENTO DAS INSTITUICOES DA REDE FEDERAL DE EDUCACAO PROFISSIONAL, CIENTIFICA E TECNOLOGICA";
"03/10/2018";"158716264392018NE000029";"0035 - FUNCIONAMENTO DAS INSTITUICOES DA RED - NO ESTADO DE SAO PAU";"Empenho";"ORIGINAL";"158716 - IFSP - CAMPUS JACAREI";"SP";"IFSP - CAMPUS JACAREI";"INST.FED.DE EDUC.,CIENC.E TEC.DE SAO PAULO";"Instituto Federal de Educação, Ciência e Tecnologia de São Paulo";"Ministério da Educação";"1.705,00";"3 - Outras Despesas Correntes";"18 - Auxílio Financeiro a Estudantes";"90 - Aplicações Diretas";"0000 - FUNCIONAMENTO DE INSTITUICOES FEDERAIS DE EDUCACAO PROFISSIONAL E TECNOLOGICA - DESPESAS DIVERSAS";"0000";"12 - Educação";"363 - Ensino profissional";"20RL0035 - FUNCIONAMENTO DAS INSTITUICOES DA RED - NO ESTADO DE SAO PAU";"2080 - EDUCACAO DE QUALIDADE PARA TODOS";"20RL - FUNCIONAMENTO DAS INSTITUICOES DA REDE FEDERAL DE EDUCACAO PROFISSIONAL, CIENTIFICA E TECNOLOGICA";
"05/10/2018";"158716264392018NE800064";"0035 - FUNCIONAMENTO DAS INSTITUICOES DA RED - NO ESTADO DE SAO PAU";"Empenho";"ORIGINAL";"21.891.715/0001-51 - NOVAKONO COMERCIAL E SERVICOS LTDA";"MG";"IFSP - CAMPUS JACAREI";"INST.FED.DE EDUC.,CIENC.E TEC.DE SAO PAULO";"Instituto Federal de Educação, Ciência e Tecnologia de São Paulo";"Ministério da Educação";"1.016,35";"3 - Outras Despesas Correntes";"39 - Outros Serviços de Terceiros - Pessoa Jurídica";"90 - Aplicações Diretas";"0000 - FUNCIONAMENTO DE INSTITUICOES FEDERAIS DE EDUCACAO PROFISSIONAL E TECNOLOGICA - DESPESAS DIVERSAS";"0000";"12 - Educação";"363 - Ensino profissional";"20RL0035 - FUNCIONAMENTO DAS INSTITUICOES DA RED - NO ESTADO DE SAO PAU";"2080 - EDUCACAO DE QUALIDADE PARA TODOS";"20RL - FUNCIONAMENTO DAS INSTITUICOES DA REDE FEDERAL DE EDUCACAO PROFISSIONAL, CIENTIFICA E TECNOLOGICA";
"09/10/2018";"158716264392018NE000030";"0035 - FUNCIONAMENTO DAS INSTITUICOES DA RED - NO ESTADO DE SAO PAU";"Empenho";"REFORÇO";"158716 - IFSP - CAMPUS JACAREI";"SP";"IFSP - CAMPUS JACAREI";"INST.FED.DE EDUC.,CIENC.E TEC.DE SAO PAULO";"Instituto Federal de Educação, Ciência e Tecnologia de São Paulo";"Ministério da Educação";"156,79";"3 - Outras Despesas Correntes";"14 - Diárias - Civil";"90 - Aplicações Diretas";"0000 - FUNCIONAMENTO DE INSTITUICOES FEDERAIS DE EDUCACAO PROFISSIONAL E TECNOLOGICA - DESPESAS DIVERSAS";"0000";"12 - Educação";"363 - Ensino profissional";"20RL0035 - FUNCIONAMENTO DAS INSTITUICOES DA RED - NO ESTADO DE SAO PAU";"2080 - EDUCACAO DE QUALIDADE PARA TODOS";"20RL - FUNCIONAMENTO DAS INSTITUICOES DA REDE FEDERAL DE EDUCACAO PROFISSIONAL, CIENTIFICA E TECNOLOGICA";
"09/10/2018";"158716264392018NE000031";"0035 - FUNCIONAMENTO DAS INSTITUICOES DA RED - NO ESTADO DE SAO PAU";"Empenho";"REFORÇO";"158716 - IFSP - CAMPUS JACAREI";"SP";"IFSP - CAMPUS JACAREI";"INST.FED.DE EDUC.,CIENC.E TEC.DE SAO PAULO";"Instituto Federal de Educação, Ciência e Tecnologia de São Paulo";"Ministério da Educação";"400,00";"3 - Outras Despesas Correntes";"18 - Auxílio Financeiro a Estudantes";"90 - Aplicações Diretas";"0000 - FUNCIONAMENTO DE INSTITUICOES FEDERAIS DE EDUCACAO PROFISSIONAL E TECNOLOGICA - DESPESAS DIVERSAS";"0000";"12 - Educação";"363 - Ensino profissional";"20RL0035 - FUNCIONAMENTO DAS INSTITUICOES DA RED - NO ESTADO DE SAO PAU";"2080 - EDUCACAO DE QUALIDADE PARA TODOS";"20RL - FUNCIONAMENTO DAS INSTITUICOES DA REDE FEDERAL DE EDUCACAO PROFISSIONAL, CIENTIFICA E TECNOLOGICA";
"19/10/2018";"158716264392018NE000032";"0035 - ASSISTENCIA AOS ESTUDANTES DA REDE FE - NO ESTADO DE SAO PAU";"Empenho";"ORIGINAL";"158716 - IFSP - CAMPUS JACAREI";"SP";"IFSP - CAMPUS JACAREI";"INST.FED.DE EDUC.,CIENC.E TEC.DE SAO PAULO";"Instituto Federal de Educação, Ciência e Tecnologia de São Paulo";"Ministério da Educação";"72.889,54";"3 - Outras Despesas Correntes";"18 - Auxílio Financeiro a Estudantes";"90 - Aplicações Diretas";"0000 - ASSISTENCIA AOS ESTUDANTES DAS INSTITUICOES FEDERAIS DE EDUCACAO PROFISSIONAL E TECNOLOGICA - DESPESAS DIVERSAS";"0000";"12 - Educação";"363 - Ensino profissional";"29940035 - ASSISTENCIA AOS ESTUDANTES DA REDE FE - NO ESTADO DE SAO PAU";"2080 - EDUCACAO DE QUALIDADE PARA TODOS";"2994 - ASSISTENCIA AOS ESTUDANTES DA REDE FEDERAL DE EDUCACAO PROFISSIONAL, CIENTIFICA E TECNOLOGICA";
"23/10/2018";"158716264392018NE800065";"0035 - FUNCIONAMENTO DAS INSTITUICOES DA RED - NO ESTADO DE SAO PAU";"Empenho";"ANULAÇÃO";"48.962.625/0001-60 - SAAE SERVICO AUTONOMO DE AGUA E ESGOTO DE JACAREI";"SP";"IFSP - CAMPUS JACAREI";"INST.FED.DE EDUC.,CIENC.E TEC.DE SAO PAULO";"Instituto Federal de Educação, Ciência e Tecnologia de São Paulo";"Ministério da Educação";"4.000,00";"3 - Outras Despesas Correntes";"39 - Outros Serviços de Terceiros - Pessoa Jurídica";"90 - Aplicações Diretas";"0000 - FUNCIONAMENTO DE INSTITUICOES FEDERAIS DE EDUCACAO PROFISSIONAL E TECNOLOGICA - DESPESAS DIVERSAS";"0000";"12 - Educação";"363 - Ensino profissional";"20RL0035 - FUNCIONAMENTO DAS INSTITUICOES DA RED - NO ESTADO DE SAO PAU";"2080 - EDUCACAO DE QUALIDADE PARA TODOS";"20RL - FUNCIONAMENTO DAS INSTITUICOES DA REDE FEDERAL DE EDUCACAO PROFISSIONAL, CIENTIFICA E TECNOLOGICA";
"23/10/2018";"158716264392018NE800066";"0035 - FUNCIONAMENTO DAS INSTITUICOES DA RED - NO ESTADO DE SAO PAU";"Empenho";"ANULAÇÃO";"10.928.126/0001-84 - REAK SEGURANCA E VIGILANCIA PATRIMONIAL LTDA";"SP";"IFSP - CAMPUS JACAREI";"INST.FED.DE EDUC.,CIENC.E TEC.DE SAO PAULO";"Instituto Federal de Educação, Ciência e Tecnologia de São Paulo";"Ministério da Educação";"54,78";"3 - Outras Despesas Correntes";"37 - Locação de Mão-de-Obra";"90 - Aplicações Diretas";"0000 - FUNCIONAMENTO DE INSTITUICOES FEDERAIS DE EDUCACAO PROFISSIONAL E TECNOLOGICA - DESPESAS DIVERSAS";"0000";"12 - Educação";"363 - Ensino profissional";"20RL0035 - FUNCIONAMENTO DAS INSTITUICOES DA RED - NO ESTADO DE SAO PAU";"2080 - EDUCACAO DE QUALIDADE PARA TODOS";"20RL - FUNCIONAMENTO DAS INSTITUICOES DA REDE FEDERAL DE EDUCACAO PROFISSIONAL, CIENTIFICA E TECNOLOGICA";
"25/10/2018";"158716264392018NE000033";"0035 - FUNCIONAMENTO DAS INSTITUICOES DA RED - NO ESTADO DE SAO PAU";"Empenho";"REFORÇO";"158716 - IFSP - CAMPUS JACAREI";"SP";"IFSP - CAMPUS JACAREI";"INST.FED.DE EDUC.,CIENC.E TEC.DE SAO PAULO";"Instituto Federal de Educação, Ciência e Tecnologia de São Paulo";"Ministério da Educação";"4.416,23";"3 - Outras Despesas Correntes";"18 - Auxílio Financeiro a Estudantes";"90 - Aplicações Diretas";"0000 - FUNCIONAMENTO DE INSTITUICOES FEDERAIS DE EDUCACAO PROFISSIONAL E TECNOLOGICA - DESPESAS DIVERSAS";"0000";"12 - Educação";"363 - Ensino profissional";"20RL0035 - FUNCIONAMENTO DAS INSTITUICOES DA RED - NO ESTADO DE SAO PAU";"2080 - EDUCACAO DE QUALIDADE PARA TODOS";"20RL - FUNCIONAMENTO DAS INSTITUICOES DA REDE FEDERAL DE EDUCACAO PROFISSIONAL, CIENTIFICA E TECNOLOGICA";
"01/11/2018";"158716264392018NE000034";"0035 - FUNCIONAMENTO DAS INSTITUICOES DA RED - NO ESTADO DE SAO PAU";"Empenho";"ORIGINAL";"158716 - IFSP - CAMPUS JACAREI";"SP";"IFSP - CAMPUS JACAREI";"INST.FED.DE EDUC.,CIENC.E TEC.DE SAO PAULO";"Instituto Federal de Educação, Ciência e Tecnologia de São Paulo";"Ministério da Educação";"5.170,00";"3 - Outras Despesas Correntes";"18 - Auxílio Financeiro a Estudantes";"90 - Aplicações Diretas";"0000 - FUNCIONAMENTO DE INSTITUICOES FEDERAIS DE EDUCACAO PROFISSIONAL E TECNOLOGICA - DESPESAS DIVERSAS";"0000";"12 - Educação";"363 - Ensino profissional";"20RL0035 - FUNCIONAMENTO DAS INSTITUICOES DA RED - NO ESTADO DE SAO PAU";"2080 - EDUCACAO DE QUALIDADE PARA TODOS";"20RL - FUNCIONAMENTO DAS INSTITUICOES DA REDE FEDERAL DE EDUCACAO PROFISSIONAL, CIENTIFICA E TECNOLOGICA";
"06/11/2018";"158716264392018NE800067";"0035 - FUNCIONAMENTO DAS INSTITUICOES DA RED - NO ESTADO DE SAO PAU";"Empenho";"REFORÇO";"08.752.749/0001-05 - SAFEPRO SERVICOS LTDA";"SP";"IFSP - CAMPUS JACAREI";"INST.FED.DE EDUC.,CIENC.E TEC.DE SAO PAULO";"Instituto Federal de Educação, Ciência e Tecnologia de São Paulo";"Ministério da Educação";"54.260,09";"3 - Outras Despesas Correntes";"37 - Locação de Mão-de-Obra";"90 - Aplicações Diretas";"0000 - FUNCIONAMENTO DE INSTITUICOES FEDERAIS DE EDUCACAO PROFISSIONAL E TECNOLOGICA - DESPESAS DIVERSAS";"0000";"12 - Educação";"363 - Ensino profissional";"20RL0035 - FUNCIONAMENTO DAS INSTITUICOES DA RED - NO ESTADO DE SAO PAU";"2080 - EDUCACAO DE QUALIDADE PARA TODOS";"20RL - FUNCIONAMENTO DAS INSTITUICOES DA REDE FEDERAL DE EDUCACAO PROFISSIONAL, CIENTIFICA E TECNOLOGICA";
"07/11/2018";"158716264392018NE000035";"0035 - FUNCIONAMENTO DAS INSTITUICOES DA RED - NO ESTADO DE SAO PAU";"Empenho";"REFORÇO";"158716 - IFSP - CAMPUS JACAREI";"SP";"IFSP - CAMPUS JACAREI";"INST.FED.DE EDUC.,CIENC.E TEC.DE SAO PAULO";"Instituto Federal de Educação, Ciência e Tecnologia de São Paulo";"Ministério da Educação";"4.324,62";"3 - Outras Despesas Correntes";"18 - Auxílio Financeiro a Estudantes";"90 - Aplicações Diretas";"0000 - FUNCIONAMENTO DE INSTITUICOES FEDERAIS DE EDUCACAO PROFISSIONAL E TECNOLOGICA - DESPESAS DIVERSAS";"0000";"12 - Educação";"363 - Ensino profissional";"20RL0035 - FUNCIONAMENTO DAS INSTITUICOES DA RED - NO ESTADO DE SAO PAU";"2080 - EDUCACAO DE QUALIDADE PARA TODOS";"20RL - FUNCIONAMENTO DAS INSTITUICOES DA REDE FEDERAL DE EDUCACAO PROFISSIONAL, CIENTIFICA E TECNOLOGICA";
"07/11/2018";"158716264392018NE000036";"0035 - FUNCIONAMENTO DAS INSTITUICOES DA RED - NO ESTADO DE SAO PAU";"Empenho";"REFORÇO";"158716 - IFSP - CAMPUS JACAREI";"SP";"IFSP - CAMPUS JACAREI";"INST.FED.DE EDUC.,CIENC.E TEC.DE SAO PAULO";"Instituto Federal de Educação, Ciência e Tecnologia de São Paulo";"Ministério da Educação";"3.224,82";"3 - Outras Despesas Correntes";"18 - Auxílio Financeiro a Estudantes";"90 - Aplicações Diretas";"0000 - FUNCIONAMENTO DE INSTITUICOES FEDERAIS DE EDUCACAO PROFISSIONAL E TECNOLOGICA - DESPESAS DIVERSAS";"0000";"12 - Educação";"363 - Ensino profissional";"20RL0035 - FUNCIONAMENTO DAS INSTITUICOES DA RED - NO ESTADO DE SAO PAU";"2080 - EDUCACAO DE QUALIDADE PARA TODOS";"20RL - FUNCIONAMENTO DAS INSTITUICOES DA REDE FEDERAL DE EDUCACAO PROFISSIONAL, CIENTIFICA E TECNOLOGICA";
"07/11/2018";"158716264392018NE000037";"0035 - FUNCIONAMENTO DAS INSTITUICOES DA RED - NO ESTADO DE SAO PAU";"Empenho";"ANULAÇÃO";"158716 - IFSP - CAMPUS JACAREI";"SP";"IFSP - CAMPUS JACAREI";"INST.FED.DE EDUC.,CIENC.E TEC.DE SAO PAULO";"Instituto Federal de Educação, Ciência e Tecnologia de São Paulo";"Ministério da Educação";"20,00";"3 - Outras Despesas Correntes";"18 - Auxílio Financeiro a Estudantes";"90 - Aplicações Diretas";"0000 - FUNCIONAMENTO DE INSTITUICOES FEDERAIS DE EDUCACAO PROFISSIONAL E TECNOLOGICA - DESPESAS DIVERSAS";"0000";"12 - Educação";"363 - Ensino profissional";"20RL0035 - FUNCIONAMENTO DAS INSTITUICOES DA RED - NO ESTADO DE SAO PAU";"2080 - EDUCACAO DE QUALIDADE PARA TODOS";"20RL - FUNCIONAMENTO DAS INSTITUICOES DA REDE FEDERAL DE EDUCACAO PROFISSIONAL, CIENTIFICA E TECNOLOGICA";
"07/11/2018";"158716264392018NE000038";"0035 - FUNCIONAMENTO DAS INSTITUICOES DA RED - NO ESTADO DE SAO PAU";"Empenho";"ANULAÇÃO";"158716 - IFSP - CAMPUS JACAREI";"SP";"IFSP - CAMPUS JACAREI";"INST.FED.DE EDUC.,CIENC.E TEC.DE SAO PAULO";"Instituto Federal de Educação, Ciência e Tecnologia de São Paulo";"Ministério da Educação";"1.980,00";"3 - Outras Despesas Correntes";"18 - Auxílio Financeiro a Estudantes";"90 - Aplicações Diretas";"0000 - FUNCIONAMENTO DE INSTITUICOES FEDERAIS DE EDUCACAO PROFISSIONAL E TECNOLOGICA - DESPESAS DIVERSAS";"0000";"12 - Educação";"363 - Ensino profissional";"20RL0035 - FUNCIONAMENTO DAS INSTITUICOES DA RED - NO ESTADO DE SAO PAU";"2080 - EDUCACAO DE QUALIDADE PARA TODOS";"20RL - FUNCIONAMENTO DAS INSTITUICOES DA REDE FEDERAL DE EDUCACAO PROFISSIONAL, CIENTIFICA E TECNOLOGICA";
"07/11/2018";"158716264392018NE000039";"0035 - FUNCIONAMENTO DAS INSTITUICOES DA RED - NO ESTADO DE SAO PAU";"Empenho";"ANULAÇÃO";"158716 - IFSP - CAMPUS JACAREI";"SP";"IFSP - CAMPUS JACAREI";"INST.FED.DE EDUC.,CIENC.E TEC.DE SAO PAULO";"Instituto Federal de Educação, Ciência e Tecnologia de São Paulo";"Ministério da Educação";"199,57";"3 - Outras Despesas Correntes";"14 - Diárias - Civil";"90 - Aplicações Diretas";"0000 - FUNCIONAMENTO DE INSTITUICOES FEDERAIS DE EDUCACAO PROFISSIONAL E TECNOLOGICA - DESPESAS DIVERSAS";"0000";"12 - Educação";"363 - Ensino profissional";"20RL0035 - FUNCIONAMENTO DAS INSTITUICOES DA RED - NO ESTADO DE SAO PAU";"2080 - EDUCACAO DE QUALIDADE PARA TODOS";"20RL - FUNCIONAMENTO DAS INSTITUICOES DA REDE FEDERAL DE EDUCACAO PROFISSIONAL, CIENTIFICA E TECNOLOGICA";
"07/11/2018";"158716264392018NE800068";"0035 - FUNCIONAMENTO DAS INSTITUICOES DA RED - NO ESTADO DE SAO PAU";"Empenho";"REFORÇO";"48.962.625/0001-60 - SAAE SERVICO AUTONOMO DE AGUA E ESGOTO DE JACAREI";"SP";"IFSP - CAMPUS JACAREI";"INST.FED.DE EDUC.,CIENC.E TEC.DE SAO PAULO";"Instituto Federal de Educação, Ciência e Tecnologia de São Paulo";"Ministério da Educação";"2.000,00";"3 - Outras Despesas Correntes";"39 - Outros Serviços de Terceiros - Pessoa Jurídica";"90 - Aplicações Diretas";"0000 - FUNCIONAMENTO DE INSTITUICOES FEDERAIS DE EDUCACAO PROFISSIONAL E TECNOLOGICA - DESPESAS DIVERSAS";"0000";"12 - Educação";"363 - Ensino profissional";"20RL0035 - FUNCIONAMENTO DAS INSTITUICOES DA RED - NO ESTADO DE SAO PAU";"2080 - EDUCACAO DE QUALIDADE PARA TODOS";"20RL - FUNCIONAMENTO DAS INSTITUICOES DA REDE FEDERAL DE EDUCACAO PROFISSIONAL, CIENTIFICA E TECNOLOGICA";
"07/11/2018";"158716264392018NE800069";"0035 - FUNCIONAMENTO DAS INSTITUICOES DA RED - NO ESTADO DE SAO PAU";"Empenho";"ANULAÇÃO";"11.569.283/0001-03 - J.M. RIBEIRO NETO PAISAGISMO";"SP";"IFSP - CAMPUS JACAREI";"INST.FED.DE EDUC.,CIENC.E TEC.DE SAO PAULO";"Instituto Federal de Educação, Ciência e Tecnologia de São Paulo";"Ministério da Educação";"12.000,00";"3 - Outras Despesas Correntes";"37 - Locação de Mão-de-Obra";"90 - Aplicações Diretas";"0000 - FUNCIONAMENTO DE INSTITUICOES FEDERAIS DE EDUCACAO PROFISSIONAL E TECNOLOGICA - DESPESAS DIVERSAS";"0000";"12 - Educação";"363 - Ensino profissional";"20RL0035 - FUNCIONAMENTO DAS INSTITUICOES DA RED - NO ESTADO DE SAO PAU";"2080 - EDUCACAO DE QUALIDADE PARA TODOS";"20RL - FUNCIONAMENTO DAS INSTITUICOES DA REDE FEDERAL DE EDUCACAO PROFISSIONAL, CIENTIFICA E TECNOLOGICA";
"08/11/2018";"158716264392018NE000040";"0035 - FUNCIONAMENTO DAS INSTITUICOES DA RED - NO ESTADO DE SAO PAU";"Empenho";"ANULAÇÃO";"158716 - IFSP - CAMPUS JACAREI";"SP";"IFSP - CAMPUS JACAREI";"INST.FED.DE EDUC.,CIENC.E TEC.DE SAO PAULO";"Instituto Federal de Educação, Ciência e Tecnologia de São Paulo";"Ministério da Educação";"233,54";"3 - Outras Despesas Correntes";"18 - Auxílio Financeiro a Estudantes";"90 - Aplicações Diretas";"0000 - FUNCIONAMENTO DE INSTITUICOES FEDERAIS DE EDUCACAO PROFISSIONAL E TECNOLOGICA - DESPESAS DIVERSAS";"0000";"12 - Educação";"363 - Ensino profissional";"20RL0035 - FUNCIONAMENTO DAS INSTITUICOES DA RED - NO ESTADO DE SAO PAU";"2080 - EDUCACAO DE QUALIDADE PARA TODOS";"20RL - FUNCIONAMENTO DAS INSTITUICOES DA REDE FEDERAL DE EDUCACAO PROFISSIONAL, CIENTIFICA E TECNOLOGICA";
"08/11/2018";"158716264392018NE800070";"0035 - FUNCIONAMENTO DAS INSTITUICOES DA RED - NO ESTADO DE SAO PAU";"Empenho";"ORIGINAL";"39.818.737/0001-51 - HORTO CENTRAL MARATAIZES LTDA";"ES";"IFSP - CAMPUS JACAREI";"INST.FED.DE EDUC.,CIENC.E TEC.DE SAO PAULO";"Instituto Federal de Educação, Ciência e Tecnologia de São Paulo";"Ministério da Educação";"16.940,00";"3 - Outras Despesas Correntes";"32 - Material, Bem ou Serviço para Distribuição Gratuita";"90 - Aplicações Diretas";"0000 - FUNCIONAMENTO DE INSTITUICOES FEDERAIS DE EDUCACAO PROFISSIONAL E TECNOLOGICA - DESPESAS DIVERSAS";"0000";"12 - Educação";"363 - Ensino profissional";"20RL0035 - FUNCIONAMENTO DAS INSTITUICOES DA RED - NO ESTADO DE SAO PAU";"2080 - EDUCACAO DE QUALIDADE PARA TODOS";"20RL - FUNCIONAMENTO DAS INSTITUICOES DA REDE FEDERAL DE EDUCACAO PROFISSIONAL, CIENTIFICA E TECNOLOGICA";
"08/11/2018";"158716264392018NE800071";"0035 - FUNCIONAMENTO DAS INSTITUICOES DA RED - NO ESTADO DE SAO PAU";"Empenho";"ORIGINAL";"08.808.811/0001-25 - PONTTO ONLINE COMERCIAL LTDA";"PR";"IFSP - CAMPUS JACAREI";"INST.FED.DE EDUC.,CIENC.E TEC.DE SAO PAULO";"Instituto Federal de Educação, Ciência e Tecnologia de São Paulo";"Ministério da Educação";"8.255,94";"3 - Outras Despesas Correntes";"32 - Material, Bem ou Serviço para Distribuição Gratuita";"90 - Aplicações Diretas";"0000 - FUNCIONAMENTO DE INSTITUICOES FEDERAIS DE EDUCACAO PROFISSIONAL E TECNOLOGICA - DESPESAS DIVERSAS";"0000";"12 - Educação";"363 - Ensino profissional";"20RL0035 - FUNCIONAMENTO DAS INSTITUICOES DA RED - NO ESTADO DE SAO PAU";"2080 - EDUCACAO DE QUALIDADE PARA TODOS";"20RL - FUNCIONAMENTO DAS INSTITUICOES DA REDE FEDERAL DE EDUCACAO PROFISSIONAL, CIENTIFICA E TECNOLOGICA";
"08/11/2018";"158716264392018NE800072";"0035 - FUNCIONAMENTO DAS INSTITUICOES DA RED - NO ESTADO DE SAO PAU";"Empenho";"ORIGINAL";"82.330.937/0001-90 - TREZE COMERCIAL LTDA";"PR";"IFSP - CAMPUS JACAREI";"INST.FED.DE EDUC.,CIENC.E TEC.DE SAO PAULO";"Instituto Federal de Educação, Ciência e Tecnologia de São Paulo";"Ministério da Educação";"4.560,00";"3 - Outras Despesas Correntes";"32 - Material, Bem ou Serviço para Distribuição Gratuita";"90 - Aplicações Diretas";"0000 - FUNCIONAMENTO DE INSTITUICOES FEDERAIS DE EDUCACAO PROFISSIONAL E TECNOLOGICA - DESPESAS DIVERSAS";"0000";"12 - Educação";"363 - Ensino profissional";"20RL0035 - FUNCIONAMENTO DAS INSTITUICOES DA RED - NO ESTADO DE SAO PAU";"2080 - EDUCACAO DE QUALIDADE PARA TODOS";"20RL - FUNCIONAMENTO DAS INSTITUICOES DA REDE FEDERAL DE EDUCACAO PROFISSIONAL, CIENTIFICA E TECNOLOGICA";
"08/11/2018";"158716264392018NE800073";"0035 - FUNCIONAMENTO DAS INSTITUICOES DA RED - NO ESTADO DE SAO PAU";"Empenho";"ORIGINAL";"39.818.737/0001-51 - HORTO CENTRAL MARATAIZES LTDA";"ES";"IFSP - CAMPUS JACAREI";"INST.FED.DE EDUC.,CIENC.E TEC.DE SAO PAULO";"Instituto Federal de Educação, Ciência e Tecnologia de São Paulo";"Ministério da Educação";"4.063,64";"3 - Outras Despesas Correntes";"32 - Material, Bem ou Serviço para Distribuição Gratuita";"90 - Aplicações Diretas";"0000 - FUNCIONAMENTO DE INSTITUICOES FEDERAIS DE EDUCACAO PROFISSIONAL E TECNOLOGICA - DESPESAS DIVERSAS";"0000";"12 - Educação";"363 - Ensino profissional";"20RL0035 - FUNCIONAMENTO DAS INSTITUICOES DA RED - NO ESTADO DE SAO PAU";"2080 - EDUCACAO DE QUALIDADE PARA TODOS";"20RL - FUNCIONAMENTO DAS INSTITUICOES DA REDE FEDERAL DE EDUCACAO PROFISSIONAL, CIENTIFICA E TECNOLOGICA";
"08/11/2018";"158716264392018NE800074";"0035 - FUNCIONAMENTO DAS INSTITUICOES DA RED - NO ESTADO DE SAO PAU";"Empenho";"ANULAÇÃO";"02.302.100/0001-06 - EDP SAO PAULO DISTRIBUICAO DE ENERGIA S.A.";"SP";"IFSP - CAMPUS JACAREI";"INST.FED.DE EDUC.,CIENC.E TEC.DE SAO PAULO";"Instituto Federal de Educação, Ciência e Tecnologia de São Paulo";"Ministério da Educação";"2.015,61";"3 - Outras Despesas Correntes";"39 - Outros Serviços de Terceiros - Pessoa Jurídica";"90 - Aplicações Diretas";"0000 - FUNCIONAMENTO DE INSTITUICOES FEDERAIS DE EDUCACAO PROFISSIONAL E TECNOLOGICA - DESPESAS DIVERSAS";"0000";"12 - Educação";"363 - Ensino profissional";"20RL0035 - FUNCIONAMENTO DAS INSTITUICOES DA RED - NO ESTADO DE SAO PAU";"2080 - EDUCACAO DE QUALIDADE PARA TODOS";"20RL - FUNCIONAMENTO DAS INSTITUICOES DA REDE FEDERAL DE EDUCACAO PROFISSIONAL, CIENTIFICA E TECNOLOGICA";
"08/11/2018";"158716264392018NE800075";"0035 - FUNCIONAMENTO DAS INSTITUICOES DA RED - NO ESTADO DE SAO PAU";"Empenho";"REFORÇO";"02.302.100/0001-06 - EDP SAO PAULO DISTRIBUICAO DE ENERGIA S.A.";"SP";"IFSP - CAMPUS JACAREI";"INST.FED.DE EDUC.,CIENC.E TEC.DE SAO PAULO";"Instituto Federal de Educação, Ciência e Tecnologia de São Paulo";"Ministério da Educação";"7.024,73";"3 - Outras Despesas Correntes";"39 - Outros Serviços de Terceiros - Pessoa Jurídica";"90 - Aplicações Diretas";"0000 - FUNCIONAMENTO DE INSTITUICOES FEDERAIS DE EDUCACAO PROFISSIONAL E TECNOLOGICA - DESPESAS DIVERSAS";"0000";"12 - Educação";"363 - Ensino profissional";"20RL0035 - FUNCIONAMENTO DAS INSTITUICOES DA RED - NO ESTADO DE SAO PAU";"2080 - EDUCACAO DE QUALIDADE PARA TODOS";"20RL - FUNCIONAMENTO DAS INSTITUICOES DA REDE FEDERAL DE EDUCACAO PROFISSIONAL, CIENTIFICA E TECNOLOGICA";
"08/11/2018";"158716264392018NE800076";"0035 - REESTRUTURACAO E MODERNIZACAO DAS INS - NO ESTADO DE SAO PAU";"Empenho";"ORIGINAL";"11.329.948/0001-01 - SANET COMERCIO E SERVICOS DE INFORMATICA LTDA";"DF";"IFSP - CAMPUS JACAREI";"INST.FED.DE EDUC.,CIENC.E TEC.DE SAO PAULO";"Instituto Federal de Educação, Ciência e Tecnologia de São Paulo";"Ministério da Educação";"7.960,00";"4 - Investimentos";"52 - Equipamentos e Material Permanente";"90 - Aplicações Diretas";"0000 - REESTRUTURACAO E MODERNIZACAO DE INSTITUICOES FEDERAIS DE EDUCACAO PROFISSIONAL E TECNOLOGICA - DESPESAS DIVERSAS";"0000";"12 - Educação";"363 - Ensino profissional";"20RG0035 - REESTRUTURACAO E MODERNIZACAO DAS INS - NO ESTADO DE SAO PAU";"2080 - EDUCACAO DE QUALIDADE PARA TODOS";"20RG - REESTRUTURACAO E MODERNIZACAO DAS INSTITUICOES DA REDE FEDERAL DE EDUCACAO PROFISSIONAL, CIENTIFICA E TECNOLOGICA";
"12/11/2018";"158716264392018NE000041";"0035 - FUNCIONAMENTO DAS INSTITUICOES DA RED - NO ESTADO DE SAO PAU";"Empenho";"REFORÇO";"158716 - IFSP - CAMPUS JACAREI";"SP";"IFSP - CAMPUS JACAREI";"INST.FED.DE EDUC.,CIENC.E TEC.DE SAO PAULO";"Instituto Federal de Educação, Ciência e Tecnologia de São Paulo";"Ministério da Educação";"640,00";"3 - Outras Despesas Correntes";"18 - Auxílio Financeiro a Estudantes";"90 - Aplicações Diretas";"0000 - FUNCIONAMENTO DE INSTITUICOES FEDERAIS DE EDUCACAO PROFISSIONAL E TECNOLOGICA - DESPESAS DIVERSAS";"0000";"12 - Educação";"363 - Ensino profissional";"20RL0035 - FUNCIONAMENTO DAS INSTITUICOES DA RED - NO ESTADO DE SAO PAU";"2080 - EDUCACAO DE QUALIDADE PARA TODOS";"20RL - FUNCIONAMENTO DAS INSTITUICOES DA REDE FEDERAL DE EDUCACAO PROFISSIONAL, CIENTIFICA E TECNOLOGICA";
"12/11/2018";"158716264392018NE000042";"0035 - FUNCIONAMENTO DAS INSTITUICOES DA RED - NO ESTADO DE SAO PAU";"Empenho";"ORIGINAL";"158716 - IFSP - CAMPUS JACAREI";"SP";"IFSP - CAMPUS JACAREI";"INST.FED.DE EDUC.,CIENC.E TEC.DE SAO PAULO";"Instituto Federal de Educação, Ciência e Tecnologia de São Paulo";"Ministério da Educação";"880,00";"3 - Outras Despesas Correntes";"18 - Auxílio Financeiro a Estudantes";"90 - Aplicações Diretas";"0000 - FUNCIONAMENTO DE INSTITUICOES FEDERAIS DE EDUCACAO PROFISSIONAL E TECNOLOGICA - DESPESAS DIVERSAS";"0000";"12 - Educação";"363 - Ensino profissional";"20RL0035 - FUNCIONAMENTO DAS INSTITUICOES DA RED - NO ESTADO DE SAO PAU";"2080 - EDUCACAO DE QUALIDADE PARA TODOS";"20RL - FUNCIONAMENTO DAS INSTITUICOES DA REDE FEDERAL DE EDUCACAO PROFISSIONAL, CIENTIFICA E TECNOLOGICA";
"13/11/2018";"158716264392018NE000043";"0035 - FUNCIONAMENTO DAS INSTITUICOES DA RED - NO ESTADO DE SAO PAU";"Empenho";"ANULAÇÃO";"158716 - IFSP - CAMPUS JACAREI";"SP";"IFSP - CAMPUS JACAREI";"INST.FED.DE EDUC.,CIENC.E TEC.DE SAO PAULO";"Instituto Federal de Educação, Ciência e Tecnologia de São Paulo";"Ministério da Educação";"1.705,00";"3 - Outras Despesas Correntes";"18 - Auxílio Financeiro a Estudantes";"90 - Aplicações Diretas";"0000 - FUNCIONAMENTO DE INSTITUICOES FEDERAIS DE EDUCACAO PROFISSIONAL E TECNOLOGICA - DESPESAS DIVERSAS";"0000";"12 - Educação";"363 - Ensino profissional";"20RL0035 - FUNCIONAMENTO DAS INSTITUICOES DA RED - NO ESTADO DE SAO PAU";"2080 - EDUCACAO DE QUALIDADE PARA TODOS";"20RL - FUNCIONAMENTO DAS INSTITUICOES DA REDE FEDERAL DE EDUCACAO PROFISSIONAL, CIENTIFICA E TECNOLOGICA";
"13/11/2018";"158716264392018NE800077";"0035 - FUNCIONAMENTO DAS INSTITUICOES DA RED - NO ESTADO DE SAO PAU";"Empenho";"REFORÇO";"02.302.100/0001-06 - EDP SAO PAULO DISTRIBUICAO DE ENERGIA S.A.";"SP";"IFSP - CAMPUS JACAREI";"INST.FED.DE EDUC.,CIENC.E TEC.DE SAO PAULO";"Instituto Federal de Educação, Ciência e Tecnologia de São Paulo";"Ministério da Educação";"1.705,00";"3 - Outras Despesas Correntes";"39 - Outros Serviços de Terceiros - Pessoa Jurídica";"90 - Aplicações Diretas";"0000 - FUNCIONAMENTO DE INSTITUICOES FEDERAIS DE EDUCACAO PROFISSIONAL E TECNOLOGICA - DESPESAS DIVERSAS";"0000";"12 - Educação";"363 - Ensino profissional";"20RL0035 - FUNCIONAMENTO DAS INSTITUICOES DA RED - NO ESTADO DE SAO PAU";"2080 - EDUCACAO DE QUALIDADE PARA TODOS";"20RL - FUNCIONAMENTO DAS INSTITUICOES DA REDE FEDERAL DE EDUCACAO PROFISSIONAL, CIENTIFICA E TECNOLOGICA";
"06/12/2018";"158716264392018NE000044";"0035 - FUNCIONAMENTO DAS INSTITUICOES DA RED - NO ESTADO DE SAO PAU";"Empenho";"ANULAÇÃO";"158716 - IFSP - CAMPUS JACAREI";"SP";"IFSP - CAMPUS JACAREI";"INST.FED.DE EDUC.,CIENC.E TEC.DE SAO PAULO";"Instituto Federal de Educação, Ciência e Tecnologia de São Paulo";"Ministério da Educação";"217,00";"3 - Outras Despesas Correntes";"18 - Auxílio Financeiro a Estudantes";"90 - Aplicações Diretas";"0000 - FUNCIONAMENTO DE INSTITUICOES FEDERAIS DE EDUCACAO PROFISSIONAL E TECNOLOGICA - DESPESAS DIVERSAS";"0000";"12 - Educação";"363 - Ensino profissional";"20RL0035 - FUNCIONAMENTO DAS INSTITUICOES DA RED - NO ESTADO DE SAO PAU";"2080 - EDUCACAO DE QUALIDADE PARA TODOS";"20RL - FUNCIONAMENTO DAS INSTITUICOES DA REDE FEDERAL DE EDUCACAO PROFISSIONAL, CIENTIFICA E TECNOLOGICA";
"06/12/2018";"158716264392018NE000045";"0035 - FUNCIONAMENTO DAS INSTITUICOES DA RED - NO ESTADO DE SAO PAU";"Empenho";"REFORÇO";"158716 - IFSP - CAMPUS JACAREI";"SP";"IFSP - CAMPUS JACAREI";"INST.FED.DE EDUC.,CIENC.E TEC.DE SAO PAULO";"Instituto Federal de Educação, Ciência e Tecnologia de São Paulo";"Ministério da Educação";"363,00";"3 - Outras Despesas Correntes";"18 - Auxílio Financeiro a Estudantes";"90 - Aplicações Diretas";"0000 - FUNCIONAMENTO DE INSTITUICOES FEDERAIS DE EDUCACAO PROFISSIONAL E TECNOLOGICA - DESPESAS DIVERSAS";"0000";"12 - Educação";"363 - Ensino profissional";"20RL0035 - FUNCIONAMENTO DAS INSTITUICOES DA RED - NO ESTADO DE SAO PAU";"2080 - EDUCACAO DE QUALIDADE PARA TODOS";"20RL - FUNCIONAMENTO DAS INSTITUICOES DA REDE FEDERAL DE EDUCACAO PROFISSIONAL, CIENTIFICA E TECNOLOGICA";
"06/12/2018";"158716264392018NE800078";"0035 - FUNCIONAMENTO DAS INSTITUICOES DA RED - NO ESTADO DE SAO PAU";"Empenho";"ANULAÇÃO";"48.962.625/0001-60 - SAAE SERVICO AUTONOMO DE AGUA E ESGOTO DE JACAREI";"SP";"IFSP - CAMPUS JACAREI";"INST.FED.DE EDUC.,CIENC.E TEC.DE SAO PAULO";"Instituto Federal de Educação, Ciência e Tecnologia de São Paulo";"Ministério da Educação";"1.465,85";"3 - Outras Despesas Correntes";"39 - Outros Serviços de Terceiros - Pessoa Jurídica";"90 - Aplicações Diretas";"0000 - FUNCIONAMENTO DE INSTITUICOES FEDERAIS DE EDUCACAO PROFISSIONAL E TECNOLOGICA - DESPESAS DIVERSAS";"0000";"12 - Educação";"363 - Ensino profissional";"20RL0035 - FUNCIONAMENTO DAS INSTITUICOES DA RED - NO ESTADO DE SAO PAU";"2080 - EDUCACAO DE QUALIDADE PARA TODOS";"20RL - FUNCIONAMENTO DAS INSTITUICOES DA REDE FEDERAL DE EDUCACAO PROFISSIONAL, CIENTIFICA E TECNOLOGICA";
"06/12/2018";"158716264392018NE800079";"0035 - FUNCIONAMENTO DAS INSTITUICOES DA RED - NO ESTADO DE SAO PAU";"Empenho";"ANULAÇÃO";"11.569.283/0001-03 - J.M. RIBEIRO NETO PAISAGISMO";"SP";"IFSP - CAMPUS JACAREI";"INST.FED.DE EDUC.,CIENC.E TEC.DE SAO PAULO";"Instituto Federal de Educação, Ciência e Tecnologia de São Paulo";"Ministério da Educação";"2.628,16";"3 - Outras Despesas Correntes";"37 - Locação de Mão-de-Obra";"90 - Aplicações Diretas";"0000 - FUNCIONAMENTO DE INSTITUICOES FEDERAIS DE EDUCACAO PROFISSIONAL E TECNOLOGICA - DESPESAS DIVERSAS";"0000";"12 - Educação";"363 - Ensino profissional";"20RL0035 - FUNCIONAMENTO DAS INSTITUICOES DA RED - NO ESTADO DE SAO PAU";"2080 - EDUCACAO DE QUALIDADE PARA TODOS";"20RL - FUNCIONAMENTO DAS INSTITUICOES DA REDE FEDERAL DE EDUCACAO PROFISSIONAL, CIENTIFICA E TECNOLOGICA";
"06/12/2018";"158716264392018NE800080";"0035 - FUNCIONAMENTO DAS INSTITUICOES DA RED - NO ESTADO DE SAO PAU";"Empenho";"REFORÇO";"02.302.100/0001-06 - EDP SAO PAULO DISTRIBUICAO DE ENERGIA S.A.";"SP";"IFSP - CAMPUS JACAREI";"INST.FED.DE EDUC.,CIENC.E TEC.DE SAO PAULO";"Instituto Federal de Educação, Ciência e Tecnologia de São Paulo";"Ministério da Educação";"3.731,01";"3 - Outras Despesas Correntes";"39 - Outros Serviços de Terceiros - Pessoa Jurídica";"90 - Aplicações Diretas";"0000 - FUNCIONAMENTO DE INSTITUICOES FEDERAIS DE EDUCACAO PROFISSIONAL E TECNOLOGICA - DESPESAS DIVERSAS";"0000";"12 - Educação";"363 - Ensino profissional";"20RL0035 - FUNCIONAMENTO DAS INSTITUICOES DA RED - NO ESTADO DE SAO PAU";"2080 - EDUCACAO DE QUALIDADE PARA TODOS";"20RL - FUNCIONAMENTO DAS INSTITUICOES DA REDE FEDERAL DE EDUCACAO PROFISSIONAL, CIENTIFICA E TECNOLOGICA";
"14/12/2018";"158716264392018NE000046";"0035 - FUNCIONAMENTO DAS INSTITUICOES DA RED - NO ESTADO DE SAO PAU";"Empenho";"REFORÇO";"158716 - IFSP - CAMPUS JACAREI";"SP";"IFSP - CAMPUS JACAREI";"INST.FED.DE EDUC.,CIENC.E TEC.DE SAO PAULO";"Instituto Federal de Educação, Ciência e Tecnologia de São Paulo";"Ministério da Educação";"600,00";"3 - Outras Despesas Correntes";"18 - Auxílio Financeiro a Estudantes";"90 - Aplicações Diretas";"0000 - FUNCIONAMENTO DE INSTITUICOES FEDERAIS DE EDUCACAO PROFISSIONAL E TECNOLOGICA - DESPESAS DIVERSAS";"0000";"12 - Educação";"363 - Ensino profissional";"20RL0035 - FUNCIONAMENTO DAS INSTITUICOES DA RED - NO ESTADO DE SAO PAU";"2080 - EDUCACAO DE QUALIDADE PARA TODOS";"20RL - FUNCIONAMENTO DAS INSTITUICOES DA REDE FEDERAL DE EDUCACAO PROFISSIONAL, CIENTIFICA E TECNOLOGICA";
"14/12/2018";"158716264392018NE800081";"0035 - FUNCIONAMENTO DAS INSTITUICOES DA RED - NO ESTADO DE SAO PAU";"Empenho";"ANULAÇÃO";"16.927.639/0001-57 - A.D SERVICOS PREDIAIS LTDA";"SP";"IFSP - CAMPUS JACAREI";"INST.FED.DE EDUC.,CIENC.E TEC.DE SAO PAULO";"Instituto Federal de Educação, Ciência e Tecnologia de São Paulo";"Ministério da Educação";"3,78";"3 - Outras Despesas Correntes";"37 - Locação de Mão-de-Obra";"90 - Aplicações Diretas";"0000 - FUNCIONAMENTO DE INSTITUICOES FEDERAIS DE EDUCACAO PROFISSIONAL E TECNOLOGICA - DESPESAS DIVERSAS";"0000";"12 - Educação";"363 - Ensino profissional";"20RL0035 - FUNCIONAMENTO DAS INSTITUICOES DA RED - NO ESTADO DE SAO PAU";"2080 - EDUCACAO DE QUALIDADE PARA TODOS";"20RL - FUNCIONAMENTO DAS INSTITUICOES DA REDE FEDERAL DE EDUCACAO PROFISSIONAL, CIENTIFICA E TECNOLOGICA";
"14/12/2018";"158716264392018NE800082";"0035 - FUNCIONAMENTO DAS INSTITUICOES DA RED - NO ESTADO DE SAO PAU";"Empenho";"ANULAÇÃO";"48.962.625/0001-60 - SAAE SERVICO AUTONOMO DE AGUA E ESGOTO DE JACAREI";"SP";"IFSP - CAMPUS JACAREI";"INST.FED.DE EDUC.,CIENC.E TEC.DE SAO PAULO";"Instituto Federal de Educação, Ciência e Tecnologia de São Paulo";"Ministério da Educação";"1.771,54";"3 - Outras Despesas Correntes";"39 - Outros Serviços de Terceiros - Pessoa Jurídica";"90 - Aplicações Diretas";"0000 - FUNCIONAMENTO DE INSTITUICOES FEDERAIS DE EDUCACAO PROFISSIONAL E TECNOLOGICA - DESPESAS DIVERSAS";"0000";"12 - Educação";"363 - Ensino profissional";"20RL0035 - FUNCIONAMENTO DAS INSTITUICOES DA RED - NO ESTADO DE SAO PAU";"2080 - EDUCACAO DE QUALIDADE PARA TODOS";"20RL - FUNCIONAMENTO DAS INSTITUICOES DA REDE FEDERAL DE EDUCACAO PROFISSIONAL, CIENTIFICA E TECNOLOGICA";
"14/12/2018";"158716264392018NE800083";"0035 - FUNCIONAMENTO DAS INSTITUICOES DA RED - NO ESTADO DE SAO PAU";"Empenho";"ANULAÇÃO";"40.432.544/0001-47 - CLARO S.A.";"SP";"IFSP - CAMPUS JACAREI";"INST.FED.DE EDUC.,CIENC.E TEC.DE SAO PAULO";"Instituto Federal de Educação, Ciência e Tecnologia de São Paulo";"Ministério da Educação";"147,71";"3 - Outras Despesas Correntes";"39 - Outros Serviços de Terceiros - Pessoa Jurídica";"90 - Aplicações Diretas";"0000 - FUNCIONAMENTO DE INSTITUICOES FEDERAIS DE EDUCACAO PROFISSIONAL E TECNOLOGICA - DESPESAS DIVERSAS";"0000";"12 - Educação";"363 - Ensino profissional";"20RL0035 - FUNCIONAMENTO DAS INSTITUICOES DA RED - NO ESTADO DE SAO PAU";"2080 - EDUCACAO DE QUALIDADE PARA TODOS";"20RL - FUNCIONAMENTO DAS INSTITUICOES DA REDE FEDERAL DE EDUCACAO PROFISSIONAL, CIENTIFICA E TECNOLOGICA";
"14/12/2018";"158716264392018NE800084";"0035 - FUNCIONAMENTO DAS INSTITUICOES DA RED - NO ESTADO DE SAO PAU";"Empenho";"REFORÇO";"08.752.749/0001-05 - SAFEPRO SERVICOS LTDA";"SP";"IFSP - CAMPUS JACAREI";"INST.FED.DE EDUC.,CIENC.E TEC.DE SAO PAULO";"Instituto Federal de Educação, Ciência e Tecnologia de São Paulo";"Ministério da Educação";"1.043,32";"3 - Outras Despesas Correntes";"37 - Locação de Mão-de-Obra";"90 - Aplicações Diretas";"0000 - FUNCIONAMENTO DE INSTITUICOES FEDERAIS DE EDUCACAO PROFISSIONAL E TECNOLOGICA - DESPESAS DIVERSAS";"0000";"12 - Educação";"363 - Ensino profissional";"20RL0035 - FUNCIONAMENTO DAS INSTITUICOES DA RED - NO ESTADO DE SAO PAU";"2080 - EDUCACAO DE QUALIDADE PARA TODOS";"20RL - FUNCIONAMENTO DAS INSTITUICOES DA REDE FEDERAL DE EDUCACAO PROFISSIONAL, CIENTIFICA E TECNOLOGICA";
"14/12/2018";"158716264392018NE800085";"0035 - FUNCIONAMENTO DAS INSTITUICOES DA RED - NO ESTADO DE SAO PAU";"Empenho";"ORIGINAL";"20.191.043/0001-09 - CONSOLIDEZ SERVICOS DE LIMPEZA LTDA";"SP";"IFSP - CAMPUS JACAREI";"INST.FED.DE EDUC.,CIENC.E TEC.DE SAO PAULO";"Instituto Federal de Educação, Ciência e Tecnologia de São Paulo";"Ministério da Educação";"279,71";"3 - Outras Despesas Correntes";"37 - Locação de Mão-de-Obra";"90 - Aplicações Diretas";"0000 - FUNCIONAMENTO DE INSTITUICOES FEDERAIS DE EDUCACAO PROFISSIONAL E TECNOLOGICA - DESPESAS DIVERSAS";"0000";"12 - Educação";"363 - Ensino profissional";"20RL0035 - FUNCIONAMENTO DAS INSTITUICOES DA RED - NO ESTADO DE SAO PAU";"2080 - EDUCACAO DE QUALIDADE PARA TODOS";"20RL - FUNCIONAMENTO DAS INSTITUICOES DA REDE FEDERAL DE EDUCACAO PROFISSIONAL, CIENTIFICA E TECNOLOGICA";
"17/12/2018";"158716264392018NE000047";"0035 - FUNCIONAMENTO DAS INSTITUICOES DA RED - NO ESTADO DE SAO PAU";"Empenho";"ANULAÇÃO";"158716 - IFSP - CAMPUS JACAREI";"SP";"IFSP - CAMPUS JACAREI";"INST.FED.DE EDUC.,CIENC.E TEC.DE SAO PAULO";"Instituto Federal de Educação, Ciência e Tecnologia de São Paulo";"Ministério da Educação";"48,00";"3 - Outras Despesas Correntes";"18 - Auxílio Financeiro a Estudantes";"90 - Aplicações Diretas";"0000 - FUNCIONAMENTO DE INSTITUICOES FEDERAIS DE EDUCACAO PROFISSIONAL E TECNOLOGICA - DESPESAS DIVERSAS";"0000";"12 - Educação";"363 - Ensino profissional";"20RL0035 - FUNCIONAMENTO DAS INSTITUICOES DA RED - NO ESTADO DE SAO PAU";"2080 - EDUCACAO DE QUALIDADE PARA TODOS";"20RL - FUNCIONAMENTO DAS INSTITUICOES DA REDE FEDERAL DE EDUCACAO PROFISSIONAL, CIENTIFICA E TECNOLOGICA";
"17/12/2018";"158716264392018NE000048";"0035 - FUNCIONAMENTO DAS INSTITUICOES DA RED - NO ESTADO DE SAO PAU";"Empenho";"ANULAÇÃO";"158716 - IFSP - CAMPUS JACAREI";"SP";"IFSP - CAMPUS JACAREI";"INST.FED.DE EDUC.,CIENC.E TEC.DE SAO PAULO";"Instituto Federal de Educação, Ciência e Tecnologia de São Paulo";"Ministério da Educação";"4.752,00";"3 - Outras Despesas Correntes";"18 - Auxílio Financeiro a Estudantes";"90 - Aplicações Diretas";"0000 - FUNCIONAMENTO DE INSTITUICOES FEDERAIS DE EDUCACAO PROFISSIONAL E TECNOLOGICA - DESPESAS DIVERSAS";"0000";"12 - Educação";"363 - Ensino profissional";"20RL0035 - FUNCIONAMENTO DAS INSTITUICOES DA RED - NO ESTADO DE SAO PAU";"2080 - EDUCACAO DE QUALIDADE PARA TODOS";"20RL - FUNCIONAMENTO DAS INSTITUICOES DA REDE FEDERAL DE EDUCACAO PROFISSIONAL, CIENTIFICA E TECNOLOGICA";
"17/12/2018";"158716264392018NE000049";"0035 - ASSISTENCIA AOS ESTUDANTES DA REDE FE - NO ESTADO DE SAO PAU";"Empenho";"ANULAÇÃO";"158716 - IFSP - CAMPUS JACAREI";"SP";"IFSP - CAMPUS JACAREI";"INST.FED.DE EDUC.,CIENC.E TEC.DE SAO PAULO";"Instituto Federal de Educação, Ciência e Tecnologia de São Paulo";"Ministério da Educação";"9,20";"3 - Outras Despesas Correntes";"18 - Auxílio Financeiro a Estudantes";"90 - Aplicações Diretas";"0000 - ASSISTENCIA AOS ESTUDANTES DAS INSTITUICOES FEDERAIS DE EDUCACAO PROFISSIONAL E TECNOLOGICA - DESPESAS DIVERSAS";"0000";"12 - Educação";"363 - Ensino profissional";"29940035 - ASSISTENCIA AOS ESTUDANTES DA REDE FE - NO ESTADO DE SAO PAU";"2080 - EDUCACAO DE QUALIDADE PARA TODOS";"2994 - ASSISTENCIA AOS ESTUDANTES DA REDE FEDERAL DE EDUCACAO PROFISSIONAL, CIENTIFICA E TECNOLOGICA";
"21/12/2018";"158716264392018NE000050";"0035 - FUNCIONAMENTO DAS INSTITUICOES DA RED - NO ESTADO DE SAO PAU";"Empenho";"ANULAÇÃO";"158716 - IFSP - CAMPUS JACAREI";"SP";"IFSP - CAMPUS JACAREI";"INST.FED.DE EDUC.,CIENC.E TEC.DE SAO PAULO";"Instituto Federal de Educação, Ciência e Tecnologia de São Paulo";"Ministério da Educação";"117,30";"3 - Outras Despesas Correntes";"18 - Auxílio Financeiro a Estudantes";"90 - Aplicações Diretas";"0000 - FUNCIONAMENTO DE INSTITUICOES FEDERAIS DE EDUCACAO PROFISSIONAL E TECNOLOGICA - DESPESAS DIVERSAS";"0000";"12 - Educação";"363 - Ensino profissional";"20RL0035 - FUNCIONAMENTO DAS INSTITUICOES DA RED - NO ESTADO DE SAO PAU";"2080 - EDUCACAO DE QUALIDADE PARA TODOS";"20RL - FUNCIONAMENTO DAS INSTITUICOES DA REDE FEDERAL DE EDUCACAO PROFISSIONAL, CIENTIFICA E TECNOLOGICA";
"21/12/2018";"158716264392018NE000051";"0035 - FUNCIONAMENTO DAS INSTITUICOES DA RED - NO ESTADO DE SAO PAU";"Empenho";"ANULAÇÃO";"158716 - IFSP - CAMPUS JACAREI";"SP";"IFSP - CAMPUS JACAREI";"INST.FED.DE EDUC.,CIENC.E TEC.DE SAO PAULO";"Instituto Federal de Educação, Ciência e Tecnologia de São Paulo";"Ministério da Educação";"1.604,63";"3 - Outras Despesas Correntes";"18 - Auxílio Financeiro a Estudantes";"90 - Aplicações Diretas";"0000 - FUNCIONAMENTO DE INSTITUICOES FEDERAIS DE EDUCACAO PROFISSIONAL E TECNOLOGICA - DESPESAS DIVERSAS";"0000";"12 - Educação";"363 - Ensino profissional";"20RL0035 - FUNCIONAMENTO DAS INSTITUICOES DA RED - NO ESTADO DE SAO PAU";"2080 - EDUCACAO DE QUALIDADE PARA TODOS";"20RL - FUNCIONAMENTO DAS INSTITUICOES DA REDE FEDERAL DE EDUCACAO PROFISSIONAL, CIENTIFICA E TECNOLOGICA";
"21/12/2018";"158716264392018NE800086";"0001 - APOIO AO PROGRAMA NACIONAL DE ALIMENT - NACIONAL";"Empenho";"ORIGINAL";"***.659.548-** - ADEMIR FRANCISCO SILVERIO";"SP";"IFSP - CAMPUS JACAREI";"FUNDO NACIONAL DE DESENVOLVIMENTO DA EDUCACAO";"Instituto Federal de Educação, Ciência e Tecnologia de São Paulo";"Ministério da Educação";"6.118,84";"3 - Outras Despesas Correntes";"32 - Material, Bem ou Serviço para Distribuição Gratuita";"90 - Aplicações Diretas";"0000 - APOIO A ALIMENTACAO ESCOLAR NA EDUCACAO BASICA (PNAE)";"0000";"12 - Educação";"306 - Alimentação e nutrição";"00PI0001 - APOIO AO PROGRAMA NACIONAL DE ALIMENT - NACIONAL";"2080 - EDUCACAO DE QUALIDADE PARA TODOS";"00PI - APOIO AO PROGRAMA NACIONAL DE ALIMENTACAO ESCOLAR (PNAE)";
"21/12/2018";"158716264392018NE800087";"0001 - APOIO AO PROGRAMA NACIONAL DE ALIMENT - NACIONAL";"Empenho";"ORIGINAL";"03.754.929/0001-02 - COAGROSOL - COOPERATIVA DOS AGROPECUARISTAS SOLIDARIOS DE IT";"SP";"IFSP - CAMPUS JACAREI";"FUNDO NACIONAL DE DESENVOLVIMENTO DA EDUCACAO";"Instituto Federal de Educação, Ciência e Tecnologia de São Paulo";"Ministério da Educação";"32.906,24";"3 - Outras Despesas Correntes";"32 - Material, Bem ou Serviço para Distribuição Gratuita";"90 - Aplicações Diretas";"0000 - APOIO A ALIMENTACAO ESCOLAR NA EDUCACAO BASICA (PNAE)";"0000";"12 - Educação";"306 - Alimentação e nutrição";"00PI0001 - APOIO AO PROGRAMA NACIONAL DE ALIMENT - NACIONAL";"2080 - EDUCACAO DE QUALIDADE PARA TODOS";"00PI - APOIO AO PROGRAMA NACIONAL DE ALIMENTACAO ESCOLAR (PNAE)";
"21/12/2018";"158716264392018NE800088";"0001 - APOIO AO PROGRAMA NACIONAL DE ALIMENT - NACIONAL";"Empenho";"ORIGINAL";"82.330.937/0001-90 - TREZE COMERCIAL LTDA";"PR";"IFSP - CAMPUS JACAREI";"FUNDO NACIONAL DE DESENVOLVIMENTO DA EDUCACAO";"Instituto Federal de Educação, Ciência e Tecnologia de São Paulo";"Ministério da Educação";"3.014,16";"3 - Outras Despesas Correntes";"32 - Material, Bem ou Serviço para Distribuição Gratuita";"90 - Aplicações Diretas";"0000 - APOIO A ALIMENTACAO ESCOLAR NA EDUCACAO BASICA (PNAE)";"0000";"12 - Educação";"306 - Alimentação e nutrição";"00PI0001 - APOIO AO PROGRAMA NACIONAL DE ALIMENT - NACIONAL";"2080 - EDUCACAO DE QUALIDADE PARA TODOS";"00PI - APOIO AO PROGRAMA NACIONAL DE ALIMENTACAO ESCOLAR (PNAE)";
"21/12/2018";"158716264392018NE800089";"0035 - FUNCIONAMENTO DAS INSTITUICOES DA RED - NO ESTADO DE SAO PAU";"Empenho";"REFORÇO";"08.752.749/0001-05 - SAFEPRO SERVICOS LTDA";"SP";"IFSP - CAMPUS JACAREI";"INST.FED.DE EDUC.,CIENC.E TEC.DE SAO PAULO";"Instituto Federal de Educação, Ciência e Tecnologia de São Paulo";"Ministério da Educação";"1.721,93";"3 - Outras Despesas Correntes";"37 - Locação de Mão-de-Obra";"90 - Aplicações Diretas";"0000 - FUNCIONAMENTO DE INSTITUICOES FEDERAIS DE EDUCACAO PROFISSIONAL E TECNOLOGICA - DESPESAS DIVERSAS";"0000";"12 - Educação";"363 - Ensino profissional";"20RL0035 - FUNCIONAMENTO DAS INSTITUICOES DA RED - NO ESTADO DE SAO PAU";"2080 - EDUCACAO DE QUALIDADE PARA TODOS";"20RL - FUNCIONAMENTO DAS INSTITUICOES DA REDE FEDERAL DE EDUCACAO PROFISSIONAL, CIENTIFICA E TECNOLOGICA";
