"DATA";"DOCUMENTO";"LOCALIZADOR DO GASTO";"FASE";"ESPÉCIE";"Favorecido";"UF DO FAVORECIDO";"UG";"Unidade Orcamentária";"Órgão";"Órgão Superior";"VALOR";"Grupo de Despesa";"Elemento de Despesa";"Modalidade de Despesa";"Plano Orçamentário";"Autor da Emenda";"Função (Área de Atuação)";"Subfunção (Especificação da Área de Atuação)";"Subtítulo (Localizador)";"Programa de Governo";"Ação";
"19/01/2017";"158716264392017NE800001";"0035 - FUNCIONAMENTO DAS INSTITUICOES DA RED - NO ESTADO DE SAO PAU";"Empenho";"ORIGINAL";"02.302.100/0001-06 - EDP SAO PAULO DISTRIBUICAO DE ENERGIA S.A.";"SP";"IFSP - CAMPUS JACAREI";"INST.FED.DE EDUC.,CIENC.E TEC.DE SAO PAULO";"Instituto Federal de Educação, Ciência e Tecnologia de São Paulo";"Ministério da Educação";"9.000,00";"3 - Outras Despesas Correntes";"39 - Outros Serviços de Terceiros - Pessoa Jurídica";"90 - Aplicações Diretas";"0000 - FUNCIONAMENTO DE INSTITUICOES FEDERAIS DE EDUCACAO PROFISSIONAL E TECNOLOGICA - DESPESAS DIVERSAS";"0000";"12 - Educação";"363 - Ensino profissional";"20RL0035 - FUNCIONAMENTO DAS INSTITUICOES DA RED - NO ESTADO DE SAO PAU";"2080 - EDUCACAO DE QUALIDADE PARA TODOS";"20RL - FUNCIONAMENTO DAS INSTITUICOES DA REDE FEDERAL DE EDUCACAO PROFISSIONAL, CIENTIFICA E TECNOLOGICA";
"20/01/2017";"158716264392017NE000001";"0035 - ASSISTENCIA AOS ESTUDANTES DA REDE FE - NO ESTADO DE SAO PAU";"Empenho";"ORIGINAL";"158716 - IFSP - CAMPUS JACAREI";"SP";"IFSP - CAMPUS JACAREI";"INST.FED.DE EDUC.,CIENC.E TEC.DE SAO PAULO";"Instituto Federal de Educação, Ciência e Tecnologia de São Paulo";"Ministério da Educação";"19.229,00";"3 - Outras Despesas Correntes";"18 - Auxílio Financeiro a Estudantes";"90 - Aplicações Diretas";"0001 - AUXILIO FINANCEIRO DE ASSISTENCIA ESTUDANTIL";"0000";"12 - Educação";"363 - Ensino profissional";"29940035 - ASSISTENCIA AOS ESTUDANTES DA REDE FE - NO ESTADO DE SAO PAU";"2080 - EDUCACAO DE QUALIDADE PARA TODOS";"2994 - ASSISTENCIA AOS ESTUDANTES DA REDE FEDERAL DE EDUCACAO PROFISSIONAL, CIENTIFICA E TECNOLOGICA";
"20/01/2017";"158716264392017NE800002";"0035 - FUNCIONAMENTO DAS INSTITUICOES DA RED - NO ESTADO DE SAO PAU";"Empenho";"ORIGINAL";"48.962.625/0001-60 - SAAE SERVICO AUTONOMO DE AGUA E ESGOTO DE JACAREI";"SP";"IFSP - CAMPUS JACAREI";"INST.FED.DE EDUC.,CIENC.E TEC.DE SAO PAULO";"Instituto Federal de Educação, Ciência e Tecnologia de São Paulo";"Ministério da Educação";"4.166,67";"3 - Outras Despesas Correntes";"39 - Outros Serviços de Terceiros - Pessoa Jurídica";"90 - Aplicações Diretas";"0000 - FUNCIONAMENTO DE INSTITUICOES FEDERAIS DE EDUCACAO PROFISSIONAL E TECNOLOGICA - DESPESAS DIVERSAS";"0000";"12 - Educação";"363 - Ensino profissional";"20RL0035 - FUNCIONAMENTO DAS INSTITUICOES DA RED - NO ESTADO DE SAO PAU";"2080 - EDUCACAO DE QUALIDADE PARA TODOS";"20RL - FUNCIONAMENTO DAS INSTITUICOES DA REDE FEDERAL DE EDUCACAO PROFISSIONAL, CIENTIFICA E TECNOLOGICA";
"20/01/2017";"158716264392017NE800003";"0035 - FUNCIONAMENTO DAS INSTITUICOES DA RED - NO ESTADO DE SAO PAU";"Empenho";"ORIGINAL";"40.432.544/0001-47 - CLARO S.A.";"SP";"IFSP - CAMPUS JACAREI";"INST.FED.DE EDUC.,CIENC.E TEC.DE SAO PAULO";"Instituto Federal de Educação, Ciência e Tecnologia de São Paulo";"Ministério da Educação";"776,63";"3 - Outras Despesas Correntes";"39 - Outros Serviços de Terceiros - Pessoa Jurídica";"90 - Aplicações Diretas";"0000 - FUNCIONAMENTO DE INSTITUICOES FEDERAIS DE EDUCACAO PROFISSIONAL E TECNOLOGICA - DESPESAS DIVERSAS";"0000";"12 - Educação";"363 - Ensino profissional";"20RL0035 - FUNCIONAMENTO DAS INSTITUICOES DA RED - NO ESTADO DE SAO PAU";"2080 - EDUCACAO DE QUALIDADE PARA TODOS";"20RL - FUNCIONAMENTO DAS INSTITUICOES DA REDE FEDERAL DE EDUCACAO PROFISSIONAL, CIENTIFICA E TECNOLOGICA";
"20/01/2017";"158716264392017NE800004";"0035 - FUNCIONAMENTO DAS INSTITUICOES DA RED - NO ESTADO DE SAO PAU";"Empenho";"ORIGINAL";"10.928.126/0001-84 - REAK SEGURANCA E VIGILANCIA PATRIMONIAL LTDA";"SP";"IFSP - CAMPUS JACAREI";"INST.FED.DE EDUC.,CIENC.E TEC.DE SAO PAULO";"Instituto Federal de Educação, Ciência e Tecnologia de São Paulo";"Ministério da Educação";"34.433,24";"3 - Outras Despesas Correntes";"37 - Locação de Mão-de-Obra";"90 - Aplicações Diretas";"0000 - FUNCIONAMENTO DE INSTITUICOES FEDERAIS DE EDUCACAO PROFISSIONAL E TECNOLOGICA - DESPESAS DIVERSAS";"0000";"12 - Educação";"363 - Ensino profissional";"20RL0035 - FUNCIONAMENTO DAS INSTITUICOES DA RED - NO ESTADO DE SAO PAU";"2080 - EDUCACAO DE QUALIDADE PARA TODOS";"20RL - FUNCIONAMENTO DAS INSTITUICOES DA REDE FEDERAL DE EDUCACAO PROFISSIONAL, CIENTIFICA E TECNOLOGICA";
"20/01/2017";"158716264392017NE800005";"0035 - FUNCIONAMENTO DAS INSTITUICOES DA RED - NO ESTADO DE SAO PAU";"Empenho";"ORIGINAL";"09.405.866/0001-57 - PEDRAZUL SERVICOS LTDA";"SP";"IFSP - CAMPUS JACAREI";"INST.FED.DE EDUC.,CIENC.E TEC.DE SAO PAULO";"Instituto Federal de Educação, Ciência e Tecnologia de São Paulo";"Ministério da Educação";"7.141,00";"3 - Outras Despesas Correntes";"37 - Locação de Mão-de-Obra";"90 - Aplicações Diretas";"0000 - FUNCIONAMENTO DE INSTITUICOES FEDERAIS DE EDUCACAO PROFISSIONAL E TECNOLOGICA - DESPESAS DIVERSAS";"0000";"12 - Educação";"363 - Ensino profissional";"20RL0035 - FUNCIONAMENTO DAS INSTITUICOES DA RED - NO ESTADO DE SAO PAU";"2080 - EDUCACAO DE QUALIDADE PARA TODOS";"20RL - FUNCIONAMENTO DAS INSTITUICOES DA REDE FEDERAL DE EDUCACAO PROFISSIONAL, CIENTIFICA E TECNOLOGICA";
"02/02/2017";"158716264392017NE800006";"0035 - FUNCIONAMENTO DAS INSTITUICOES DA RED - NO ESTADO DE SAO PAU";"Empenho";"ORIGINAL";"54.879.168/0001-48 - BICIEXTIL EXTINTORES LTDA";"SP";"IFSP - CAMPUS JACAREI";"INST.FED.DE EDUC.,CIENC.E TEC.DE SAO PAULO";"Instituto Federal de Educação, Ciência e Tecnologia de São Paulo";"Ministério da Educação";"712,08";"3 - Outras Despesas Correntes";"30 - Material de Consumo";"90 - Aplicações Diretas";"0000 - FUNCIONAMENTO DE INSTITUICOES FEDERAIS DE EDUCACAO PROFISSIONAL E TECNOLOGICA - DESPESAS DIVERSAS";"0000";"12 - Educação";"363 - Ensino profissional";"20RL0035 - FUNCIONAMENTO DAS INSTITUICOES DA RED - NO ESTADO DE SAO PAU";"2080 - EDUCACAO DE QUALIDADE PARA TODOS";"20RL - FUNCIONAMENTO DAS INSTITUICOES DA REDE FEDERAL DE EDUCACAO PROFISSIONAL, CIENTIFICA E TECNOLOGICA";
"03/02/2017";"158716264392017NE800007";"0035 - FUNCIONAMENTO DAS INSTITUICOES DA RED - NO ESTADO DE SAO PAU";"Empenho";"ORIGINAL";"07.147.016/0001-70 - TJ TERCEIRIZACAO DE MAO DE OBRA LTDA";"SP";"IFSP - CAMPUS JACAREI";"INST.FED.DE EDUC.,CIENC.E TEC.DE SAO PAULO";"Instituto Federal de Educação, Ciência e Tecnologia de São Paulo";"Ministério da Educação";"30.523,19";"3 - Outras Despesas Correntes";"37 - Locação de Mão-de-Obra";"90 - Aplicações Diretas";"0000 - FUNCIONAMENTO DE INSTITUICOES FEDERAIS DE EDUCACAO PROFISSIONAL E TECNOLOGICA - DESPESAS DIVERSAS";"0000";"12 - Educação";"363 - Ensino profissional";"20RL0035 - FUNCIONAMENTO DAS INSTITUICOES DA RED - NO ESTADO DE SAO PAU";"2080 - EDUCACAO DE QUALIDADE PARA TODOS";"20RL - FUNCIONAMENTO DAS INSTITUICOES DA REDE FEDERAL DE EDUCACAO PROFISSIONAL, CIENTIFICA E TECNOLOGICA";
"06/02/2017";"158716264392017NE000002";"0035 - ASSISTENCIA AOS ESTUDANTES DA REDE FE - NO ESTADO DE SAO PAU";"Empenho";"REFORÇO";"158716 - IFSP - CAMPUS JACAREI";"SP";"IFSP - CAMPUS JACAREI";"INST.FED.DE EDUC.,CIENC.E TEC.DE SAO PAULO";"Instituto Federal de Educação, Ciência e Tecnologia de São Paulo";"Ministério da Educação";"6.408,89";"3 - Outras Despesas Correntes";"18 - Auxílio Financeiro a Estudantes";"90 - Aplicações Diretas";"0001 - AUXILIO FINANCEIRO DE ASSISTENCIA ESTUDANTIL";"0000";"12 - Educação";"363 - Ensino profissional";"29940035 - ASSISTENCIA AOS ESTUDANTES DA REDE FE - NO ESTADO DE SAO PAU";"2080 - EDUCACAO DE QUALIDADE PARA TODOS";"2994 - ASSISTENCIA AOS ESTUDANTES DA REDE FEDERAL DE EDUCACAO PROFISSIONAL, CIENTIFICA E TECNOLOGICA";
"06/02/2017";"158716264392017NE800008";"0035 - FUNCIONAMENTO DAS INSTITUICOES DA RED - NO ESTADO DE SAO PAU";"Empenho";"REFORÇO";"48.962.625/0001-60 - SAAE SERVICO AUTONOMO DE AGUA E ESGOTO DE JACAREI";"SP";"IFSP - CAMPUS JACAREI";"INST.FED.DE EDUC.,CIENC.E TEC.DE SAO PAULO";"Instituto Federal de Educação, Ciência e Tecnologia de São Paulo";"Ministério da Educação";"9.000,00";"3 - Outras Despesas Correntes";"39 - Outros Serviços de Terceiros - Pessoa Jurídica";"90 - Aplicações Diretas";"0000 - FUNCIONAMENTO DE INSTITUICOES FEDERAIS DE EDUCACAO PROFISSIONAL E TECNOLOGICA - DESPESAS DIVERSAS";"0000";"12 - Educação";"363 - Ensino profissional";"20RL0035 - FUNCIONAMENTO DAS INSTITUICOES DA RED - NO ESTADO DE SAO PAU";"2080 - EDUCACAO DE QUALIDADE PARA TODOS";"20RL - FUNCIONAMENTO DAS INSTITUICOES DA REDE FEDERAL DE EDUCACAO PROFISSIONAL, CIENTIFICA E TECNOLOGICA";
"06/02/2017";"158716264392017NE800009";"0035 - FUNCIONAMENTO DAS INSTITUICOES DA RED - NO ESTADO DE SAO PAU";"Empenho";"ANULAÇÃO";"48.962.625/0001-60 - SAAE SERVICO AUTONOMO DE AGUA E ESGOTO DE JACAREI";"SP";"IFSP - CAMPUS JACAREI";"INST.FED.DE EDUC.,CIENC.E TEC.DE SAO PAULO";"Instituto Federal de Educação, Ciência e Tecnologia de São Paulo";"Ministério da Educação";"4.833,33";"3 - Outras Despesas Correntes";"39 - Outros Serviços de Terceiros - Pessoa Jurídica";"90 - Aplicações Diretas";"0000 - FUNCIONAMENTO DE INSTITUICOES FEDERAIS DE EDUCACAO PROFISSIONAL E TECNOLOGICA - DESPESAS DIVERSAS";"0000";"12 - Educação";"363 - Ensino profissional";"20RL0035 - FUNCIONAMENTO DAS INSTITUICOES DA RED - NO ESTADO DE SAO PAU";"2080 - EDUCACAO DE QUALIDADE PARA TODOS";"20RL - FUNCIONAMENTO DAS INSTITUICOES DA REDE FEDERAL DE EDUCACAO PROFISSIONAL, CIENTIFICA E TECNOLOGICA";
"06/02/2017";"158716264392017NE800010";"0035 - FUNCIONAMENTO DAS INSTITUICOES DA RED - NO ESTADO DE SAO PAU";"Empenho";"REFORÇO";"02.302.100/0001-06 - EDP SAO PAULO DISTRIBUICAO DE ENERGIA S.A.";"SP";"IFSP - CAMPUS JACAREI";"INST.FED.DE EDUC.,CIENC.E TEC.DE SAO PAULO";"Instituto Federal de Educação, Ciência e Tecnologia de São Paulo";"Ministério da Educação";"9.000,00";"3 - Outras Despesas Correntes";"39 - Outros Serviços de Terceiros - Pessoa Jurídica";"90 - Aplicações Diretas";"0000 - FUNCIONAMENTO DE INSTITUICOES FEDERAIS DE EDUCACAO PROFISSIONAL E TECNOLOGICA - DESPESAS DIVERSAS";"0000";"12 - Educação";"363 - Ensino profissional";"20RL0035 - FUNCIONAMENTO DAS INSTITUICOES DA RED - NO ESTADO DE SAO PAU";"2080 - EDUCACAO DE QUALIDADE PARA TODOS";"20RL - FUNCIONAMENTO DAS INSTITUICOES DA REDE FEDERAL DE EDUCACAO PROFISSIONAL, CIENTIFICA E TECNOLOGICA";
"06/02/2017";"158716264392017NE800011";"0035 - FUNCIONAMENTO DAS INSTITUICOES DA RED - NO ESTADO DE SAO PAU";"Empenho";"REFORÇO";"40.432.544/0001-47 - CLARO S.A.";"SP";"IFSP - CAMPUS JACAREI";"INST.FED.DE EDUC.,CIENC.E TEC.DE SAO PAULO";"Instituto Federal de Educação, Ciência e Tecnologia de São Paulo";"Ministério da Educação";"776,63";"3 - Outras Despesas Correntes";"39 - Outros Serviços de Terceiros - Pessoa Jurídica";"90 - Aplicações Diretas";"0000 - FUNCIONAMENTO DE INSTITUICOES FEDERAIS DE EDUCACAO PROFISSIONAL E TECNOLOGICA - DESPESAS DIVERSAS";"0000";"12 - Educação";"363 - Ensino profissional";"20RL0035 - FUNCIONAMENTO DAS INSTITUICOES DA RED - NO ESTADO DE SAO PAU";"2080 - EDUCACAO DE QUALIDADE PARA TODOS";"20RL - FUNCIONAMENTO DAS INSTITUICOES DA REDE FEDERAL DE EDUCACAO PROFISSIONAL, CIENTIFICA E TECNOLOGICA";
"06/02/2017";"158716264392017NE800012";"0035 - FUNCIONAMENTO DAS INSTITUICOES DA RED - NO ESTADO DE SAO PAU";"Empenho";"REFORÇO";"09.405.866/0001-57 - PEDRAZUL SERVICOS LTDA";"SP";"IFSP - CAMPUS JACAREI";"INST.FED.DE EDUC.,CIENC.E TEC.DE SAO PAULO";"Instituto Federal de Educação, Ciência e Tecnologia de São Paulo";"Ministério da Educação";"7.141,00";"3 - Outras Despesas Correntes";"37 - Locação de Mão-de-Obra";"90 - Aplicações Diretas";"0000 - FUNCIONAMENTO DE INSTITUICOES FEDERAIS DE EDUCACAO PROFISSIONAL E TECNOLOGICA - DESPESAS DIVERSAS";"0000";"12 - Educação";"363 - Ensino profissional";"20RL0035 - FUNCIONAMENTO DAS INSTITUICOES DA RED - NO ESTADO DE SAO PAU";"2080 - EDUCACAO DE QUALIDADE PARA TODOS";"20RL - FUNCIONAMENTO DAS INSTITUICOES DA REDE FEDERAL DE EDUCACAO PROFISSIONAL, CIENTIFICA E TECNOLOGICA";
"14/02/2017";"158716264392017NE800013";"0035 - FUNCIONAMENTO DAS INSTITUICOES DA RED - NO ESTADO DE SAO PAU";"Empenho";"CANCELAMENTO";"15.237.862/0001-00 - INTERHUB INDUSTRIA E COMERCIO LTDA";"PR";"IFSP - CAMPUS JACAREI";"INST.FED.DE EDUC.,CIENC.E TEC.DE SAO PAULO";"Instituto Federal de Educação, Ciência e Tecnologia de São Paulo";"Ministério da Educação";"583,84";"3 - Outras Despesas Correntes";"30 - Material de Consumo";"90 - Aplicações Diretas";"0000 - FUNCIONAMENTO DE INSTITUICOES FEDERAIS DE EDUCACAO PROFISSIONAL E TECNOLOGICA";"0000";"12 - Educação";"363 - Ensino profissional";"20RL0035 - FUNCIONAMENTO DAS INSTITUICOES DA RED - NO ESTADO DE SAO PAU";"2031 - EDUCACAO PROFISSIONAL E TECNOLOGICA";"20RL - FUNCIONAMENTO DAS INSTITUICOES DA REDE FEDERAL DE EDUCACAO PROFISSIONAL, CIENTIFICA E TECNOLOGICA";
"14/02/2017";"158716264392017NE800014";"0035 - FUNCIONAMENTO DAS INSTITUICOES DA RED - NO ESTADO DE SAO PAU";"Empenho";"ORIGINAL";"82.330.937/0001-90 - TREZE COMERCIAL LTDA";"PR";"IFSP - CAMPUS JACAREI";"INST.FED.DE EDUC.,CIENC.E TEC.DE SAO PAULO";"Instituto Federal de Educação, Ciência e Tecnologia de São Paulo";"Ministério da Educação";"7.863,84";"3 - Outras Despesas Correntes";"32 - Material, Bem ou Serviço para Distribuição Gratuita";"90 - Aplicações Diretas";"0000 - FUNCIONAMENTO DE INSTITUICOES FEDERAIS DE EDUCACAO PROFISSIONAL E TECNOLOGICA - DESPESAS DIVERSAS";"0000";"12 - Educação";"363 - Ensino profissional";"20RL0035 - FUNCIONAMENTO DAS INSTITUICOES DA RED - NO ESTADO DE SAO PAU";"2080 - EDUCACAO DE QUALIDADE PARA TODOS";"20RL - FUNCIONAMENTO DAS INSTITUICOES DA REDE FEDERAL DE EDUCACAO PROFISSIONAL, CIENTIFICA E TECNOLOGICA";
"08/03/2017";"158716264392017NE000003";"0035 - ASSISTENCIA AOS ESTUDANTES DA REDE FE - NO ESTADO DE SAO PAU";"Empenho";"REFORÇO";"158716 - IFSP - CAMPUS JACAREI";"SP";"IFSP - CAMPUS JACAREI";"INST.FED.DE EDUC.,CIENC.E TEC.DE SAO PAULO";"Instituto Federal de Educação, Ciência e Tecnologia de São Paulo";"Ministério da Educação";"12.818,89";"3 - Outras Despesas Correntes";"18 - Auxílio Financeiro a Estudantes";"90 - Aplicações Diretas";"0001 - AUXILIO FINANCEIRO DE ASSISTENCIA ESTUDANTIL";"0000";"12 - Educação";"363 - Ensino profissional";"29940035 - ASSISTENCIA AOS ESTUDANTES DA REDE FE - NO ESTADO DE SAO PAU";"2080 - EDUCACAO DE QUALIDADE PARA TODOS";"2994 - ASSISTENCIA AOS ESTUDANTES DA REDE FEDERAL DE EDUCACAO PROFISSIONAL, CIENTIFICA E TECNOLOGICA";
"08/03/2017";"158716264392017NE800015";"0035 - FUNCIONAMENTO DAS INSTITUICOES DA RED - NO ESTADO DE SAO PAU";"Empenho";"REFORÇO";"10.928.126/0001-84 - REAK SEGURANCA E VIGILANCIA PATRIMONIAL LTDA";"SP";"IFSP - CAMPUS JACAREI";"INST.FED.DE EDUC.,CIENC.E TEC.DE SAO PAULO";"Instituto Federal de Educação, Ciência e Tecnologia de São Paulo";"Ministério da Educação";"34.433,24";"3 - Outras Despesas Correntes";"37 - Locação de Mão-de-Obra";"90 - Aplicações Diretas";"0000 - FUNCIONAMENTO DE INSTITUICOES FEDERAIS DE EDUCACAO PROFISSIONAL E TECNOLOGICA - DESPESAS DIVERSAS";"0000";"12 - Educação";"363 - Ensino profissional";"20RL0035 - FUNCIONAMENTO DAS INSTITUICOES DA RED - NO ESTADO DE SAO PAU";"2080 - EDUCACAO DE QUALIDADE PARA TODOS";"20RL - FUNCIONAMENTO DAS INSTITUICOES DA REDE FEDERAL DE EDUCACAO PROFISSIONAL, CIENTIFICA E TECNOLOGICA";
"08/03/2017";"158716264392017NE800016";"0035 - FUNCIONAMENTO DAS INSTITUICOES DA RED - NO ESTADO DE SAO PAU";"Empenho";"ANULAÇÃO";"10.928.126/0001-84 - REAK SEGURANCA E VIGILANCIA PATRIMONIAL LTDA";"SP";"IFSP - CAMPUS JACAREI";"INST.FED.DE EDUC.,CIENC.E TEC.DE SAO PAULO";"Instituto Federal de Educação, Ciência e Tecnologia de São Paulo";"Ministério da Educação";"207,42";"3 - Outras Despesas Correntes";"37 - Locação de Mão-de-Obra";"90 - Aplicações Diretas";"0000 - FUNCIONAMENTO DE INSTITUICOES FEDERAIS DE EDUCACAO PROFISSIONAL E TECNOLOGICA - DESPESAS DIVERSAS";"0000";"12 - Educação";"363 - Ensino profissional";"20RL0035 - FUNCIONAMENTO DAS INSTITUICOES DA RED - NO ESTADO DE SAO PAU";"2080 - EDUCACAO DE QUALIDADE PARA TODOS";"20RL - FUNCIONAMENTO DAS INSTITUICOES DA REDE FEDERAL DE EDUCACAO PROFISSIONAL, CIENTIFICA E TECNOLOGICA";
"08/03/2017";"158716264392017NE800017";"0035 - FUNCIONAMENTO DAS INSTITUICOES DA RED - NO ESTADO DE SAO PAU";"Empenho";"REFORÇO";"07.147.016/0001-70 - TJ TERCEIRIZACAO DE MAO DE OBRA LTDA";"SP";"IFSP - CAMPUS JACAREI";"INST.FED.DE EDUC.,CIENC.E TEC.DE SAO PAULO";"Instituto Federal de Educação, Ciência e Tecnologia de São Paulo";"Ministério da Educação";"30.460,44";"3 - Outras Despesas Correntes";"37 - Locação de Mão-de-Obra";"90 - Aplicações Diretas";"0000 - FUNCIONAMENTO DE INSTITUICOES FEDERAIS DE EDUCACAO PROFISSIONAL E TECNOLOGICA - DESPESAS DIVERSAS";"0000";"12 - Educação";"363 - Ensino profissional";"20RL0035 - FUNCIONAMENTO DAS INSTITUICOES DA RED - NO ESTADO DE SAO PAU";"2080 - EDUCACAO DE QUALIDADE PARA TODOS";"20RL - FUNCIONAMENTO DAS INSTITUICOES DA REDE FEDERAL DE EDUCACAO PROFISSIONAL, CIENTIFICA E TECNOLOGICA";
"10/03/2017";"158716264392017NE000004";"0035 - FUNCIONAMENTO DAS INSTITUICOES DA RED - NO ESTADO DE SAO PAU";"Empenho";"ORIGINAL";"158716 - IFSP - CAMPUS JACAREI";"SP";"IFSP - CAMPUS JACAREI";"INST.FED.DE EDUC.,CIENC.E TEC.DE SAO PAULO";"Instituto Federal de Educação, Ciência e Tecnologia de São Paulo";"Ministério da Educação";"5.800,00";"3 - Outras Despesas Correntes";"36 - Outros Serviços de Terceiros - Pessoa Física";"90 - Aplicações Diretas";"0000 - FUNCIONAMENTO DE INSTITUICOES FEDERAIS DE EDUCACAO PROFISSIONAL E TECNOLOGICA - DESPESAS DIVERSAS";"0000";"12 - Educação";"363 - Ensino profissional";"20RL0035 - FUNCIONAMENTO DAS INSTITUICOES DA RED - NO ESTADO DE SAO PAU";"2080 - EDUCACAO DE QUALIDADE PARA TODOS";"20RL - FUNCIONAMENTO DAS INSTITUICOES DA REDE FEDERAL DE EDUCACAO PROFISSIONAL, CIENTIFICA E TECNOLOGICA";
"21/03/2017";"158716264392017NE800018";"0035 - FUNCIONAMENTO DAS INSTITUICOES DA RED - NO ESTADO DE SAO PAU";"Empenho";"ORIGINAL";"82.330.937/0001-90 - TREZE COMERCIAL LTDA";"PR";"IFSP - CAMPUS JACAREI";"INST.FED.DE EDUC.,CIENC.E TEC.DE SAO PAULO";"Instituto Federal de Educação, Ciência e Tecnologia de São Paulo";"Ministério da Educação";"2.329,50";"3 - Outras Despesas Correntes";"32 - Material, Bem ou Serviço para Distribuição Gratuita";"90 - Aplicações Diretas";"0000 - FUNCIONAMENTO DE INSTITUICOES FEDERAIS DE EDUCACAO PROFISSIONAL E TECNOLOGICA - DESPESAS DIVERSAS";"0000";"12 - Educação";"363 - Ensino profissional";"20RL0035 - FUNCIONAMENTO DAS INSTITUICOES DA RED - NO ESTADO DE SAO PAU";"2080 - EDUCACAO DE QUALIDADE PARA TODOS";"20RL - FUNCIONAMENTO DAS INSTITUICOES DA REDE FEDERAL DE EDUCACAO PROFISSIONAL, CIENTIFICA E TECNOLOGICA";
"06/04/2017";"158716264392017NE800019";"0035 - FUNCIONAMENTO DAS INSTITUICOES DA RED - NO ESTADO DE SAO PAU";"Empenho";"ANULAÇÃO";"02.302.100/0001-06 - EDP SAO PAULO DISTRIBUICAO DE ENERGIA S.A.";"SP";"IFSP - CAMPUS JACAREI";"INST.FED.DE EDUC.,CIENC.E TEC.DE SAO PAULO";"Instituto Federal de Educação, Ciência e Tecnologia de São Paulo";"Ministério da Educação";"6.000,00";"3 - Outras Despesas Correntes";"39 - Outros Serviços de Terceiros - Pessoa Jurídica";"90 - Aplicações Diretas";"0000 - FUNCIONAMENTO DE INSTITUICOES FEDERAIS DE EDUCACAO PROFISSIONAL E TECNOLOGICA - DESPESAS DIVERSAS";"0000";"12 - Educação";"363 - Ensino profissional";"20RL0035 - FUNCIONAMENTO DAS INSTITUICOES DA RED - NO ESTADO DE SAO PAU";"2080 - EDUCACAO DE QUALIDADE PARA TODOS";"20RL - FUNCIONAMENTO DAS INSTITUICOES DA REDE FEDERAL DE EDUCACAO PROFISSIONAL, CIENTIFICA E TECNOLOGICA";
"06/04/2017";"158716264392017NE800020";"0035 - FUNCIONAMENTO DAS INSTITUICOES DA RED - NO ESTADO DE SAO PAU";"Empenho";"REFORÇO";"48.962.625/0001-60 - SAAE SERVICO AUTONOMO DE AGUA E ESGOTO DE JACAREI";"SP";"IFSP - CAMPUS JACAREI";"INST.FED.DE EDUC.,CIENC.E TEC.DE SAO PAULO";"Instituto Federal de Educação, Ciência e Tecnologia de São Paulo";"Ministério da Educação";"6.000,00";"3 - Outras Despesas Correntes";"39 - Outros Serviços de Terceiros - Pessoa Jurídica";"90 - Aplicações Diretas";"0000 - FUNCIONAMENTO DE INSTITUICOES FEDERAIS DE EDUCACAO PROFISSIONAL E TECNOLOGICA - DESPESAS DIVERSAS";"0000";"12 - Educação";"363 - Ensino profissional";"20RL0035 - FUNCIONAMENTO DAS INSTITUICOES DA RED - NO ESTADO DE SAO PAU";"2080 - EDUCACAO DE QUALIDADE PARA TODOS";"20RL - FUNCIONAMENTO DAS INSTITUICOES DA REDE FEDERAL DE EDUCACAO PROFISSIONAL, CIENTIFICA E TECNOLOGICA";
"07/04/2017";"158716264392017NE000005";"0035 - ASSISTENCIA AOS ESTUDANTES DA REDE FE - NO ESTADO DE SAO PAU";"Empenho";"REFORÇO";"158716 - IFSP - CAMPUS JACAREI";"SP";"IFSP - CAMPUS JACAREI";"INST.FED.DE EDUC.,CIENC.E TEC.DE SAO PAULO";"Instituto Federal de Educação, Ciência e Tecnologia de São Paulo";"Ministério da Educação";"19.228,34";"3 - Outras Despesas Correntes";"18 - Auxílio Financeiro a Estudantes";"90 - Aplicações Diretas";"0001 - AUXILIO FINANCEIRO DE ASSISTENCIA ESTUDANTIL";"0000";"12 - Educação";"363 - Ensino profissional";"29940035 - ASSISTENCIA AOS ESTUDANTES DA REDE FE - NO ESTADO DE SAO PAU";"2080 - EDUCACAO DE QUALIDADE PARA TODOS";"2994 - ASSISTENCIA AOS ESTUDANTES DA REDE FEDERAL DE EDUCACAO PROFISSIONAL, CIENTIFICA E TECNOLOGICA";
"07/04/2017";"158716264392017NE000006";"0035 - FUNCIONAMENTO DAS INSTITUICOES DA RED - NO ESTADO DE SAO PAU";"Empenho";"REFORÇO";"158716 - IFSP - CAMPUS JACAREI";"SP";"IFSP - CAMPUS JACAREI";"INST.FED.DE EDUC.,CIENC.E TEC.DE SAO PAULO";"Instituto Federal de Educação, Ciência e Tecnologia de São Paulo";"Ministério da Educação";"600,00";"3 - Outras Despesas Correntes";"36 - Outros Serviços de Terceiros - Pessoa Física";"90 - Aplicações Diretas";"0000 - FUNCIONAMENTO DE INSTITUICOES FEDERAIS DE EDUCACAO PROFISSIONAL E TECNOLOGICA - DESPESAS DIVERSAS";"0000";"12 - Educação";"363 - Ensino profissional";"20RL0035 - FUNCIONAMENTO DAS INSTITUICOES DA RED - NO ESTADO DE SAO PAU";"2080 - EDUCACAO DE QUALIDADE PARA TODOS";"20RL - FUNCIONAMENTO DAS INSTITUICOES DA REDE FEDERAL DE EDUCACAO PROFISSIONAL, CIENTIFICA E TECNOLOGICA";
"07/04/2017";"158716264392017NE800021";"0035 - FUNCIONAMENTO DAS INSTITUICOES DA RED - NO ESTADO DE SAO PAU";"Empenho";"REFORÇO";"02.302.100/0001-06 - EDP SAO PAULO DISTRIBUICAO DE ENERGIA S.A.";"SP";"IFSP - CAMPUS JACAREI";"INST.FED.DE EDUC.,CIENC.E TEC.DE SAO PAULO";"Instituto Federal de Educação, Ciência e Tecnologia de São Paulo";"Ministério da Educação";"9.000,00";"3 - Outras Despesas Correntes";"39 - Outros Serviços de Terceiros - Pessoa Jurídica";"90 - Aplicações Diretas";"0000 - FUNCIONAMENTO DE INSTITUICOES FEDERAIS DE EDUCACAO PROFISSIONAL E TECNOLOGICA - DESPESAS DIVERSAS";"0000";"12 - Educação";"363 - Ensino profissional";"20RL0035 - FUNCIONAMENTO DAS INSTITUICOES DA RED - NO ESTADO DE SAO PAU";"2080 - EDUCACAO DE QUALIDADE PARA TODOS";"20RL - FUNCIONAMENTO DAS INSTITUICOES DA REDE FEDERAL DE EDUCACAO PROFISSIONAL, CIENTIFICA E TECNOLOGICA";
"07/04/2017";"158716264392017NE800022";"0035 - FUNCIONAMENTO DAS INSTITUICOES DA RED - NO ESTADO DE SAO PAU";"Empenho";"REFORÇO";"48.962.625/0001-60 - SAAE SERVICO AUTONOMO DE AGUA E ESGOTO DE JACAREI";"SP";"IFSP - CAMPUS JACAREI";"INST.FED.DE EDUC.,CIENC.E TEC.DE SAO PAULO";"Instituto Federal de Educação, Ciência e Tecnologia de São Paulo";"Ministério da Educação";"2.333,34";"3 - Outras Despesas Correntes";"39 - Outros Serviços de Terceiros - Pessoa Jurídica";"90 - Aplicações Diretas";"0000 - FUNCIONAMENTO DE INSTITUICOES FEDERAIS DE EDUCACAO PROFISSIONAL E TECNOLOGICA - DESPESAS DIVERSAS";"0000";"12 - Educação";"363 - Ensino profissional";"20RL0035 - FUNCIONAMENTO DAS INSTITUICOES DA RED - NO ESTADO DE SAO PAU";"2080 - EDUCACAO DE QUALIDADE PARA TODOS";"20RL - FUNCIONAMENTO DAS INSTITUICOES DA REDE FEDERAL DE EDUCACAO PROFISSIONAL, CIENTIFICA E TECNOLOGICA";
"07/04/2017";"158716264392017NE800023";"0035 - FUNCIONAMENTO DAS INSTITUICOES DA RED - NO ESTADO DE SAO PAU";"Empenho";"REFORÇO";"40.432.544/0001-47 - CLARO S.A.";"SP";"IFSP - CAMPUS JACAREI";"INST.FED.DE EDUC.,CIENC.E TEC.DE SAO PAULO";"Instituto Federal de Educação, Ciência e Tecnologia de São Paulo";"Ministério da Educação";"600,00";"3 - Outras Despesas Correntes";"39 - Outros Serviços de Terceiros - Pessoa Jurídica";"90 - Aplicações Diretas";"0000 - FUNCIONAMENTO DE INSTITUICOES FEDERAIS DE EDUCACAO PROFISSIONAL E TECNOLOGICA - DESPESAS DIVERSAS";"0000";"12 - Educação";"363 - Ensino profissional";"20RL0035 - FUNCIONAMENTO DAS INSTITUICOES DA RED - NO ESTADO DE SAO PAU";"2080 - EDUCACAO DE QUALIDADE PARA TODOS";"20RL - FUNCIONAMENTO DAS INSTITUICOES DA REDE FEDERAL DE EDUCACAO PROFISSIONAL, CIENTIFICA E TECNOLOGICA";
"07/04/2017";"158716264392017NE800024";"0035 - FUNCIONAMENTO DAS INSTITUICOES DA RED - NO ESTADO DE SAO PAU";"Empenho";"REFORÇO";"09.405.866/0001-57 - PEDRAZUL SERVICOS LTDA";"SP";"IFSP - CAMPUS JACAREI";"INST.FED.DE EDUC.,CIENC.E TEC.DE SAO PAULO";"Instituto Federal de Educação, Ciência e Tecnologia de São Paulo";"Ministério da Educação";"7.141,00";"3 - Outras Despesas Correntes";"37 - Locação de Mão-de-Obra";"90 - Aplicações Diretas";"0000 - FUNCIONAMENTO DE INSTITUICOES FEDERAIS DE EDUCACAO PROFISSIONAL E TECNOLOGICA - DESPESAS DIVERSAS";"0000";"12 - Educação";"363 - Ensino profissional";"20RL0035 - FUNCIONAMENTO DAS INSTITUICOES DA RED - NO ESTADO DE SAO PAU";"2080 - EDUCACAO DE QUALIDADE PARA TODOS";"20RL - FUNCIONAMENTO DAS INSTITUICOES DA REDE FEDERAL DE EDUCACAO PROFISSIONAL, CIENTIFICA E TECNOLOGICA";
"07/04/2017";"158716264392017NE800025";"0035 - FUNCIONAMENTO DAS INSTITUICOES DA RED - NO ESTADO DE SAO PAU";"Empenho";"REFORÇO";"07.147.016/0001-70 - TJ TERCEIRIZACAO DE MAO DE OBRA LTDA";"SP";"IFSP - CAMPUS JACAREI";"INST.FED.DE EDUC.,CIENC.E TEC.DE SAO PAULO";"Instituto Federal de Educação, Ciência e Tecnologia de São Paulo";"Ministério da Educação";"30.523,19";"3 - Outras Despesas Correntes";"37 - Locação de Mão-de-Obra";"90 - Aplicações Diretas";"0000 - FUNCIONAMENTO DE INSTITUICOES FEDERAIS DE EDUCACAO PROFISSIONAL E TECNOLOGICA - DESPESAS DIVERSAS";"0000";"12 - Educação";"363 - Ensino profissional";"20RL0035 - FUNCIONAMENTO DAS INSTITUICOES DA RED - NO ESTADO DE SAO PAU";"2080 - EDUCACAO DE QUALIDADE PARA TODOS";"20RL - FUNCIONAMENTO DAS INSTITUICOES DA REDE FEDERAL DE EDUCACAO PROFISSIONAL, CIENTIFICA E TECNOLOGICA";
"07/04/2017";"158716264392017NE800026";"0035 - FUNCIONAMENTO DAS INSTITUICOES DA RED - NO ESTADO DE SAO PAU";"Empenho";"REFORÇO";"10.928.126/0001-84 - REAK SEGURANCA E VIGILANCIA PATRIMONIAL LTDA";"SP";"IFSP - CAMPUS JACAREI";"INST.FED.DE EDUC.,CIENC.E TEC.DE SAO PAULO";"Instituto Federal de Educação, Ciência e Tecnologia de São Paulo";"Ministério da Educação";"36.633,16";"3 - Outras Despesas Correntes";"37 - Locação de Mão-de-Obra";"90 - Aplicações Diretas";"0000 - FUNCIONAMENTO DE INSTITUICOES FEDERAIS DE EDUCACAO PROFISSIONAL E TECNOLOGICA - DESPESAS DIVERSAS";"0000";"12 - Educação";"363 - Ensino profissional";"20RL0035 - FUNCIONAMENTO DAS INSTITUICOES DA RED - NO ESTADO DE SAO PAU";"2080 - EDUCACAO DE QUALIDADE PARA TODOS";"20RL - FUNCIONAMENTO DAS INSTITUICOES DA REDE FEDERAL DE EDUCACAO PROFISSIONAL, CIENTIFICA E TECNOLOGICA";
"07/04/2017";"158716264392017NE800027";"0035 - FUNCIONAMENTO DAS INSTITUICOES DA RED - NO ESTADO DE SAO PAU";"Empenho";"ANULAÇÃO";"54.879.168/0001-48 - BICIEXTIL EXTINTORES LTDA";"SP";"IFSP - CAMPUS JACAREI";"INST.FED.DE EDUC.,CIENC.E TEC.DE SAO PAULO";"Instituto Federal de Educação, Ciência e Tecnologia de São Paulo";"Ministério da Educação";"40,00";"3 - Outras Despesas Correntes";"30 - Material de Consumo";"90 - Aplicações Diretas";"0000 - FUNCIONAMENTO DE INSTITUICOES FEDERAIS DE EDUCACAO PROFISSIONAL E TECNOLOGICA - DESPESAS DIVERSAS";"0000";"12 - Educação";"363 - Ensino profissional";"20RL0035 - FUNCIONAMENTO DAS INSTITUICOES DA RED - NO ESTADO DE SAO PAU";"2080 - EDUCACAO DE QUALIDADE PARA TODOS";"20RL - FUNCIONAMENTO DAS INSTITUICOES DA REDE FEDERAL DE EDUCACAO PROFISSIONAL, CIENTIFICA E TECNOLOGICA";
"07/04/2017";"158716264392017NE800028";"0035 - FUNCIONAMENTO DAS INSTITUICOES DA RED - NO ESTADO DE SAO PAU";"Empenho";"ANULAÇÃO";"40.432.544/0001-47 - CLARO S.A.";"SP";"IFSP - CAMPUS JACAREI";"INST.FED.DE EDUC.,CIENC.E TEC.DE SAO PAULO";"Instituto Federal de Educação, Ciência e Tecnologia de São Paulo";"Ministério da Educação";"600,00";"3 - Outras Despesas Correntes";"39 - Outros Serviços de Terceiros - Pessoa Jurídica";"90 - Aplicações Diretas";"0000 - FUNCIONAMENTO DE INSTITUICOES FEDERAIS DE EDUCACAO PROFISSIONAL E TECNOLOGICA - DESPESAS DIVERSAS";"0000";"12 - Educação";"363 - Ensino profissional";"20RL0035 - FUNCIONAMENTO DAS INSTITUICOES DA RED - NO ESTADO DE SAO PAU";"2080 - EDUCACAO DE QUALIDADE PARA TODOS";"20RL - FUNCIONAMENTO DAS INSTITUICOES DA REDE FEDERAL DE EDUCACAO PROFISSIONAL, CIENTIFICA E TECNOLOGICA";
"18/04/2017";"158716264392017NE800029";"0035 - FUNCIONAMENTO DAS INSTITUICOES DA RED - NO ESTADO DE SAO PAU";"Empenho";"ANULAÇÃO";"48.962.625/0001-60 - SAAE SERVICO AUTONOMO DE AGUA E ESGOTO DE JACAREI";"SP";"IFSP - CAMPUS JACAREI";"INST.FED.DE EDUC.,CIENC.E TEC.DE SAO PAULO";"Instituto Federal de Educação, Ciência e Tecnologia de São Paulo";"Ministério da Educação";"923,00";"3 - Outras Despesas Correntes";"39 - Outros Serviços de Terceiros - Pessoa Jurídica";"90 - Aplicações Diretas";"0000 - FUNCIONAMENTO DE INSTITUICOES FEDERAIS DE EDUCACAO PROFISSIONAL E TECNOLOGICA - DESPESAS DIVERSAS";"0000";"12 - Educação";"363 - Ensino profissional";"20RL0035 - FUNCIONAMENTO DAS INSTITUICOES DA RED - NO ESTADO DE SAO PAU";"2080 - EDUCACAO DE QUALIDADE PARA TODOS";"20RL - FUNCIONAMENTO DAS INSTITUICOES DA REDE FEDERAL DE EDUCACAO PROFISSIONAL, CIENTIFICA E TECNOLOGICA";
"19/04/2017";"158716264392017NE000007";"0035 - FUNCIONAMENTO DAS INSTITUICOES DA RED - NO ESTADO DE SAO PAU";"Empenho";"ORIGINAL";"158716 - IFSP - CAMPUS JACAREI";"SP";"IFSP - CAMPUS JACAREI";"INST.FED.DE EDUC.,CIENC.E TEC.DE SAO PAULO";"Instituto Federal de Educação, Ciência e Tecnologia de São Paulo";"Ministério da Educação";"923,00";"3 - Outras Despesas Correntes";"18 - Auxílio Financeiro a Estudantes";"90 - Aplicações Diretas";"0000 - FUNCIONAMENTO DE INSTITUICOES FEDERAIS DE EDUCACAO PROFISSIONAL E TECNOLOGICA - DESPESAS DIVERSAS";"0000";"12 - Educação";"363 - Ensino profissional";"20RL0035 - FUNCIONAMENTO DAS INSTITUICOES DA RED - NO ESTADO DE SAO PAU";"2080 - EDUCACAO DE QUALIDADE PARA TODOS";"20RL - FUNCIONAMENTO DAS INSTITUICOES DA REDE FEDERAL DE EDUCACAO PROFISSIONAL, CIENTIFICA E TECNOLOGICA";
"26/04/2017";"158716264392017NE000008";"0035 - ASSISTENCIA AOS ESTUDANTES DA REDE FE - NO ESTADO DE SAO PAU";"Empenho";"REFORÇO";"158716 - IFSP - CAMPUS JACAREI";"SP";"IFSP - CAMPUS JACAREI";"INST.FED.DE EDUC.,CIENC.E TEC.DE SAO PAULO";"Instituto Federal de Educação, Ciência e Tecnologia de São Paulo";"Ministério da Educação";"19.228,22";"3 - Outras Despesas Correntes";"18 - Auxílio Financeiro a Estudantes";"90 - Aplicações Diretas";"0001 - AUXILIO FINANCEIRO DE ASSISTENCIA ESTUDANTIL";"0000";"12 - Educação";"363 - Ensino profissional";"29940035 - ASSISTENCIA AOS ESTUDANTES DA REDE FE - NO ESTADO DE SAO PAU";"2080 - EDUCACAO DE QUALIDADE PARA TODOS";"2994 - ASSISTENCIA AOS ESTUDANTES DA REDE FEDERAL DE EDUCACAO PROFISSIONAL, CIENTIFICA E TECNOLOGICA";
"03/05/2017";"158716264392017NE000009";"0035 - FUNCIONAMENTO DAS INSTITUICOES DA RED - NO ESTADO DE SAO PAU";"Empenho";"ORIGINAL";"158716 - IFSP - CAMPUS JACAREI";"SP";"IFSP - CAMPUS JACAREI";"INST.FED.DE EDUC.,CIENC.E TEC.DE SAO PAULO";"Instituto Federal de Educação, Ciência e Tecnologia de São Paulo";"Ministério da Educação";"2.400,00";"3 - Outras Despesas Correntes";"18 - Auxílio Financeiro a Estudantes";"90 - Aplicações Diretas";"0000 - FUNCIONAMENTO DE INSTITUICOES FEDERAIS DE EDUCACAO PROFISSIONAL E TECNOLOGICA - DESPESAS DIVERSAS";"0000";"12 - Educação";"363 - Ensino profissional";"20RL0035 - FUNCIONAMENTO DAS INSTITUICOES DA RED - NO ESTADO DE SAO PAU";"2080 - EDUCACAO DE QUALIDADE PARA TODOS";"20RL - FUNCIONAMENTO DAS INSTITUICOES DA REDE FEDERAL DE EDUCACAO PROFISSIONAL, CIENTIFICA E TECNOLOGICA";
"03/05/2017";"158716264392017NE800030";"0035 - FUNCIONAMENTO DAS INSTITUICOES DA RED - NO ESTADO DE SAO PAU";"Empenho";"REFORÇO";"48.962.625/0001-60 - SAAE SERVICO AUTONOMO DE AGUA E ESGOTO DE JACAREI";"SP";"IFSP - CAMPUS JACAREI";"INST.FED.DE EDUC.,CIENC.E TEC.DE SAO PAULO";"Instituto Federal de Educação, Ciência e Tecnologia de São Paulo";"Ministério da Educação";"4.166,67";"3 - Outras Despesas Correntes";"39 - Outros Serviços de Terceiros - Pessoa Jurídica";"90 - Aplicações Diretas";"0000 - FUNCIONAMENTO DE INSTITUICOES FEDERAIS DE EDUCACAO PROFISSIONAL E TECNOLOGICA - DESPESAS DIVERSAS";"0000";"12 - Educação";"363 - Ensino profissional";"20RL0035 - FUNCIONAMENTO DAS INSTITUICOES DA RED - NO ESTADO DE SAO PAU";"2080 - EDUCACAO DE QUALIDADE PARA TODOS";"20RL - FUNCIONAMENTO DAS INSTITUICOES DA REDE FEDERAL DE EDUCACAO PROFISSIONAL, CIENTIFICA E TECNOLOGICA";
"03/05/2017";"158716264392017NE800031";"0035 - FUNCIONAMENTO DAS INSTITUICOES DA RED - NO ESTADO DE SAO PAU";"Empenho";"REFORÇO";"02.302.100/0001-06 - EDP SAO PAULO DISTRIBUICAO DE ENERGIA S.A.";"SP";"IFSP - CAMPUS JACAREI";"INST.FED.DE EDUC.,CIENC.E TEC.DE SAO PAULO";"Instituto Federal de Educação, Ciência e Tecnologia de São Paulo";"Ministério da Educação";"9.000,00";"3 - Outras Despesas Correntes";"39 - Outros Serviços de Terceiros - Pessoa Jurídica";"90 - Aplicações Diretas";"0000 - FUNCIONAMENTO DE INSTITUICOES FEDERAIS DE EDUCACAO PROFISSIONAL E TECNOLOGICA - DESPESAS DIVERSAS";"0000";"12 - Educação";"363 - Ensino profissional";"20RL0035 - FUNCIONAMENTO DAS INSTITUICOES DA RED - NO ESTADO DE SAO PAU";"2080 - EDUCACAO DE QUALIDADE PARA TODOS";"20RL - FUNCIONAMENTO DAS INSTITUICOES DA REDE FEDERAL DE EDUCACAO PROFISSIONAL, CIENTIFICA E TECNOLOGICA";
"03/05/2017";"158716264392017NE800032";"0035 - FUNCIONAMENTO DAS INSTITUICOES DA RED - NO ESTADO DE SAO PAU";"Empenho";"REFORÇO";"48.962.625/0001-60 - SAAE SERVICO AUTONOMO DE AGUA E ESGOTO DE JACAREI";"SP";"IFSP - CAMPUS JACAREI";"INST.FED.DE EDUC.,CIENC.E TEC.DE SAO PAULO";"Instituto Federal de Educação, Ciência e Tecnologia de São Paulo";"Ministério da Educação";"4.166,67";"3 - Outras Despesas Correntes";"39 - Outros Serviços de Terceiros - Pessoa Jurídica";"90 - Aplicações Diretas";"0000 - FUNCIONAMENTO DE INSTITUICOES FEDERAIS DE EDUCACAO PROFISSIONAL E TECNOLOGICA - DESPESAS DIVERSAS";"0000";"12 - Educação";"363 - Ensino profissional";"20RL0035 - FUNCIONAMENTO DAS INSTITUICOES DA RED - NO ESTADO DE SAO PAU";"2080 - EDUCACAO DE QUALIDADE PARA TODOS";"20RL - FUNCIONAMENTO DAS INSTITUICOES DA REDE FEDERAL DE EDUCACAO PROFISSIONAL, CIENTIFICA E TECNOLOGICA";
"05/05/2017";"158716264392017NE000010";"0035 - FUNCIONAMENTO DAS INSTITUICOES DA RED - NO ESTADO DE SAO PAU";"Empenho";"ORIGINAL";"158716 - IFSP - CAMPUS JACAREI";"SP";"IFSP - CAMPUS JACAREI";"INST.FED.DE EDUC.,CIENC.E TEC.DE SAO PAULO";"Instituto Federal de Educação, Ciência e Tecnologia de São Paulo";"Ministério da Educação";"13.800,00";"3 - Outras Despesas Correntes";"18 - Auxílio Financeiro a Estudantes";"90 - Aplicações Diretas";"0000 - FUNCIONAMENTO DE INSTITUICOES FEDERAIS DE EDUCACAO PROFISSIONAL E TECNOLOGICA - DESPESAS DIVERSAS";"0000";"12 - Educação";"363 - Ensino profissional";"20RL0035 - FUNCIONAMENTO DAS INSTITUICOES DA RED - NO ESTADO DE SAO PAU";"2080 - EDUCACAO DE QUALIDADE PARA TODOS";"20RL - FUNCIONAMENTO DAS INSTITUICOES DA REDE FEDERAL DE EDUCACAO PROFISSIONAL, CIENTIFICA E TECNOLOGICA";
"05/05/2017";"158716264392017NE000011";"0035 - ASSISTENCIA AOS ESTUDANTES DA REDE FE - NO ESTADO DE SAO PAU";"Empenho";"REFORÇO";"158716 - IFSP - CAMPUS JACAREI";"SP";"IFSP - CAMPUS JACAREI";"INST.FED.DE EDUC.,CIENC.E TEC.DE SAO PAULO";"Instituto Federal de Educação, Ciência e Tecnologia de São Paulo";"Ministério da Educação";"61.530,67";"3 - Outras Despesas Correntes";"18 - Auxílio Financeiro a Estudantes";"90 - Aplicações Diretas";"0001 - AUXILIO FINANCEIRO DE ASSISTENCIA ESTUDANTIL";"0000";"12 - Educação";"363 - Ensino profissional";"29940035 - ASSISTENCIA AOS ESTUDANTES DA REDE FE - NO ESTADO DE SAO PAU";"2080 - EDUCACAO DE QUALIDADE PARA TODOS";"2994 - ASSISTENCIA AOS ESTUDANTES DA REDE FEDERAL DE EDUCACAO PROFISSIONAL, CIENTIFICA E TECNOLOGICA";
"09/05/2017";"158716264392017NE800033";"0035 - FUNCIONAMENTO DAS INSTITUICOES DA RED - NO ESTADO DE SAO PAU";"Empenho";"ORIGINAL";"82.330.937/0001-90 - TREZE COMERCIAL LTDA";"PR";"IFSP - CAMPUS JACAREI";"INST.FED.DE EDUC.,CIENC.E TEC.DE SAO PAULO";"Instituto Federal de Educação, Ciência e Tecnologia de São Paulo";"Ministério da Educação";"3.448,70";"3 - Outras Despesas Correntes";"32 - Material, Bem ou Serviço para Distribuição Gratuita";"90 - Aplicações Diretas";"0000 - FUNCIONAMENTO DE INSTITUICOES FEDERAIS DE EDUCACAO PROFISSIONAL E TECNOLOGICA - DESPESAS DIVERSAS";"0000";"12 - Educação";"363 - Ensino profissional";"20RL0035 - FUNCIONAMENTO DAS INSTITUICOES DA RED - NO ESTADO DE SAO PAU";"2080 - EDUCACAO DE QUALIDADE PARA TODOS";"20RL - FUNCIONAMENTO DAS INSTITUICOES DA REDE FEDERAL DE EDUCACAO PROFISSIONAL, CIENTIFICA E TECNOLOGICA";
"10/05/2017";"158716264392017NE000012";"0035 - FUNCIONAMENTO DAS INSTITUICOES DA RED - NO ESTADO DE SAO PAU";"Empenho";"REFORÇO";"158716 - IFSP - CAMPUS JACAREI";"SP";"IFSP - CAMPUS JACAREI";"INST.FED.DE EDUC.,CIENC.E TEC.DE SAO PAULO";"Instituto Federal de Educação, Ciência e Tecnologia de São Paulo";"Ministério da Educação";"11.400,00";"3 - Outras Despesas Correntes";"18 - Auxílio Financeiro a Estudantes";"90 - Aplicações Diretas";"0000 - FUNCIONAMENTO DE INSTITUICOES FEDERAIS DE EDUCACAO PROFISSIONAL E TECNOLOGICA - DESPESAS DIVERSAS";"0000";"12 - Educação";"363 - Ensino profissional";"20RL0035 - FUNCIONAMENTO DAS INSTITUICOES DA RED - NO ESTADO DE SAO PAU";"2080 - EDUCACAO DE QUALIDADE PARA TODOS";"20RL - FUNCIONAMENTO DAS INSTITUICOES DA REDE FEDERAL DE EDUCACAO PROFISSIONAL, CIENTIFICA E TECNOLOGICA";
"10/05/2017";"158716264392017NE000013";"0035 - FUNCIONAMENTO DAS INSTITUICOES DA RED - NO ESTADO DE SAO PAU";"Empenho";"REFORÇO";"158716 - IFSP - CAMPUS JACAREI";"SP";"IFSP - CAMPUS JACAREI";"INST.FED.DE EDUC.,CIENC.E TEC.DE SAO PAULO";"Instituto Federal de Educação, Ciência e Tecnologia de São Paulo";"Ministério da Educação";"7.400,00";"3 - Outras Despesas Correntes";"36 - Outros Serviços de Terceiros - Pessoa Física";"90 - Aplicações Diretas";"0000 - FUNCIONAMENTO DE INSTITUICOES FEDERAIS DE EDUCACAO PROFISSIONAL E TECNOLOGICA - DESPESAS DIVERSAS";"0000";"12 - Educação";"363 - Ensino profissional";"20RL0035 - FUNCIONAMENTO DAS INSTITUICOES DA RED - NO ESTADO DE SAO PAU";"2080 - EDUCACAO DE QUALIDADE PARA TODOS";"20RL - FUNCIONAMENTO DAS INSTITUICOES DA REDE FEDERAL DE EDUCACAO PROFISSIONAL, CIENTIFICA E TECNOLOGICA";
"10/05/2017";"158716264392017NE800034";"0035 - FUNCIONAMENTO DAS INSTITUICOES DA RED - NO ESTADO DE SAO PAU";"Empenho";"ORIGINAL";"10.928.126/0001-84 - REAK SEGURANCA E VIGILANCIA PATRIMONIAL LTDA";"SP";"IFSP - CAMPUS JACAREI";"INST.FED.DE EDUC.,CIENC.E TEC.DE SAO PAULO";"Instituto Federal de Educação, Ciência e Tecnologia de São Paulo";"Ministério da Educação";"4.399,84";"3 - Outras Despesas Correntes";"37 - Locação de Mão-de-Obra";"90 - Aplicações Diretas";"0000 - FUNCIONAMENTO DE INSTITUICOES FEDERAIS DE EDUCACAO PROFISSIONAL E TECNOLOGICA - DESPESAS DIVERSAS";"0000";"12 - Educação";"363 - Ensino profissional";"20RL0035 - FUNCIONAMENTO DAS INSTITUICOES DA RED - NO ESTADO DE SAO PAU";"2080 - EDUCACAO DE QUALIDADE PARA TODOS";"20RL - FUNCIONAMENTO DAS INSTITUICOES DA REDE FEDERAL DE EDUCACAO PROFISSIONAL, CIENTIFICA E TECNOLOGICA";
"10/05/2017";"158716264392017NE800035";"0035 - FUNCIONAMENTO DAS INSTITUICOES DA RED - NO ESTADO DE SAO PAU";"Empenho";"REFORÇO";"10.928.126/0001-84 - REAK SEGURANCA E VIGILANCIA PATRIMONIAL LTDA";"SP";"IFSP - CAMPUS JACAREI";"INST.FED.DE EDUC.,CIENC.E TEC.DE SAO PAULO";"Instituto Federal de Educação, Ciência e Tecnologia de São Paulo";"Ministério da Educação";"118.570,39";"3 - Outras Despesas Correntes";"37 - Locação de Mão-de-Obra";"90 - Aplicações Diretas";"0000 - FUNCIONAMENTO DE INSTITUICOES FEDERAIS DE EDUCACAO PROFISSIONAL E TECNOLOGICA - DESPESAS DIVERSAS";"0000";"12 - Educação";"363 - Ensino profissional";"20RL0035 - FUNCIONAMENTO DAS INSTITUICOES DA RED - NO ESTADO DE SAO PAU";"2080 - EDUCACAO DE QUALIDADE PARA TODOS";"20RL - FUNCIONAMENTO DAS INSTITUICOES DA REDE FEDERAL DE EDUCACAO PROFISSIONAL, CIENTIFICA E TECNOLOGICA";
"10/05/2017";"158716264392017NE800036";"0035 - FUNCIONAMENTO DAS INSTITUICOES DA RED - NO ESTADO DE SAO PAU";"Empenho";"REFORÇO";"07.147.016/0001-70 - TJ TERCEIRIZACAO DE MAO DE OBRA LTDA";"SP";"IFSP - CAMPUS JACAREI";"INST.FED.DE EDUC.,CIENC.E TEC.DE SAO PAULO";"Instituto Federal de Educação, Ciência e Tecnologia de São Paulo";"Ministério da Educação";"27.039,84";"3 - Outras Despesas Correntes";"37 - Locação de Mão-de-Obra";"90 - Aplicações Diretas";"0000 - FUNCIONAMENTO DE INSTITUICOES FEDERAIS DE EDUCACAO PROFISSIONAL E TECNOLOGICA - DESPESAS DIVERSAS";"0000";"12 - Educação";"363 - Ensino profissional";"20RL0035 - FUNCIONAMENTO DAS INSTITUICOES DA RED - NO ESTADO DE SAO PAU";"2080 - EDUCACAO DE QUALIDADE PARA TODOS";"20RL - FUNCIONAMENTO DAS INSTITUICOES DA REDE FEDERAL DE EDUCACAO PROFISSIONAL, CIENTIFICA E TECNOLOGICA";
"10/05/2017";"158716264392017NE800037";"0035 - FUNCIONAMENTO DAS INSTITUICOES DA RED - NO ESTADO DE SAO PAU";"Empenho";"REFORÇO";"09.405.866/0001-57 - PEDRAZUL SERVICOS LTDA";"SP";"IFSP - CAMPUS JACAREI";"INST.FED.DE EDUC.,CIENC.E TEC.DE SAO PAULO";"Instituto Federal de Educação, Ciência e Tecnologia de São Paulo";"Ministério da Educação";"12.853,80";"3 - Outras Despesas Correntes";"37 - Locação de Mão-de-Obra";"90 - Aplicações Diretas";"0000 - FUNCIONAMENTO DE INSTITUICOES FEDERAIS DE EDUCACAO PROFISSIONAL E TECNOLOGICA - DESPESAS DIVERSAS";"0000";"12 - Educação";"363 - Ensino profissional";"20RL0035 - FUNCIONAMENTO DAS INSTITUICOES DA RED - NO ESTADO DE SAO PAU";"2080 - EDUCACAO DE QUALIDADE PARA TODOS";"20RL - FUNCIONAMENTO DAS INSTITUICOES DA REDE FEDERAL DE EDUCACAO PROFISSIONAL, CIENTIFICA E TECNOLOGICA";
"10/05/2017";"158716264392017NE800038";"0035 - FUNCIONAMENTO DAS INSTITUICOES DA RED - NO ESTADO DE SAO PAU";"Empenho";"REFORÇO";"48.962.625/0001-60 - SAAE SERVICO AUTONOMO DE AGUA E ESGOTO DE JACAREI";"SP";"IFSP - CAMPUS JACAREI";"INST.FED.DE EDUC.,CIENC.E TEC.DE SAO PAULO";"Instituto Federal de Educação, Ciência e Tecnologia de São Paulo";"Ministério da Educação";"4.999,98";"3 - Outras Despesas Correntes";"39 - Outros Serviços de Terceiros - Pessoa Jurídica";"90 - Aplicações Diretas";"0000 - FUNCIONAMENTO DE INSTITUICOES FEDERAIS DE EDUCACAO PROFISSIONAL E TECNOLOGICA - DESPESAS DIVERSAS";"0000";"12 - Educação";"363 - Ensino profissional";"20RL0035 - FUNCIONAMENTO DAS INSTITUICOES DA RED - NO ESTADO DE SAO PAU";"2080 - EDUCACAO DE QUALIDADE PARA TODOS";"20RL - FUNCIONAMENTO DAS INSTITUICOES DA REDE FEDERAL DE EDUCACAO PROFISSIONAL, CIENTIFICA E TECNOLOGICA";
"10/05/2017";"158716264392017NE800039";"0035 - FUNCIONAMENTO DAS INSTITUICOES DA RED - NO ESTADO DE SAO PAU";"Empenho";"REFORÇO";"02.302.100/0001-06 - EDP SAO PAULO DISTRIBUICAO DE ENERGIA S.A.";"SP";"IFSP - CAMPUS JACAREI";"INST.FED.DE EDUC.,CIENC.E TEC.DE SAO PAULO";"Instituto Federal de Educação, Ciência e Tecnologia de São Paulo";"Ministério da Educação";"28.800,00";"3 - Outras Despesas Correntes";"39 - Outros Serviços de Terceiros - Pessoa Jurídica";"90 - Aplicações Diretas";"0000 - FUNCIONAMENTO DE INSTITUICOES FEDERAIS DE EDUCACAO PROFISSIONAL E TECNOLOGICA - DESPESAS DIVERSAS";"0000";"12 - Educação";"363 - Ensino profissional";"20RL0035 - FUNCIONAMENTO DAS INSTITUICOES DA RED - NO ESTADO DE SAO PAU";"2080 - EDUCACAO DE QUALIDADE PARA TODOS";"20RL - FUNCIONAMENTO DAS INSTITUICOES DA REDE FEDERAL DE EDUCACAO PROFISSIONAL, CIENTIFICA E TECNOLOGICA";
"16/05/2017";"158716264392017NE800040";"0035 - FUNCIONAMENTO DAS INSTITUICOES DA RED - NO ESTADO DE SAO PAU";"Empenho";"REFORÇO";"40.432.544/0001-47 - CLARO S.A.";"SP";"IFSP - CAMPUS JACAREI";"INST.FED.DE EDUC.,CIENC.E TEC.DE SAO PAULO";"Instituto Federal de Educação, Ciência e Tecnologia de São Paulo";"Ministério da Educação";"2.838,52";"3 - Outras Despesas Correntes";"39 - Outros Serviços de Terceiros - Pessoa Jurídica";"90 - Aplicações Diretas";"0000 - FUNCIONAMENTO DE INSTITUICOES FEDERAIS DE EDUCACAO PROFISSIONAL E TECNOLOGICA - DESPESAS DIVERSAS";"0000";"12 - Educação";"363 - Ensino profissional";"20RL0035 - FUNCIONAMENTO DAS INSTITUICOES DA RED - NO ESTADO DE SAO PAU";"2080 - EDUCACAO DE QUALIDADE PARA TODOS";"20RL - FUNCIONAMENTO DAS INSTITUICOES DA REDE FEDERAL DE EDUCACAO PROFISSIONAL, CIENTIFICA E TECNOLOGICA";
"18/05/2017";"158716264392017NE800041";"0035 - FUNCIONAMENTO DAS INSTITUICOES DA RED - NO ESTADO DE SAO PAU";"Empenho";"REFORÇO";"40.432.544/0001-47 - CLARO S.A.";"SP";"IFSP - CAMPUS JACAREI";"INST.FED.DE EDUC.,CIENC.E TEC.DE SAO PAULO";"Instituto Federal de Educação, Ciência e Tecnologia de São Paulo";"Ministério da Educação";"1.200,00";"3 - Outras Despesas Correntes";"39 - Outros Serviços de Terceiros - Pessoa Jurídica";"90 - Aplicações Diretas";"0000 - FUNCIONAMENTO DE INSTITUICOES FEDERAIS DE EDUCACAO PROFISSIONAL E TECNOLOGICA - DESPESAS DIVERSAS";"0000";"12 - Educação";"363 - Ensino profissional";"20RL0035 - FUNCIONAMENTO DAS INSTITUICOES DA RED - NO ESTADO DE SAO PAU";"2080 - EDUCACAO DE QUALIDADE PARA TODOS";"20RL - FUNCIONAMENTO DAS INSTITUICOES DA REDE FEDERAL DE EDUCACAO PROFISSIONAL, CIENTIFICA E TECNOLOGICA";
"23/05/2017";"158716264392017NE000014";"0035 - FUNCIONAMENTO DAS INSTITUICOES DA RED - NO ESTADO DE SAO PAU";"Empenho";"REFORÇO";"158716 - IFSP - CAMPUS JACAREI";"SP";"IFSP - CAMPUS JACAREI";"INST.FED.DE EDUC.,CIENC.E TEC.DE SAO PAULO";"Instituto Federal de Educação, Ciência e Tecnologia de São Paulo";"Ministério da Educação";"5.800,00";"3 - Outras Despesas Correntes";"36 - Outros Serviços de Terceiros - Pessoa Física";"90 - Aplicações Diretas";"0000 - FUNCIONAMENTO DE INSTITUICOES FEDERAIS DE EDUCACAO PROFISSIONAL E TECNOLOGICA - DESPESAS DIVERSAS";"0000";"12 - Educação";"363 - Ensino profissional";"20RL0035 - FUNCIONAMENTO DAS INSTITUICOES DA RED - NO ESTADO DE SAO PAU";"2080 - EDUCACAO DE QUALIDADE PARA TODOS";"20RL - FUNCIONAMENTO DAS INSTITUICOES DA REDE FEDERAL DE EDUCACAO PROFISSIONAL, CIENTIFICA E TECNOLOGICA";
"23/05/2017";"158716264392017NE800042";"0035 - FUNCIONAMENTO DAS INSTITUICOES DA RED - NO ESTADO DE SAO PAU";"Empenho";"REFORÇO";"02.302.100/0001-06 - EDP SAO PAULO DISTRIBUICAO DE ENERGIA S.A.";"SP";"IFSP - CAMPUS JACAREI";"INST.FED.DE EDUC.,CIENC.E TEC.DE SAO PAULO";"Instituto Federal de Educação, Ciência e Tecnologia de São Paulo";"Ministério da Educação";"6.000,00";"3 - Outras Despesas Correntes";"39 - Outros Serviços de Terceiros - Pessoa Jurídica";"90 - Aplicações Diretas";"0000 - FUNCIONAMENTO DE INSTITUICOES FEDERAIS DE EDUCACAO PROFISSIONAL E TECNOLOGICA - DESPESAS DIVERSAS";"0000";"12 - Educação";"363 - Ensino profissional";"20RL0035 - FUNCIONAMENTO DAS INSTITUICOES DA RED - NO ESTADO DE SAO PAU";"2080 - EDUCACAO DE QUALIDADE PARA TODOS";"20RL - FUNCIONAMENTO DAS INSTITUICOES DA REDE FEDERAL DE EDUCACAO PROFISSIONAL, CIENTIFICA E TECNOLOGICA";
"26/05/2017";"158716264392017NE000015";"0035 - FUNCIONAMENTO DAS INSTITUICOES DA RED - NO ESTADO DE SAO PAU";"Empenho";"ORIGINAL";"158716 - IFSP - CAMPUS JACAREI";"SP";"IFSP - CAMPUS JACAREI";"INST.FED.DE EDUC.,CIENC.E TEC.DE SAO PAULO";"Instituto Federal de Educação, Ciência e Tecnologia de São Paulo";"Ministério da Educação";"6.400,00";"3 - Outras Despesas Correntes";"18 - Auxílio Financeiro a Estudantes";"90 - Aplicações Diretas";"0000 - FUNCIONAMENTO DE INSTITUICOES FEDERAIS DE EDUCACAO PROFISSIONAL E TECNOLOGICA - DESPESAS DIVERSAS";"0000";"12 - Educação";"363 - Ensino profissional";"20RL0035 - FUNCIONAMENTO DAS INSTITUICOES DA RED - NO ESTADO DE SAO PAU";"2080 - EDUCACAO DE QUALIDADE PARA TODOS";"20RL - FUNCIONAMENTO DAS INSTITUICOES DA REDE FEDERAL DE EDUCACAO PROFISSIONAL, CIENTIFICA E TECNOLOGICA";
"26/05/2017";"158716264392017NE000016";"0035 - FUNCIONAMENTO DAS INSTITUICOES DA RED - NO ESTADO DE SAO PAU";"Empenho";"ORIGINAL";"158716 - IFSP - CAMPUS JACAREI";"SP";"IFSP - CAMPUS JACAREI";"INST.FED.DE EDUC.,CIENC.E TEC.DE SAO PAULO";"Instituto Federal de Educação, Ciência e Tecnologia de São Paulo";"Ministério da Educação";"6.400,00";"3 - Outras Despesas Correntes";"18 - Auxílio Financeiro a Estudantes";"90 - Aplicações Diretas";"0000 - FUNCIONAMENTO DE INSTITUICOES FEDERAIS DE EDUCACAO PROFISSIONAL E TECNOLOGICA - DESPESAS DIVERSAS";"0000";"12 - Educação";"363 - Ensino profissional";"20RL0035 - FUNCIONAMENTO DAS INSTITUICOES DA RED - NO ESTADO DE SAO PAU";"2080 - EDUCACAO DE QUALIDADE PARA TODOS";"20RL - FUNCIONAMENTO DAS INSTITUICOES DA REDE FEDERAL DE EDUCACAO PROFISSIONAL, CIENTIFICA E TECNOLOGICA";
"26/05/2017";"158716264392017NE000017";"0035 - FUNCIONAMENTO DAS INSTITUICOES DA RED - NO ESTADO DE SAO PAU";"Empenho";"ORIGINAL";"158716 - IFSP - CAMPUS JACAREI";"SP";"IFSP - CAMPUS JACAREI";"INST.FED.DE EDUC.,CIENC.E TEC.DE SAO PAULO";"Instituto Federal de Educação, Ciência e Tecnologia de São Paulo";"Ministério da Educação";"1.003,50";"3 - Outras Despesas Correntes";"18 - Auxílio Financeiro a Estudantes";"90 - Aplicações Diretas";"0000 - FUNCIONAMENTO DE INSTITUICOES FEDERAIS DE EDUCACAO PROFISSIONAL E TECNOLOGICA - DESPESAS DIVERSAS";"0000";"12 - Educação";"363 - Ensino profissional";"20RL0035 - FUNCIONAMENTO DAS INSTITUICOES DA RED - NO ESTADO DE SAO PAU";"2080 - EDUCACAO DE QUALIDADE PARA TODOS";"20RL - FUNCIONAMENTO DAS INSTITUICOES DA REDE FEDERAL DE EDUCACAO PROFISSIONAL, CIENTIFICA E TECNOLOGICA";
"31/05/2017";"158716264392017NE800043";"0035 - FUNCIONAMENTO DAS INSTITUICOES DA RED - NO ESTADO DE SAO PAU";"Empenho";"ANULAÇÃO";"48.962.625/0001-60 - SAAE SERVICO AUTONOMO DE AGUA E ESGOTO DE JACAREI";"SP";"IFSP - CAMPUS JACAREI";"INST.FED.DE EDUC.,CIENC.E TEC.DE SAO PAULO";"Instituto Federal de Educação, Ciência e Tecnologia de São Paulo";"Ministério da Educação";"1.003,50";"3 - Outras Despesas Correntes";"39 - Outros Serviços de Terceiros - Pessoa Jurídica";"90 - Aplicações Diretas";"0000 - FUNCIONAMENTO DE INSTITUICOES FEDERAIS DE EDUCACAO PROFISSIONAL E TECNOLOGICA - DESPESAS DIVERSAS";"0000";"12 - Educação";"363 - Ensino profissional";"20RL0035 - FUNCIONAMENTO DAS INSTITUICOES DA RED - NO ESTADO DE SAO PAU";"2080 - EDUCACAO DE QUALIDADE PARA TODOS";"20RL - FUNCIONAMENTO DAS INSTITUICOES DA REDE FEDERAL DE EDUCACAO PROFISSIONAL, CIENTIFICA E TECNOLOGICA";
"31/05/2017";"158716264392017NE800044";"0035 - FUNCIONAMENTO DAS INSTITUICOES DA RED - NO ESTADO DE SAO PAU";"Empenho";"ANULAÇÃO";"10.928.126/0001-84 - REAK SEGURANCA E VIGILANCIA PATRIMONIAL LTDA";"SP";"IFSP - CAMPUS JACAREI";"INST.FED.DE EDUC.,CIENC.E TEC.DE SAO PAULO";"Instituto Federal de Educação, Ciência e Tecnologia de São Paulo";"Ministério da Educação";"52,59";"3 - Outras Despesas Correntes";"37 - Locação de Mão-de-Obra";"90 - Aplicações Diretas";"0000 - FUNCIONAMENTO DE INSTITUICOES FEDERAIS DE EDUCACAO PROFISSIONAL E TECNOLOGICA - DESPESAS DIVERSAS";"0000";"12 - Educação";"363 - Ensino profissional";"20RL0035 - FUNCIONAMENTO DAS INSTITUICOES DA RED - NO ESTADO DE SAO PAU";"2080 - EDUCACAO DE QUALIDADE PARA TODOS";"20RL - FUNCIONAMENTO DAS INSTITUICOES DA REDE FEDERAL DE EDUCACAO PROFISSIONAL, CIENTIFICA E TECNOLOGICA";
"01/06/2017";"158716264392017NE800045";"0035 - FUNCIONAMENTO DAS INSTITUICOES DA RED - NO ESTADO DE SAO PAU";"Empenho";"ANULAÇÃO";"07.147.016/0001-70 - TJ TERCEIRIZACAO DE MAO DE OBRA LTDA";"SP";"IFSP - CAMPUS JACAREI";"INST.FED.DE EDUC.,CIENC.E TEC.DE SAO PAULO";"Instituto Federal de Educação, Ciência e Tecnologia de São Paulo";"Ministério da Educação";"166,31";"3 - Outras Despesas Correntes";"37 - Locação de Mão-de-Obra";"90 - Aplicações Diretas";"0000 - FUNCIONAMENTO DE INSTITUICOES FEDERAIS DE EDUCACAO PROFISSIONAL E TECNOLOGICA - DESPESAS DIVERSAS";"0000";"12 - Educação";"363 - Ensino profissional";"20RL0035 - FUNCIONAMENTO DAS INSTITUICOES DA RED - NO ESTADO DE SAO PAU";"2080 - EDUCACAO DE QUALIDADE PARA TODOS";"20RL - FUNCIONAMENTO DAS INSTITUICOES DA REDE FEDERAL DE EDUCACAO PROFISSIONAL, CIENTIFICA E TECNOLOGICA";
"02/06/2017";"158716264392017NE800046";"0035 - FUNCIONAMENTO DAS INSTITUICOES DA RED - NO ESTADO DE SAO PAU";"Empenho";"ORIGINAL";"16.927.639/0001-57 - A.D SERVICOS PREDIAIS LTDA";"SP";"IFSP - CAMPUS JACAREI";"INST.FED.DE EDUC.,CIENC.E TEC.DE SAO PAULO";"Instituto Federal de Educação, Ciência e Tecnologia de São Paulo";"Ministério da Educação";"21.448,41";"3 - Outras Despesas Correntes";"37 - Locação de Mão-de-Obra";"90 - Aplicações Diretas";"0000 - FUNCIONAMENTO DE INSTITUICOES FEDERAIS DE EDUCACAO PROFISSIONAL E TECNOLOGICA - DESPESAS DIVERSAS";"0000";"12 - Educação";"363 - Ensino profissional";"20RL0035 - FUNCIONAMENTO DAS INSTITUICOES DA RED - NO ESTADO DE SAO PAU";"2080 - EDUCACAO DE QUALIDADE PARA TODOS";"20RL - FUNCIONAMENTO DAS INSTITUICOES DA REDE FEDERAL DE EDUCACAO PROFISSIONAL, CIENTIFICA E TECNOLOGICA";
"05/06/2017";"158716264392017NE800047";"0035 - FUNCIONAMENTO DAS INSTITUICOES DA RED - NO ESTADO DE SAO PAU";"Empenho";"ESTORNO";"07.147.016/0001-70 - TJ TERCEIRIZACAO DE MAO DE OBRA LTDA";"SP";"IFSP - CAMPUS JACAREI";"INST.FED.DE EDUC.,CIENC.E TEC.DE SAO PAULO";"Instituto Federal de Educação, Ciência e Tecnologia de São Paulo";"Ministério da Educação";"166,31";"3 - Outras Despesas Correntes";"37 - Locação de Mão-de-Obra";"90 - Aplicações Diretas";"0000 - FUNCIONAMENTO DE INSTITUICOES FEDERAIS DE EDUCACAO PROFISSIONAL E TECNOLOGICA - DESPESAS DIVERSAS";"0000";"12 - Educação";"363 - Ensino profissional";"20RL0035 - FUNCIONAMENTO DAS INSTITUICOES DA RED - NO ESTADO DE SAO PAU";"2080 - EDUCACAO DE QUALIDADE PARA TODOS";"20RL - FUNCIONAMENTO DAS INSTITUICOES DA REDE FEDERAL DE EDUCACAO PROFISSIONAL, CIENTIFICA E TECNOLOGICA";
"05/06/2017";"158716264392017NE800048";"0035 - FUNCIONAMENTO DAS INSTITUICOES DA RED - NO ESTADO DE SAO PAU";"Empenho";"REFORÇO";"07.147.016/0001-70 - TJ TERCEIRIZACAO DE MAO DE OBRA LTDA";"SP";"IFSP - CAMPUS JACAREI";"INST.FED.DE EDUC.,CIENC.E TEC.DE SAO PAULO";"Instituto Federal de Educação, Ciência e Tecnologia de São Paulo";"Ministério da Educação";"11.550,95";"3 - Outras Despesas Correntes";"37 - Locação de Mão-de-Obra";"90 - Aplicações Diretas";"0000 - FUNCIONAMENTO DE INSTITUICOES FEDERAIS DE EDUCACAO PROFISSIONAL E TECNOLOGICA - DESPESAS DIVERSAS";"0000";"12 - Educação";"363 - Ensino profissional";"20RL0035 - FUNCIONAMENTO DAS INSTITUICOES DA RED - NO ESTADO DE SAO PAU";"2080 - EDUCACAO DE QUALIDADE PARA TODOS";"20RL - FUNCIONAMENTO DAS INSTITUICOES DA REDE FEDERAL DE EDUCACAO PROFISSIONAL, CIENTIFICA E TECNOLOGICA";
"14/06/2017";"158716264392017NE800049";"0035 - FUNCIONAMENTO DAS INSTITUICOES DA RED - NO ESTADO DE SAO PAU";"Empenho";"ORIGINAL";"03.865.570/0001-32 - ALESSANDRA NUNES LORDS";"ES";"IFSP - CAMPUS JACAREI";"INST.FED.DE EDUC.,CIENC.E TEC.DE SAO PAULO";"Instituto Federal de Educação, Ciência e Tecnologia de São Paulo";"Ministério da Educação";"197,90";"3 - Outras Despesas Correntes";"30 - Material de Consumo";"90 - Aplicações Diretas";"0000 - FUNCIONAMENTO DE INSTITUICOES FEDERAIS DE EDUCACAO PROFISSIONAL E TECNOLOGICA - DESPESAS DIVERSAS";"0000";"12 - Educação";"363 - Ensino profissional";"20RL0035 - FUNCIONAMENTO DAS INSTITUICOES DA RED - NO ESTADO DE SAO PAU";"2080 - EDUCACAO DE QUALIDADE PARA TODOS";"20RL - FUNCIONAMENTO DAS INSTITUICOES DA REDE FEDERAL DE EDUCACAO PROFISSIONAL, CIENTIFICA E TECNOLOGICA";
"14/06/2017";"158716264392017NE800050";"0035 - FUNCIONAMENTO DAS INSTITUICOES DA RED - NO ESTADO DE SAO PAU";"Empenho";"ORIGINAL";"16.501.564/0001-48 - C & C CAMPINAS COMERCIAL LTDA";"SP";"IFSP - CAMPUS JACAREI";"INST.FED.DE EDUC.,CIENC.E TEC.DE SAO PAULO";"Instituto Federal de Educação, Ciência e Tecnologia de São Paulo";"Ministério da Educação";"1.194,00";"3 - Outras Despesas Correntes";"30 - Material de Consumo";"90 - Aplicações Diretas";"0000 - FUNCIONAMENTO DE INSTITUICOES FEDERAIS DE EDUCACAO PROFISSIONAL E TECNOLOGICA - DESPESAS DIVERSAS";"0000";"12 - Educação";"363 - Ensino profissional";"20RL0035 - FUNCIONAMENTO DAS INSTITUICOES DA RED - NO ESTADO DE SAO PAU";"2080 - EDUCACAO DE QUALIDADE PARA TODOS";"20RL - FUNCIONAMENTO DAS INSTITUICOES DA REDE FEDERAL DE EDUCACAO PROFISSIONAL, CIENTIFICA E TECNOLOGICA";
"14/06/2017";"158716264392017NE800051";"0035 - FUNCIONAMENTO DAS INSTITUICOES DA RED - NO ESTADO DE SAO PAU";"Empenho";"ORIGINAL";"19.444.651/0001-07 - K.S. ARTIGOS ESPORTIVOS LTDA";"RS";"IFSP - CAMPUS JACAREI";"INST.FED.DE EDUC.,CIENC.E TEC.DE SAO PAULO";"Instituto Federal de Educação, Ciência e Tecnologia de São Paulo";"Ministério da Educação";"372,40";"3 - Outras Despesas Correntes";"30 - Material de Consumo";"90 - Aplicações Diretas";"0000 - FUNCIONAMENTO DE INSTITUICOES FEDERAIS DE EDUCACAO PROFISSIONAL E TECNOLOGICA - DESPESAS DIVERSAS";"0000";"12 - Educação";"363 - Ensino profissional";"20RL0035 - FUNCIONAMENTO DAS INSTITUICOES DA RED - NO ESTADO DE SAO PAU";"2080 - EDUCACAO DE QUALIDADE PARA TODOS";"20RL - FUNCIONAMENTO DAS INSTITUICOES DA REDE FEDERAL DE EDUCACAO PROFISSIONAL, CIENTIFICA E TECNOLOGICA";
"14/06/2017";"158716264392017NE800052";"0035 - FUNCIONAMENTO DAS INSTITUICOES DA RED - NO ESTADO DE SAO PAU";"Empenho";"ORIGINAL";"20.500.169/0001-18 - MARCIO ROBERTO DA SILVA LTDA";"MG";"IFSP - CAMPUS JACAREI";"INST.FED.DE EDUC.,CIENC.E TEC.DE SAO PAULO";"Instituto Federal de Educação, Ciência e Tecnologia de São Paulo";"Ministério da Educação";"148,00";"3 - Outras Despesas Correntes";"30 - Material de Consumo";"90 - Aplicações Diretas";"0000 - FUNCIONAMENTO DE INSTITUICOES FEDERAIS DE EDUCACAO PROFISSIONAL E TECNOLOGICA - DESPESAS DIVERSAS";"0000";"12 - Educação";"363 - Ensino profissional";"20RL0035 - FUNCIONAMENTO DAS INSTITUICOES DA RED - NO ESTADO DE SAO PAU";"2080 - EDUCACAO DE QUALIDADE PARA TODOS";"20RL - FUNCIONAMENTO DAS INSTITUICOES DA REDE FEDERAL DE EDUCACAO PROFISSIONAL, CIENTIFICA E TECNOLOGICA";
"14/06/2017";"158716264392017NE800053";"0035 - FUNCIONAMENTO DAS INSTITUICOES DA RED - NO ESTADO DE SAO PAU";"Empenho";"ORIGINAL";"09.630.087/0001-55 - OLITHIER COMERCIO DE MATERIAIS E MERCADORIAS LTDA";"RS";"IFSP - CAMPUS JACAREI";"INST.FED.DE EDUC.,CIENC.E TEC.DE SAO PAULO";"Instituto Federal de Educação, Ciência e Tecnologia de São Paulo";"Ministério da Educação";"109,06";"3 - Outras Despesas Correntes";"30 - Material de Consumo";"90 - Aplicações Diretas";"0000 - FUNCIONAMENTO DE INSTITUICOES FEDERAIS DE EDUCACAO PROFISSIONAL E TECNOLOGICA - DESPESAS DIVERSAS";"0000";"12 - Educação";"363 - Ensino profissional";"20RL0035 - FUNCIONAMENTO DAS INSTITUICOES DA RED - NO ESTADO DE SAO PAU";"2080 - EDUCACAO DE QUALIDADE PARA TODOS";"20RL - FUNCIONAMENTO DAS INSTITUICOES DA REDE FEDERAL DE EDUCACAO PROFISSIONAL, CIENTIFICA E TECNOLOGICA";
"14/06/2017";"158716264392017NE800054";"0035 - FUNCIONAMENTO DAS INSTITUICOES DA RED - NO ESTADO DE SAO PAU";"Empenho";"ORIGINAL";"02.812.564/0001-54 - PLAY FAIR CONFECCOES LTDA";"SP";"IFSP - CAMPUS JACAREI";"INST.FED.DE EDUC.,CIENC.E TEC.DE SAO PAULO";"Instituto Federal de Educação, Ciência e Tecnologia de São Paulo";"Ministério da Educação";"97,40";"3 - Outras Despesas Correntes";"30 - Material de Consumo";"90 - Aplicações Diretas";"0000 - FUNCIONAMENTO DE INSTITUICOES FEDERAIS DE EDUCACAO PROFISSIONAL E TECNOLOGICA - DESPESAS DIVERSAS";"0000";"12 - Educação";"363 - Ensino profissional";"20RL0035 - FUNCIONAMENTO DAS INSTITUICOES DA RED - NO ESTADO DE SAO PAU";"2080 - EDUCACAO DE QUALIDADE PARA TODOS";"20RL - FUNCIONAMENTO DAS INSTITUICOES DA REDE FEDERAL DE EDUCACAO PROFISSIONAL, CIENTIFICA E TECNOLOGICA";
"14/06/2017";"158716264392017NE800055";"0035 - FUNCIONAMENTO DAS INSTITUICOES DA RED - NO ESTADO DE SAO PAU";"Empenho";"ORIGINAL";"68.352.350/0001-50 - R.C.M. COMERCIO DE ARTIGOS ESPORTIVOS LTDA";"SP";"IFSP - CAMPUS JACAREI";"INST.FED.DE EDUC.,CIENC.E TEC.DE SAO PAULO";"Instituto Federal de Educação, Ciência e Tecnologia de São Paulo";"Ministério da Educação";"193,68";"3 - Outras Despesas Correntes";"30 - Material de Consumo";"90 - Aplicações Diretas";"0000 - FUNCIONAMENTO DE INSTITUICOES FEDERAIS DE EDUCACAO PROFISSIONAL E TECNOLOGICA - DESPESAS DIVERSAS";"0000";"12 - Educação";"363 - Ensino profissional";"20RL0035 - FUNCIONAMENTO DAS INSTITUICOES DA RED - NO ESTADO DE SAO PAU";"2080 - EDUCACAO DE QUALIDADE PARA TODOS";"20RL - FUNCIONAMENTO DAS INSTITUICOES DA REDE FEDERAL DE EDUCACAO PROFISSIONAL, CIENTIFICA E TECNOLOGICA";
"14/06/2017";"158716264392017NE800056";"0035 - FUNCIONAMENTO DAS INSTITUICOES DA RED - NO ESTADO DE SAO PAU";"Empenho";"ORIGINAL";"19.760.235/0001-00 - SPEZIA COMERCIAL DE MATERIAIS E SUPRIMENTOS LTDA";"SP";"IFSP - CAMPUS JACAREI";"INST.FED.DE EDUC.,CIENC.E TEC.DE SAO PAULO";"Instituto Federal de Educação, Ciência e Tecnologia de São Paulo";"Ministério da Educação";"329,88";"3 - Outras Despesas Correntes";"30 - Material de Consumo";"90 - Aplicações Diretas";"0000 - FUNCIONAMENTO DE INSTITUICOES FEDERAIS DE EDUCACAO PROFISSIONAL E TECNOLOGICA - DESPESAS DIVERSAS";"0000";"12 - Educação";"363 - Ensino profissional";"20RL0035 - FUNCIONAMENTO DAS INSTITUICOES DA RED - NO ESTADO DE SAO PAU";"2080 - EDUCACAO DE QUALIDADE PARA TODOS";"20RL - FUNCIONAMENTO DAS INSTITUICOES DA REDE FEDERAL DE EDUCACAO PROFISSIONAL, CIENTIFICA E TECNOLOGICA";
"14/06/2017";"158716264392017NE800057";"0035 - FUNCIONAMENTO DAS INSTITUICOES DA RED - NO ESTADO DE SAO PAU";"Empenho";"ORIGINAL";"16.944.364/0001-60 - VM SOLUCOES ESPORTIVAS LTDA";"MG";"IFSP - CAMPUS JACAREI";"INST.FED.DE EDUC.,CIENC.E TEC.DE SAO PAULO";"Instituto Federal de Educação, Ciência e Tecnologia de São Paulo";"Ministério da Educação";"726,79";"3 - Outras Despesas Correntes";"30 - Material de Consumo";"90 - Aplicações Diretas";"0000 - FUNCIONAMENTO DE INSTITUICOES FEDERAIS DE EDUCACAO PROFISSIONAL E TECNOLOGICA - DESPESAS DIVERSAS";"0000";"12 - Educação";"363 - Ensino profissional";"20RL0035 - FUNCIONAMENTO DAS INSTITUICOES DA RED - NO ESTADO DE SAO PAU";"2080 - EDUCACAO DE QUALIDADE PARA TODOS";"20RL - FUNCIONAMENTO DAS INSTITUICOES DA REDE FEDERAL DE EDUCACAO PROFISSIONAL, CIENTIFICA E TECNOLOGICA";
"19/06/2017";"158716264392017NE800058";"0035 - FUNCIONAMENTO DAS INSTITUICOES DA RED - NO ESTADO DE SAO PAU";"Empenho";"ORIGINAL";"13.697.291/0001-60 - TIC TAC COMERCIO DE BRINQUEDOS PEDAGOGICOS LTDA";"PR";"IFSP - CAMPUS JACAREI";"INST.FED.DE EDUC.,CIENC.E TEC.DE SAO PAULO";"Instituto Federal de Educação, Ciência e Tecnologia de São Paulo";"Ministério da Educação";"160,80";"3 - Outras Despesas Correntes";"30 - Material de Consumo";"90 - Aplicações Diretas";"0000 - FUNCIONAMENTO DE INSTITUICOES FEDERAIS DE EDUCACAO PROFISSIONAL E TECNOLOGICA - DESPESAS DIVERSAS";"0000";"12 - Educação";"363 - Ensino profissional";"20RL0035 - FUNCIONAMENTO DAS INSTITUICOES DA RED - NO ESTADO DE SAO PAU";"2080 - EDUCACAO DE QUALIDADE PARA TODOS";"20RL - FUNCIONAMENTO DAS INSTITUICOES DA REDE FEDERAL DE EDUCACAO PROFISSIONAL, CIENTIFICA E TECNOLOGICA";
"21/06/2017";"158716264392017NE800059";"0035 - FUNCIONAMENTO DAS INSTITUICOES DA RED - NO ESTADO DE SAO PAU";"Empenho";"ORIGINAL";"11.569.283/0001-03 - J.M. RIBEIRO NETO PAISAGISMO";"SP";"IFSP - CAMPUS JACAREI";"INST.FED.DE EDUC.,CIENC.E TEC.DE SAO PAULO";"Instituto Federal de Educação, Ciência e Tecnologia de São Paulo";"Ministério da Educação";"41.557,50";"3 - Outras Despesas Correntes";"37 - Locação de Mão-de-Obra";"90 - Aplicações Diretas";"0000 - FUNCIONAMENTO DE INSTITUICOES FEDERAIS DE EDUCACAO PROFISSIONAL E TECNOLOGICA - DESPESAS DIVERSAS";"0000";"12 - Educação";"363 - Ensino profissional";"20RL0035 - FUNCIONAMENTO DAS INSTITUICOES DA RED - NO ESTADO DE SAO PAU";"2080 - EDUCACAO DE QUALIDADE PARA TODOS";"20RL - FUNCIONAMENTO DAS INSTITUICOES DA REDE FEDERAL DE EDUCACAO PROFISSIONAL, CIENTIFICA E TECNOLOGICA";
"26/06/2017";"158716264392017NE800060";"0035 - FUNCIONAMENTO DAS INSTITUICOES DA RED - NO ESTADO DE SAO PAU";"Empenho";"REFORÇO";"48.962.625/0001-60 - SAAE SERVICO AUTONOMO DE AGUA E ESGOTO DE JACAREI";"SP";"IFSP - CAMPUS JACAREI";"INST.FED.DE EDUC.,CIENC.E TEC.DE SAO PAULO";"Instituto Federal de Educação, Ciência e Tecnologia de São Paulo";"Ministério da Educação";"1.628,51";"3 - Outras Despesas Correntes";"39 - Outros Serviços de Terceiros - Pessoa Jurídica";"90 - Aplicações Diretas";"0000 - FUNCIONAMENTO DE INSTITUICOES FEDERAIS DE EDUCACAO PROFISSIONAL E TECNOLOGICA - DESPESAS DIVERSAS";"0000";"12 - Educação";"363 - Ensino profissional";"20RL0035 - FUNCIONAMENTO DAS INSTITUICOES DA RED - NO ESTADO DE SAO PAU";"2080 - EDUCACAO DE QUALIDADE PARA TODOS";"20RL - FUNCIONAMENTO DAS INSTITUICOES DA REDE FEDERAL DE EDUCACAO PROFISSIONAL, CIENTIFICA E TECNOLOGICA";
"26/06/2017";"158716264392017NE800061";"0035 - FUNCIONAMENTO DAS INSTITUICOES DA RED - NO ESTADO DE SAO PAU";"Empenho";"REFORÇO";"09.405.866/0001-57 - PEDRAZUL SERVICOS LTDA";"SP";"IFSP - CAMPUS JACAREI";"INST.FED.DE EDUC.,CIENC.E TEC.DE SAO PAULO";"Instituto Federal de Educação, Ciência e Tecnologia de São Paulo";"Ministério da Educação";"4.229,65";"3 - Outras Despesas Correntes";"37 - Locação de Mão-de-Obra";"90 - Aplicações Diretas";"0000 - FUNCIONAMENTO DE INSTITUICOES FEDERAIS DE EDUCACAO PROFISSIONAL E TECNOLOGICA - DESPESAS DIVERSAS";"0000";"12 - Educação";"363 - Ensino profissional";"20RL0035 - FUNCIONAMENTO DAS INSTITUICOES DA RED - NO ESTADO DE SAO PAU";"2080 - EDUCACAO DE QUALIDADE PARA TODOS";"20RL - FUNCIONAMENTO DAS INSTITUICOES DA REDE FEDERAL DE EDUCACAO PROFISSIONAL, CIENTIFICA E TECNOLOGICA";
"07/07/2017";"158716264392017NE000018";"0035 - FUNCIONAMENTO DAS INSTITUICOES DA RED - NO ESTADO DE SAO PAU";"Empenho";"REFORÇO";"158716 - IFSP - CAMPUS JACAREI";"SP";"IFSP - CAMPUS JACAREI";"INST.FED.DE EDUC.,CIENC.E TEC.DE SAO PAULO";"Instituto Federal de Educação, Ciência e Tecnologia de São Paulo";"Ministério da Educação";"2.000,00";"3 - Outras Despesas Correntes";"36 - Outros Serviços de Terceiros - Pessoa Física";"90 - Aplicações Diretas";"0000 - FUNCIONAMENTO DE INSTITUICOES FEDERAIS DE EDUCACAO PROFISSIONAL E TECNOLOGICA - DESPESAS DIVERSAS";"0000";"12 - Educação";"363 - Ensino profissional";"20RL0035 - FUNCIONAMENTO DAS INSTITUICOES DA RED - NO ESTADO DE SAO PAU";"2080 - EDUCACAO DE QUALIDADE PARA TODOS";"20RL - FUNCIONAMENTO DAS INSTITUICOES DA REDE FEDERAL DE EDUCACAO PROFISSIONAL, CIENTIFICA E TECNOLOGICA";
"07/07/2017";"158716264392017NE000019";"0035 - FUNCIONAMENTO DAS INSTITUICOES DA RED - NO ESTADO DE SAO PAU";"Empenho";"REFORÇO";"158716 - IFSP - CAMPUS JACAREI";"SP";"IFSP - CAMPUS JACAREI";"INST.FED.DE EDUC.,CIENC.E TEC.DE SAO PAULO";"Instituto Federal de Educação, Ciência e Tecnologia de São Paulo";"Ministério da Educação";"2.000,00";"3 - Outras Despesas Correntes";"18 - Auxílio Financeiro a Estudantes";"90 - Aplicações Diretas";"0000 - FUNCIONAMENTO DE INSTITUICOES FEDERAIS DE EDUCACAO PROFISSIONAL E TECNOLOGICA - DESPESAS DIVERSAS";"0000";"12 - Educação";"363 - Ensino profissional";"20RL0035 - FUNCIONAMENTO DAS INSTITUICOES DA RED - NO ESTADO DE SAO PAU";"2080 - EDUCACAO DE QUALIDADE PARA TODOS";"20RL - FUNCIONAMENTO DAS INSTITUICOES DA REDE FEDERAL DE EDUCACAO PROFISSIONAL, CIENTIFICA E TECNOLOGICA";
"07/07/2017";"158716264392017NE000020";"0035 - ASSISTENCIA AOS ESTUDANTES DA REDE FE - NO ESTADO DE SAO PAU";"Empenho";"REFORÇO";"158716 - IFSP - CAMPUS JACAREI";"SP";"IFSP - CAMPUS JACAREI";"INST.FED.DE EDUC.,CIENC.E TEC.DE SAO PAULO";"Instituto Federal de Educação, Ciência e Tecnologia de São Paulo";"Ministério da Educação";"23.074,00";"3 - Outras Despesas Correntes";"18 - Auxílio Financeiro a Estudantes";"90 - Aplicações Diretas";"0001 - AUXILIO FINANCEIRO DE ASSISTENCIA ESTUDANTIL";"0000";"12 - Educação";"363 - Ensino profissional";"29940035 - ASSISTENCIA AOS ESTUDANTES DA REDE FE - NO ESTADO DE SAO PAU";"2080 - EDUCACAO DE QUALIDADE PARA TODOS";"2994 - ASSISTENCIA AOS ESTUDANTES DA REDE FEDERAL DE EDUCACAO PROFISSIONAL, CIENTIFICA E TECNOLOGICA";
"07/07/2017";"158716264392017NE800062";"0035 - FUNCIONAMENTO DAS INSTITUICOES DA RED - NO ESTADO DE SAO PAU";"Empenho";"REFORÇO";"48.962.625/0001-60 - SAAE SERVICO AUTONOMO DE AGUA E ESGOTO DE JACAREI";"SP";"IFSP - CAMPUS JACAREI";"INST.FED.DE EDUC.,CIENC.E TEC.DE SAO PAULO";"Instituto Federal de Educação, Ciência e Tecnologia de São Paulo";"Ministério da Educação";"15.297,99";"3 - Outras Despesas Correntes";"39 - Outros Serviços de Terceiros - Pessoa Jurídica";"90 - Aplicações Diretas";"0000 - FUNCIONAMENTO DE INSTITUICOES FEDERAIS DE EDUCACAO PROFISSIONAL E TECNOLOGICA - DESPESAS DIVERSAS";"0000";"12 - Educação";"363 - Ensino profissional";"20RL0035 - FUNCIONAMENTO DAS INSTITUICOES DA RED - NO ESTADO DE SAO PAU";"2080 - EDUCACAO DE QUALIDADE PARA TODOS";"20RL - FUNCIONAMENTO DAS INSTITUICOES DA REDE FEDERAL DE EDUCACAO PROFISSIONAL, CIENTIFICA E TECNOLOGICA";
"07/07/2017";"158716264392017NE800063";"0035 - FUNCIONAMENTO DAS INSTITUICOES DA RED - NO ESTADO DE SAO PAU";"Empenho";"REFORÇO";"09.405.866/0001-57 - PEDRAZUL SERVICOS LTDA";"SP";"IFSP - CAMPUS JACAREI";"INST.FED.DE EDUC.,CIENC.E TEC.DE SAO PAULO";"Instituto Federal de Educação, Ciência e Tecnologia de São Paulo";"Ministério da Educação";"19.591,65";"3 - Outras Despesas Correntes";"37 - Locação de Mão-de-Obra";"90 - Aplicações Diretas";"0000 - FUNCIONAMENTO DE INSTITUICOES FEDERAIS DE EDUCACAO PROFISSIONAL E TECNOLOGICA - DESPESAS DIVERSAS";"0000";"12 - Educação";"363 - Ensino profissional";"20RL0035 - FUNCIONAMENTO DAS INSTITUICOES DA RED - NO ESTADO DE SAO PAU";"2080 - EDUCACAO DE QUALIDADE PARA TODOS";"20RL - FUNCIONAMENTO DAS INSTITUICOES DA REDE FEDERAL DE EDUCACAO PROFISSIONAL, CIENTIFICA E TECNOLOGICA";
"07/07/2017";"158716264392017NE800064";"0035 - FUNCIONAMENTO DAS INSTITUICOES DA RED - NO ESTADO DE SAO PAU";"Empenho";"REFORÇO";"10.928.126/0001-84 - REAK SEGURANCA E VIGILANCIA PATRIMONIAL LTDA";"SP";"IFSP - CAMPUS JACAREI";"INST.FED.DE EDUC.,CIENC.E TEC.DE SAO PAULO";"Instituto Federal de Educação, Ciência e Tecnologia de São Paulo";"Ministério da Educação";"44.436,90";"3 - Outras Despesas Correntes";"37 - Locação de Mão-de-Obra";"90 - Aplicações Diretas";"0000 - FUNCIONAMENTO DE INSTITUICOES FEDERAIS DE EDUCACAO PROFISSIONAL E TECNOLOGICA - DESPESAS DIVERSAS";"0000";"12 - Educação";"363 - Ensino profissional";"20RL0035 - FUNCIONAMENTO DAS INSTITUICOES DA RED - NO ESTADO DE SAO PAU";"2080 - EDUCACAO DE QUALIDADE PARA TODOS";"20RL - FUNCIONAMENTO DAS INSTITUICOES DA REDE FEDERAL DE EDUCACAO PROFISSIONAL, CIENTIFICA E TECNOLOGICA";
"07/07/2017";"158716264392017NE800065";"0035 - FUNCIONAMENTO DAS INSTITUICOES DA RED - NO ESTADO DE SAO PAU";"Empenho";"REFORÇO";"16.927.639/0001-57 - A.D SERVICOS PREDIAIS LTDA";"SP";"IFSP - CAMPUS JACAREI";"INST.FED.DE EDUC.,CIENC.E TEC.DE SAO PAULO";"Instituto Federal de Educação, Ciência e Tecnologia de São Paulo";"Ministério da Educação";"19.498,57";"3 - Outras Despesas Correntes";"37 - Locação de Mão-de-Obra";"90 - Aplicações Diretas";"0000 - FUNCIONAMENTO DE INSTITUICOES FEDERAIS DE EDUCACAO PROFISSIONAL E TECNOLOGICA - DESPESAS DIVERSAS";"0000";"12 - Educação";"363 - Ensino profissional";"20RL0035 - FUNCIONAMENTO DAS INSTITUICOES DA RED - NO ESTADO DE SAO PAU";"2080 - EDUCACAO DE QUALIDADE PARA TODOS";"20RL - FUNCIONAMENTO DAS INSTITUICOES DA REDE FEDERAL DE EDUCACAO PROFISSIONAL, CIENTIFICA E TECNOLOGICA";
"17/07/2017";"158716264392017NE000021";"0035 - FUNCIONAMENTO DAS INSTITUICOES DA RED - NO ESTADO DE SAO PAU";"Empenho";"ANULAÇÃO";"158716 - IFSP - CAMPUS JACAREI";"SP";"IFSP - CAMPUS JACAREI";"INST.FED.DE EDUC.,CIENC.E TEC.DE SAO PAULO";"Instituto Federal de Educação, Ciência e Tecnologia de São Paulo";"Ministério da Educação";"9.795,00";"3 - Outras Despesas Correntes";"18 - Auxílio Financeiro a Estudantes";"90 - Aplicações Diretas";"0000 - FUNCIONAMENTO DE INSTITUICOES FEDERAIS DE EDUCACAO PROFISSIONAL E TECNOLOGICA - DESPESAS DIVERSAS";"0000";"12 - Educação";"363 - Ensino profissional";"20RL0035 - FUNCIONAMENTO DAS INSTITUICOES DA RED - NO ESTADO DE SAO PAU";"2080 - EDUCACAO DE QUALIDADE PARA TODOS";"20RL - FUNCIONAMENTO DAS INSTITUICOES DA REDE FEDERAL DE EDUCACAO PROFISSIONAL, CIENTIFICA E TECNOLOGICA";
"17/07/2017";"158716264392017NE800066";"0035 - FUNCIONAMENTO DAS INSTITUICOES DA RED - NO ESTADO DE SAO PAU";"Empenho";"ANULAÇÃO";"40.432.544/0001-47 - CLARO S.A.";"SP";"IFSP - CAMPUS JACAREI";"INST.FED.DE EDUC.,CIENC.E TEC.DE SAO PAULO";"Instituto Federal de Educação, Ciência e Tecnologia de São Paulo";"Ministério da Educação";"2.000,00";"3 - Outras Despesas Correntes";"39 - Outros Serviços de Terceiros - Pessoa Jurídica";"90 - Aplicações Diretas";"0000 - FUNCIONAMENTO DE INSTITUICOES FEDERAIS DE EDUCACAO PROFISSIONAL E TECNOLOGICA - DESPESAS DIVERSAS";"0000";"12 - Educação";"363 - Ensino profissional";"20RL0035 - FUNCIONAMENTO DAS INSTITUICOES DA RED - NO ESTADO DE SAO PAU";"2080 - EDUCACAO DE QUALIDADE PARA TODOS";"20RL - FUNCIONAMENTO DAS INSTITUICOES DA REDE FEDERAL DE EDUCACAO PROFISSIONAL, CIENTIFICA E TECNOLOGICA";
"20/07/2017";"158716264392017NE800067";"0035 - FUNCIONAMENTO DAS INSTITUICOES DA RED - NO ESTADO DE SAO PAU";"Empenho";"REFORÇO";"02.302.100/0001-06 - EDP SAO PAULO DISTRIBUICAO DE ENERGIA S.A.";"SP";"IFSP - CAMPUS JACAREI";"INST.FED.DE EDUC.,CIENC.E TEC.DE SAO PAULO";"Instituto Federal de Educação, Ciência e Tecnologia de São Paulo";"Ministério da Educação";"7.517,83";"3 - Outras Despesas Correntes";"39 - Outros Serviços de Terceiros - Pessoa Jurídica";"90 - Aplicações Diretas";"0000 - FUNCIONAMENTO DE INSTITUICOES FEDERAIS DE EDUCACAO PROFISSIONAL E TECNOLOGICA - DESPESAS DIVERSAS";"0000";"12 - Educação";"363 - Ensino profissional";"20RL0035 - FUNCIONAMENTO DAS INSTITUICOES DA RED - NO ESTADO DE SAO PAU";"2080 - EDUCACAO DE QUALIDADE PARA TODOS";"20RL - FUNCIONAMENTO DAS INSTITUICOES DA REDE FEDERAL DE EDUCACAO PROFISSIONAL, CIENTIFICA E TECNOLOGICA";
"26/07/2017";"158716264392017NE800068";"0035 - FUNCIONAMENTO DAS INSTITUICOES DA RED - NO ESTADO DE SAO PAU";"Empenho";"ORIGINAL";"77.036.481/0001-10 - IGOR KREINSKI  LTDA";"PR";"IFSP - CAMPUS JACAREI";"INST.FED.DE EDUC.,CIENC.E TEC.DE SAO PAULO";"Instituto Federal de Educação, Ciência e Tecnologia de São Paulo";"Ministério da Educação";"96,82";"3 - Outras Despesas Correntes";"30 - Material de Consumo";"90 - Aplicações Diretas";"0000 - FUNCIONAMENTO DE INSTITUICOES FEDERAIS DE EDUCACAO PROFISSIONAL E TECNOLOGICA - DESPESAS DIVERSAS";"0000";"12 - Educação";"363 - Ensino profissional";"20RL0035 - FUNCIONAMENTO DAS INSTITUICOES DA RED - NO ESTADO DE SAO PAU";"2080 - EDUCACAO DE QUALIDADE PARA TODOS";"20RL - FUNCIONAMENTO DAS INSTITUICOES DA REDE FEDERAL DE EDUCACAO PROFISSIONAL, CIENTIFICA E TECNOLOGICA";
"31/07/2017";"158716264392017NE800069";"0035 - FUNCIONAMENTO DAS INSTITUICOES DA RED - NO ESTADO DE SAO PAU";"Empenho";"ORIGINAL";"25.008.579/0001-60 - QUARTFRATTELI DESCARTAVEIS E EQUIPAMENTOS LTDA";"SP";"IFSP - CAMPUS JACAREI";"INST.FED.DE EDUC.,CIENC.E TEC.DE SAO PAULO";"Instituto Federal de Educação, Ciência e Tecnologia de São Paulo";"Ministério da Educação";"389,90";"3 - Outras Despesas Correntes";"30 - Material de Consumo";"90 - Aplicações Diretas";"0000 - FUNCIONAMENTO DE INSTITUICOES FEDERAIS DE EDUCACAO PROFISSIONAL E TECNOLOGICA - DESPESAS DIVERSAS";"0000";"12 - Educação";"363 - Ensino profissional";"20RL0035 - FUNCIONAMENTO DAS INSTITUICOES DA RED - NO ESTADO DE SAO PAU";"2080 - EDUCACAO DE QUALIDADE PARA TODOS";"20RL - FUNCIONAMENTO DAS INSTITUICOES DA REDE FEDERAL DE EDUCACAO PROFISSIONAL, CIENTIFICA E TECNOLOGICA";
"01/08/2017";"158716264392017NE800070";"0035 - FUNCIONAMENTO DAS INSTITUICOES DA RED - NO ESTADO DE SAO PAU";"Empenho";"ORIGINAL";"18.539.470/0001-93 - EDUARDO RITA BEM";"RS";"IFSP - CAMPUS JACAREI";"INST.FED.DE EDUC.,CIENC.E TEC.DE SAO PAULO";"Instituto Federal de Educação, Ciência e Tecnologia de São Paulo";"Ministério da Educação";"69,30";"3 - Outras Despesas Correntes";"30 - Material de Consumo";"90 - Aplicações Diretas";"0000 - FUNCIONAMENTO DE INSTITUICOES FEDERAIS DE EDUCACAO PROFISSIONAL E TECNOLOGICA - DESPESAS DIVERSAS";"0000";"12 - Educação";"363 - Ensino profissional";"20RL0035 - FUNCIONAMENTO DAS INSTITUICOES DA RED - NO ESTADO DE SAO PAU";"2080 - EDUCACAO DE QUALIDADE PARA TODOS";"20RL - FUNCIONAMENTO DAS INSTITUICOES DA REDE FEDERAL DE EDUCACAO PROFISSIONAL, CIENTIFICA E TECNOLOGICA";
"01/08/2017";"158716264392017NE800071";"0035 - FUNCIONAMENTO DAS INSTITUICOES DA RED - NO ESTADO DE SAO PAU";"Empenho";"ORIGINAL";"23.442.506/0001-56 - INFO-SIG COMERCIO DE SUPRIMENTOS DE INFORMATICA LTDA";"SP";"IFSP - CAMPUS JACAREI";"INST.FED.DE EDUC.,CIENC.E TEC.DE SAO PAULO";"Instituto Federal de Educação, Ciência e Tecnologia de São Paulo";"Ministério da Educação";"720,00";"3 - Outras Despesas Correntes";"30 - Material de Consumo";"90 - Aplicações Diretas";"0000 - FUNCIONAMENTO DE INSTITUICOES FEDERAIS DE EDUCACAO PROFISSIONAL E TECNOLOGICA - DESPESAS DIVERSAS";"0000";"12 - Educação";"363 - Ensino profissional";"20RL0035 - FUNCIONAMENTO DAS INSTITUICOES DA RED - NO ESTADO DE SAO PAU";"2080 - EDUCACAO DE QUALIDADE PARA TODOS";"20RL - FUNCIONAMENTO DAS INSTITUICOES DA REDE FEDERAL DE EDUCACAO PROFISSIONAL, CIENTIFICA E TECNOLOGICA";
"07/08/2017";"158716264392017NE800072";"0035 - FUNCIONAMENTO DAS INSTITUICOES DA RED - NO ESTADO DE SAO PAU";"Empenho";"ORIGINAL";"18.539.470/0001-93 - EDUARDO RITA BEM";"RS";"IFSP - CAMPUS JACAREI";"INST.FED.DE EDUC.,CIENC.E TEC.DE SAO PAULO";"Instituto Federal de Educação, Ciência e Tecnologia de São Paulo";"Ministério da Educação";"121,60";"3 - Outras Despesas Correntes";"30 - Material de Consumo";"90 - Aplicações Diretas";"0000 - FUNCIONAMENTO DE INSTITUICOES FEDERAIS DE EDUCACAO PROFISSIONAL E TECNOLOGICA - DESPESAS DIVERSAS";"0000";"12 - Educação";"363 - Ensino profissional";"20RL0035 - FUNCIONAMENTO DAS INSTITUICOES DA RED - NO ESTADO DE SAO PAU";"2080 - EDUCACAO DE QUALIDADE PARA TODOS";"20RL - FUNCIONAMENTO DAS INSTITUICOES DA REDE FEDERAL DE EDUCACAO PROFISSIONAL, CIENTIFICA E TECNOLOGICA";
"15/08/2017";"158716264392017NE000022";"0035 - FUNCIONAMENTO DAS INSTITUICOES DA RED - NO ESTADO DE SAO PAU";"Empenho";"REFORÇO";"158716 - IFSP - CAMPUS JACAREI";"SP";"IFSP - CAMPUS JACAREI";"INST.FED.DE EDUC.,CIENC.E TEC.DE SAO PAULO";"Instituto Federal de Educação, Ciência e Tecnologia de São Paulo";"Ministério da Educação";"5.615,19";"3 - Outras Despesas Correntes";"18 - Auxílio Financeiro a Estudantes";"90 - Aplicações Diretas";"0000 - FUNCIONAMENTO DE INSTITUICOES FEDERAIS DE EDUCACAO PROFISSIONAL E TECNOLOGICA - DESPESAS DIVERSAS";"0000";"12 - Educação";"363 - Ensino profissional";"20RL0035 - FUNCIONAMENTO DAS INSTITUICOES DA RED - NO ESTADO DE SAO PAU";"2080 - EDUCACAO DE QUALIDADE PARA TODOS";"20RL - FUNCIONAMENTO DAS INSTITUICOES DA REDE FEDERAL DE EDUCACAO PROFISSIONAL, CIENTIFICA E TECNOLOGICA";
"15/08/2017";"158716264392017NE000023";"0035 - ASSISTENCIA AOS ESTUDANTES DA REDE FE - NO ESTADO DE SAO PAU";"Empenho";"REFORÇO";"158716 - IFSP - CAMPUS JACAREI";"SP";"IFSP - CAMPUS JACAREI";"INST.FED.DE EDUC.,CIENC.E TEC.DE SAO PAULO";"Instituto Federal de Educação, Ciência e Tecnologia de São Paulo";"Ministério da Educação";"11.537,00";"3 - Outras Despesas Correntes";"18 - Auxílio Financeiro a Estudantes";"90 - Aplicações Diretas";"0001 - AUXILIO FINANCEIRO DE ASSISTENCIA ESTUDANTIL";"0000";"12 - Educação";"363 - Ensino profissional";"29940035 - ASSISTENCIA AOS ESTUDANTES DA REDE FE - NO ESTADO DE SAO PAU";"2080 - EDUCACAO DE QUALIDADE PARA TODOS";"2994 - ASSISTENCIA AOS ESTUDANTES DA REDE FEDERAL DE EDUCACAO PROFISSIONAL, CIENTIFICA E TECNOLOGICA";
"15/08/2017";"158716264392017NE000024";"0035 - FUNCIONAMENTO DAS INSTITUICOES DA RED - NO ESTADO DE SAO PAU";"Empenho";"ORIGINAL";"158716 - IFSP - CAMPUS JACAREI";"SP";"IFSP - CAMPUS JACAREI";"INST.FED.DE EDUC.,CIENC.E TEC.DE SAO PAULO";"Instituto Federal de Educação, Ciência e Tecnologia de São Paulo";"Ministério da Educação";"7.200,00";"3 - Outras Despesas Correntes";"18 - Auxílio Financeiro a Estudantes";"90 - Aplicações Diretas";"0000 - FUNCIONAMENTO DE INSTITUICOES FEDERAIS DE EDUCACAO PROFISSIONAL E TECNOLOGICA - DESPESAS DIVERSAS";"0000";"12 - Educação";"363 - Ensino profissional";"20RL0035 - FUNCIONAMENTO DAS INSTITUICOES DA RED - NO ESTADO DE SAO PAU";"2080 - EDUCACAO DE QUALIDADE PARA TODOS";"20RL - FUNCIONAMENTO DAS INSTITUICOES DA REDE FEDERAL DE EDUCACAO PROFISSIONAL, CIENTIFICA E TECNOLOGICA";
"15/08/2017";"158716264392017NE800073";"0035 - FUNCIONAMENTO DAS INSTITUICOES DA RED - NO ESTADO DE SAO PAU";"Empenho";"REFORÇO";"11.569.283/0001-03 - J.M. RIBEIRO NETO PAISAGISMO";"SP";"IFSP - CAMPUS JACAREI";"INST.FED.DE EDUC.,CIENC.E TEC.DE SAO PAULO";"Instituto Federal de Educação, Ciência e Tecnologia de São Paulo";"Ministério da Educação";"41.557,50";"3 - Outras Despesas Correntes";"37 - Locação de Mão-de-Obra";"90 - Aplicações Diretas";"0000 - FUNCIONAMENTO DE INSTITUICOES FEDERAIS DE EDUCACAO PROFISSIONAL E TECNOLOGICA - DESPESAS DIVERSAS";"0000";"12 - Educação";"363 - Ensino profissional";"20RL0035 - FUNCIONAMENTO DAS INSTITUICOES DA RED - NO ESTADO DE SAO PAU";"2080 - EDUCACAO DE QUALIDADE PARA TODOS";"20RL - FUNCIONAMENTO DAS INSTITUICOES DA REDE FEDERAL DE EDUCACAO PROFISSIONAL, CIENTIFICA E TECNOLOGICA";
"15/08/2017";"158716264392017NE800074";"0035 - FUNCIONAMENTO DAS INSTITUICOES DA RED - NO ESTADO DE SAO PAU";"Empenho";"ANULAÇÃO";"48.962.625/0001-60 - SAAE SERVICO AUTONOMO DE AGUA E ESGOTO DE JACAREI";"SP";"IFSP - CAMPUS JACAREI";"INST.FED.DE EDUC.,CIENC.E TEC.DE SAO PAULO";"Instituto Federal de Educação, Ciência e Tecnologia de São Paulo";"Ministério da Educação";"700,00";"3 - Outras Despesas Correntes";"39 - Outros Serviços de Terceiros - Pessoa Jurídica";"90 - Aplicações Diretas";"0000 - FUNCIONAMENTO DE INSTITUICOES FEDERAIS DE EDUCACAO PROFISSIONAL E TECNOLOGICA - DESPESAS DIVERSAS";"0000";"12 - Educação";"363 - Ensino profissional";"20RL0035 - FUNCIONAMENTO DAS INSTITUICOES DA RED - NO ESTADO DE SAO PAU";"2080 - EDUCACAO DE QUALIDADE PARA TODOS";"20RL - FUNCIONAMENTO DAS INSTITUICOES DA REDE FEDERAL DE EDUCACAO PROFISSIONAL, CIENTIFICA E TECNOLOGICA";
"17/08/2017";"158716264392017NE000025";"0035 - FUNCIONAMENTO DAS INSTITUICOES DA RED - NO ESTADO DE SAO PAU";"Empenho";"ANULAÇÃO";"158716 - IFSP - CAMPUS JACAREI";"SP";"IFSP - CAMPUS JACAREI";"INST.FED.DE EDUC.,CIENC.E TEC.DE SAO PAULO";"Instituto Federal de Educação, Ciência e Tecnologia de São Paulo";"Ministério da Educação";"4.015,19";"3 - Outras Despesas Correntes";"18 - Auxílio Financeiro a Estudantes";"90 - Aplicações Diretas";"0000 - FUNCIONAMENTO DE INSTITUICOES FEDERAIS DE EDUCACAO PROFISSIONAL E TECNOLOGICA - DESPESAS DIVERSAS";"0000";"12 - Educação";"363 - Ensino profissional";"20RL0035 - FUNCIONAMENTO DAS INSTITUICOES DA RED - NO ESTADO DE SAO PAU";"2080 - EDUCACAO DE QUALIDADE PARA TODOS";"20RL - FUNCIONAMENTO DAS INSTITUICOES DA REDE FEDERAL DE EDUCACAO PROFISSIONAL, CIENTIFICA E TECNOLOGICA";
"18/08/2017";"158716264392017NE000026";"0035 - FUNCIONAMENTO DAS INSTITUICOES DA RED - NO ESTADO DE SAO PAU";"Empenho";"REFORÇO";"158716 - IFSP - CAMPUS JACAREI";"SP";"IFSP - CAMPUS JACAREI";"INST.FED.DE EDUC.,CIENC.E TEC.DE SAO PAULO";"Instituto Federal de Educação, Ciência e Tecnologia de São Paulo";"Ministério da Educação";"4.015,19";"3 - Outras Despesas Correntes";"18 - Auxílio Financeiro a Estudantes";"90 - Aplicações Diretas";"0000 - FUNCIONAMENTO DE INSTITUICOES FEDERAIS DE EDUCACAO PROFISSIONAL E TECNOLOGICA - DESPESAS DIVERSAS";"0000";"12 - Educação";"363 - Ensino profissional";"20RL0035 - FUNCIONAMENTO DAS INSTITUICOES DA RED - NO ESTADO DE SAO PAU";"2080 - EDUCACAO DE QUALIDADE PARA TODOS";"20RL - FUNCIONAMENTO DAS INSTITUICOES DA REDE FEDERAL DE EDUCACAO PROFISSIONAL, CIENTIFICA E TECNOLOGICA";
"29/08/2017";"158716264392017NE000027";"0035 - FUNCIONAMENTO DAS INSTITUICOES DA RED - NO ESTADO DE SAO PAU";"Empenho";"ANULAÇÃO";"158716 - IFSP - CAMPUS JACAREI";"SP";"IFSP - CAMPUS JACAREI";"INST.FED.DE EDUC.,CIENC.E TEC.DE SAO PAULO";"Instituto Federal de Educação, Ciência e Tecnologia de São Paulo";"Ministério da Educação";"400,00";"3 - Outras Despesas Correntes";"18 - Auxílio Financeiro a Estudantes";"90 - Aplicações Diretas";"0000 - FUNCIONAMENTO DE INSTITUICOES FEDERAIS DE EDUCACAO PROFISSIONAL E TECNOLOGICA - DESPESAS DIVERSAS";"0000";"12 - Educação";"363 - Ensino profissional";"20RL0035 - FUNCIONAMENTO DAS INSTITUICOES DA RED - NO ESTADO DE SAO PAU";"2080 - EDUCACAO DE QUALIDADE PARA TODOS";"20RL - FUNCIONAMENTO DAS INSTITUICOES DA REDE FEDERAL DE EDUCACAO PROFISSIONAL, CIENTIFICA E TECNOLOGICA";
"29/08/2017";"158716264392017NE000028";"0035 - FUNCIONAMENTO DAS INSTITUICOES DA RED - NO ESTADO DE SAO PAU";"Empenho";"REFORÇO";"158716 - IFSP - CAMPUS JACAREI";"SP";"IFSP - CAMPUS JACAREI";"INST.FED.DE EDUC.,CIENC.E TEC.DE SAO PAULO";"Instituto Federal de Educação, Ciência e Tecnologia de São Paulo";"Ministério da Educação";"400,00";"3 - Outras Despesas Correntes";"18 - Auxílio Financeiro a Estudantes";"90 - Aplicações Diretas";"0000 - FUNCIONAMENTO DE INSTITUICOES FEDERAIS DE EDUCACAO PROFISSIONAL E TECNOLOGICA - DESPESAS DIVERSAS";"0000";"12 - Educação";"363 - Ensino profissional";"20RL0035 - FUNCIONAMENTO DAS INSTITUICOES DA RED - NO ESTADO DE SAO PAU";"2080 - EDUCACAO DE QUALIDADE PARA TODOS";"20RL - FUNCIONAMENTO DAS INSTITUICOES DA REDE FEDERAL DE EDUCACAO PROFISSIONAL, CIENTIFICA E TECNOLOGICA";
"12/09/2017";"158716264392017NE000029";"0035 - ASSISTENCIA AOS ESTUDANTES DA REDE FE - NO ESTADO DE SAO PAU";"Empenho";"REFORÇO";"158716 - IFSP - CAMPUS JACAREI";"SP";"IFSP - CAMPUS JACAREI";"INST.FED.DE EDUC.,CIENC.E TEC.DE SAO PAULO";"Instituto Federal de Educação, Ciência e Tecnologia de São Paulo";"Ministério da Educação";"11.537,00";"3 - Outras Despesas Correntes";"18 - Auxílio Financeiro a Estudantes";"90 - Aplicações Diretas";"0001 - AUXILIO FINANCEIRO DE ASSISTENCIA ESTUDANTIL";"0000";"12 - Educação";"363 - Ensino profissional";"29940035 - ASSISTENCIA AOS ESTUDANTES DA REDE FE - NO ESTADO DE SAO PAU";"2080 - EDUCACAO DE QUALIDADE PARA TODOS";"2994 - ASSISTENCIA AOS ESTUDANTES DA REDE FEDERAL DE EDUCACAO PROFISSIONAL, CIENTIFICA E TECNOLOGICA";
"14/09/2017";"158716264392017NE800075";"0035 - FUNCIONAMENTO DAS INSTITUICOES DA RED - NO ESTADO DE SAO PAU";"Empenho";"REFORÇO";"10.928.126/0001-84 - REAK SEGURANCA E VIGILANCIA PATRIMONIAL LTDA";"SP";"IFSP - CAMPUS JACAREI";"INST.FED.DE EDUC.,CIENC.E TEC.DE SAO PAULO";"Instituto Federal de Educação, Ciência e Tecnologia de São Paulo";"Ministério da Educação";"51.860,61";"3 - Outras Despesas Correntes";"37 - Locação de Mão-de-Obra";"90 - Aplicações Diretas";"0000 - FUNCIONAMENTO DE INSTITUICOES FEDERAIS DE EDUCACAO PROFISSIONAL E TECNOLOGICA - DESPESAS DIVERSAS";"0000";"12 - Educação";"363 - Ensino profissional";"20RL0035 - FUNCIONAMENTO DAS INSTITUICOES DA RED - NO ESTADO DE SAO PAU";"2080 - EDUCACAO DE QUALIDADE PARA TODOS";"20RL - FUNCIONAMENTO DAS INSTITUICOES DA REDE FEDERAL DE EDUCACAO PROFISSIONAL, CIENTIFICA E TECNOLOGICA";
"21/09/2017";"158716264392017NE000030";"0035 - FUNCIONAMENTO DAS INSTITUICOES DA RED - NO ESTADO DE SAO PAU";"Empenho";"ORIGINAL";"158716 - IFSP - CAMPUS JACAREI";"SP";"IFSP - CAMPUS JACAREI";"INST.FED.DE EDUC.,CIENC.E TEC.DE SAO PAULO";"Instituto Federal de Educação, Ciência e Tecnologia de São Paulo";"Ministério da Educação";"611,80";"3 - Outras Despesas Correntes";"18 - Auxílio Financeiro a Estudantes";"90 - Aplicações Diretas";"0000 - FUNCIONAMENTO DE INSTITUICOES FEDERAIS DE EDUCACAO PROFISSIONAL E TECNOLOGICA - DESPESAS DIVERSAS";"0000";"12 - Educação";"363 - Ensino profissional";"20RL0035 - FUNCIONAMENTO DAS INSTITUICOES DA RED - NO ESTADO DE SAO PAU";"2080 - EDUCACAO DE QUALIDADE PARA TODOS";"20RL - FUNCIONAMENTO DAS INSTITUICOES DA REDE FEDERAL DE EDUCACAO PROFISSIONAL, CIENTIFICA E TECNOLOGICA";
"21/09/2017";"158716264392017NE800076";"0035 - FUNCIONAMENTO DAS INSTITUICOES DA RED - NO ESTADO DE SAO PAU";"Empenho";"ANULAÇÃO";"48.962.625/0001-60 - SAAE SERVICO AUTONOMO DE AGUA E ESGOTO DE JACAREI";"SP";"IFSP - CAMPUS JACAREI";"INST.FED.DE EDUC.,CIENC.E TEC.DE SAO PAULO";"Instituto Federal de Educação, Ciência e Tecnologia de São Paulo";"Ministério da Educação";"611,80";"3 - Outras Despesas Correntes";"39 - Outros Serviços de Terceiros - Pessoa Jurídica";"90 - Aplicações Diretas";"0000 - FUNCIONAMENTO DE INSTITUICOES FEDERAIS DE EDUCACAO PROFISSIONAL E TECNOLOGICA - DESPESAS DIVERSAS";"0000";"12 - Educação";"363 - Ensino profissional";"20RL0035 - FUNCIONAMENTO DAS INSTITUICOES DA RED - NO ESTADO DE SAO PAU";"2080 - EDUCACAO DE QUALIDADE PARA TODOS";"20RL - FUNCIONAMENTO DAS INSTITUICOES DA REDE FEDERAL DE EDUCACAO PROFISSIONAL, CIENTIFICA E TECNOLOGICA";
"04/10/2017";"158716264392017NE800077";"0035 - FUNCIONAMENTO DAS INSTITUICOES DA RED - NO ESTADO DE SAO PAU";"Empenho";"ANULAÇÃO";"48.962.625/0001-60 - SAAE SERVICO AUTONOMO DE AGUA E ESGOTO DE JACAREI";"SP";"IFSP - CAMPUS JACAREI";"INST.FED.DE EDUC.,CIENC.E TEC.DE SAO PAULO";"Instituto Federal de Educação, Ciência e Tecnologia de São Paulo";"Ministério da Educação";"1.340,00";"3 - Outras Despesas Correntes";"39 - Outros Serviços de Terceiros - Pessoa Jurídica";"90 - Aplicações Diretas";"0000 - FUNCIONAMENTO DE INSTITUICOES FEDERAIS DE EDUCACAO PROFISSIONAL E TECNOLOGICA - DESPESAS DIVERSAS";"0000";"12 - Educação";"363 - Ensino profissional";"20RL0035 - FUNCIONAMENTO DAS INSTITUICOES DA RED - NO ESTADO DE SAO PAU";"2080 - EDUCACAO DE QUALIDADE PARA TODOS";"20RL - FUNCIONAMENTO DAS INSTITUICOES DA REDE FEDERAL DE EDUCACAO PROFISSIONAL, CIENTIFICA E TECNOLOGICA";
"06/10/2017";"158716264392017NE000031";"0035 - ASSISTENCIA AOS ESTUDANTES DA REDE FE - NO ESTADO DE SAO PAU";"Empenho";"REFORÇO";"158716 - IFSP - CAMPUS JACAREI";"SP";"IFSP - CAMPUS JACAREI";"INST.FED.DE EDUC.,CIENC.E TEC.DE SAO PAULO";"Instituto Federal de Educação, Ciência e Tecnologia de São Paulo";"Ministério da Educação";"34.611,00";"3 - Outras Despesas Correntes";"18 - Auxílio Financeiro a Estudantes";"90 - Aplicações Diretas";"0001 - AUXILIO FINANCEIRO DE ASSISTENCIA ESTUDANTIL";"0000";"12 - Educação";"363 - Ensino profissional";"29940035 - ASSISTENCIA AOS ESTUDANTES DA REDE FE - NO ESTADO DE SAO PAU";"2080 - EDUCACAO DE QUALIDADE PARA TODOS";"2994 - ASSISTENCIA AOS ESTUDANTES DA REDE FEDERAL DE EDUCACAO PROFISSIONAL, CIENTIFICA E TECNOLOGICA";
"06/10/2017";"158716264392017NE800078";"0035 - FUNCIONAMENTO DAS INSTITUICOES DA RED - NO ESTADO DE SAO PAU";"Empenho";"REFORÇO";"10.928.126/0001-84 - REAK SEGURANCA E VIGILANCIA PATRIMONIAL LTDA";"SP";"IFSP - CAMPUS JACAREI";"INST.FED.DE EDUC.,CIENC.E TEC.DE SAO PAULO";"Instituto Federal de Educação, Ciência e Tecnologia de São Paulo";"Ministério da Educação";"51.731,11";"3 - Outras Despesas Correntes";"37 - Locação de Mão-de-Obra";"90 - Aplicações Diretas";"0000 - FUNCIONAMENTO DE INSTITUICOES FEDERAIS DE EDUCACAO PROFISSIONAL E TECNOLOGICA - DESPESAS DIVERSAS";"0000";"12 - Educação";"363 - Ensino profissional";"20RL0035 - FUNCIONAMENTO DAS INSTITUICOES DA RED - NO ESTADO DE SAO PAU";"2080 - EDUCACAO DE QUALIDADE PARA TODOS";"20RL - FUNCIONAMENTO DAS INSTITUICOES DA REDE FEDERAL DE EDUCACAO PROFISSIONAL, CIENTIFICA E TECNOLOGICA";
"23/10/2017";"158716264392017NE000032";"0035 - FUNCIONAMENTO DAS INSTITUICOES DA RED - NO ESTADO DE SAO PAU";"Empenho";"ANULAÇÃO";"158716 - IFSP - CAMPUS JACAREI";"SP";"IFSP - CAMPUS JACAREI";"INST.FED.DE EDUC.,CIENC.E TEC.DE SAO PAULO";"Instituto Federal de Educação, Ciência e Tecnologia de São Paulo";"Ministério da Educação";"6.000,00";"3 - Outras Despesas Correntes";"36 - Outros Serviços de Terceiros - Pessoa Física";"90 - Aplicações Diretas";"0000 - FUNCIONAMENTO DE INSTITUICOES FEDERAIS DE EDUCACAO PROFISSIONAL E TECNOLOGICA - DESPESAS DIVERSAS";"0000";"12 - Educação";"363 - Ensino profissional";"20RL0035 - FUNCIONAMENTO DAS INSTITUICOES DA RED - NO ESTADO DE SAO PAU";"2080 - EDUCACAO DE QUALIDADE PARA TODOS";"20RL - FUNCIONAMENTO DAS INSTITUICOES DA REDE FEDERAL DE EDUCACAO PROFISSIONAL, CIENTIFICA E TECNOLOGICA";
"23/10/2017";"158716264392017NE000033";"0035 - FUNCIONAMENTO DAS INSTITUICOES DA RED - NO ESTADO DE SAO PAU";"Empenho";"REFORÇO";"158716 - IFSP - CAMPUS JACAREI";"SP";"IFSP - CAMPUS JACAREI";"INST.FED.DE EDUC.,CIENC.E TEC.DE SAO PAULO";"Instituto Federal de Educação, Ciência e Tecnologia de São Paulo";"Ministério da Educação";"6.000,00";"3 - Outras Despesas Correntes";"18 - Auxílio Financeiro a Estudantes";"90 - Aplicações Diretas";"0000 - FUNCIONAMENTO DE INSTITUICOES FEDERAIS DE EDUCACAO PROFISSIONAL E TECNOLOGICA - DESPESAS DIVERSAS";"0000";"12 - Educação";"363 - Ensino profissional";"20RL0035 - FUNCIONAMENTO DAS INSTITUICOES DA RED - NO ESTADO DE SAO PAU";"2080 - EDUCACAO DE QUALIDADE PARA TODOS";"20RL - FUNCIONAMENTO DAS INSTITUICOES DA REDE FEDERAL DE EDUCACAO PROFISSIONAL, CIENTIFICA E TECNOLOGICA";
"25/10/2017";"158716264392017NE000034";"0035 - FUNCIONAMENTO DAS INSTITUICOES DA RED - NO ESTADO DE SAO PAU";"Empenho";"ANULAÇÃO";"158716 - IFSP - CAMPUS JACAREI";"SP";"IFSP - CAMPUS JACAREI";"INST.FED.DE EDUC.,CIENC.E TEC.DE SAO PAULO";"Instituto Federal de Educação, Ciência e Tecnologia de São Paulo";"Ministério da Educação";"133,80";"3 - Outras Despesas Correntes";"18 - Auxílio Financeiro a Estudantes";"90 - Aplicações Diretas";"0000 - FUNCIONAMENTO DE INSTITUICOES FEDERAIS DE EDUCACAO PROFISSIONAL E TECNOLOGICA - DESPESAS DIVERSAS";"0000";"12 - Educação";"363 - Ensino profissional";"20RL0035 - FUNCIONAMENTO DAS INSTITUICOES DA RED - NO ESTADO DE SAO PAU";"2080 - EDUCACAO DE QUALIDADE PARA TODOS";"20RL - FUNCIONAMENTO DAS INSTITUICOES DA REDE FEDERAL DE EDUCACAO PROFISSIONAL, CIENTIFICA E TECNOLOGICA";
"25/10/2017";"158716264392017NE800079";"0035 - FUNCIONAMENTO DAS INSTITUICOES DA RED - NO ESTADO DE SAO PAU";"Empenho";"REFORÇO";"40.432.544/0001-47 - CLARO S.A.";"SP";"IFSP - CAMPUS JACAREI";"INST.FED.DE EDUC.,CIENC.E TEC.DE SAO PAULO";"Instituto Federal de Educação, Ciência e Tecnologia de São Paulo";"Ministério da Educação";"133,80";"3 - Outras Despesas Correntes";"39 - Outros Serviços de Terceiros - Pessoa Jurídica";"90 - Aplicações Diretas";"0000 - FUNCIONAMENTO DE INSTITUICOES FEDERAIS DE EDUCACAO PROFISSIONAL E TECNOLOGICA - DESPESAS DIVERSAS";"0000";"12 - Educação";"363 - Ensino profissional";"20RL0035 - FUNCIONAMENTO DAS INSTITUICOES DA RED - NO ESTADO DE SAO PAU";"2080 - EDUCACAO DE QUALIDADE PARA TODOS";"20RL - FUNCIONAMENTO DAS INSTITUICOES DA REDE FEDERAL DE EDUCACAO PROFISSIONAL, CIENTIFICA E TECNOLOGICA";
"27/10/2017";"158716264392017NE000035";"0035 - FUNCIONAMENTO DAS INSTITUICOES DA RED - NO ESTADO DE SAO PAU";"Empenho";"ORIGINAL";"158716 - IFSP - CAMPUS JACAREI";"SP";"IFSP - CAMPUS JACAREI";"INST.FED.DE EDUC.,CIENC.E TEC.DE SAO PAULO";"Instituto Federal de Educação, Ciência e Tecnologia de São Paulo";"Ministério da Educação";"1.015,00";"3 - Outras Despesas Correntes";"18 - Auxílio Financeiro a Estudantes";"90 - Aplicações Diretas";"0000 - FUNCIONAMENTO DE INSTITUICOES FEDERAIS DE EDUCACAO PROFISSIONAL E TECNOLOGICA - DESPESAS DIVERSAS";"0000";"12 - Educação";"363 - Ensino profissional";"20RL0035 - FUNCIONAMENTO DAS INSTITUICOES DA RED - NO ESTADO DE SAO PAU";"2080 - EDUCACAO DE QUALIDADE PARA TODOS";"20RL - FUNCIONAMENTO DAS INSTITUICOES DA REDE FEDERAL DE EDUCACAO PROFISSIONAL, CIENTIFICA E TECNOLOGICA";
"30/10/2017";"158716264392017NE000036";"0035 - FUNCIONAMENTO DAS INSTITUICOES DA RED - NO ESTADO DE SAO PAU";"Empenho";"ORIGINAL";"158716 - IFSP - CAMPUS JACAREI";"SP";"IFSP - CAMPUS JACAREI";"INST.FED.DE EDUC.,CIENC.E TEC.DE SAO PAULO";"Instituto Federal de Educação, Ciência e Tecnologia de São Paulo";"Ministério da Educação";"2.650,00";"3 - Outras Despesas Correntes";"18 - Auxílio Financeiro a Estudantes";"90 - Aplicações Diretas";"0000 - FUNCIONAMENTO DE INSTITUICOES FEDERAIS DE EDUCACAO PROFISSIONAL E TECNOLOGICA - DESPESAS DIVERSAS";"0000";"12 - Educação";"363 - Ensino profissional";"20RL0035 - FUNCIONAMENTO DAS INSTITUICOES DA RED - NO ESTADO DE SAO PAU";"2080 - EDUCACAO DE QUALIDADE PARA TODOS";"20RL - FUNCIONAMENTO DAS INSTITUICOES DA REDE FEDERAL DE EDUCACAO PROFISSIONAL, CIENTIFICA E TECNOLOGICA";
"30/10/2017";"158716264392017NE800080";"0035 - FUNCIONAMENTO DAS INSTITUICOES DA RED - NO ESTADO DE SAO PAU";"Empenho";"REFORÇO";"48.962.625/0001-60 - SAAE SERVICO AUTONOMO DE AGUA E ESGOTO DE JACAREI";"SP";"IFSP - CAMPUS JACAREI";"INST.FED.DE EDUC.,CIENC.E TEC.DE SAO PAULO";"Instituto Federal de Educação, Ciência e Tecnologia de São Paulo";"Ministério da Educação";"2.580,87";"3 - Outras Despesas Correntes";"39 - Outros Serviços de Terceiros - Pessoa Jurídica";"90 - Aplicações Diretas";"0000 - FUNCIONAMENTO DE INSTITUICOES FEDERAIS DE EDUCACAO PROFISSIONAL E TECNOLOGICA - DESPESAS DIVERSAS";"0000";"12 - Educação";"363 - Ensino profissional";"20RL0035 - FUNCIONAMENTO DAS INSTITUICOES DA RED - NO ESTADO DE SAO PAU";"2080 - EDUCACAO DE QUALIDADE PARA TODOS";"20RL - FUNCIONAMENTO DAS INSTITUICOES DA REDE FEDERAL DE EDUCACAO PROFISSIONAL, CIENTIFICA E TECNOLOGICA";
"31/10/2017";"158716264392017NE000037";"0035 - FUNCIONAMENTO DAS INSTITUICOES DA RED - NO ESTADO DE SAO PAU";"Empenho";"ANULAÇÃO";"158716 - IFSP - CAMPUS JACAREI";"SP";"IFSP - CAMPUS JACAREI";"INST.FED.DE EDUC.,CIENC.E TEC.DE SAO PAULO";"Instituto Federal de Educação, Ciência e Tecnologia de São Paulo";"Ministério da Educação";"1.325,00";"3 - Outras Despesas Correntes";"18 - Auxílio Financeiro a Estudantes";"90 - Aplicações Diretas";"0000 - FUNCIONAMENTO DE INSTITUICOES FEDERAIS DE EDUCACAO PROFISSIONAL E TECNOLOGICA - DESPESAS DIVERSAS";"0000";"12 - Educação";"363 - Ensino profissional";"20RL0035 - FUNCIONAMENTO DAS INSTITUICOES DA RED - NO ESTADO DE SAO PAU";"2080 - EDUCACAO DE QUALIDADE PARA TODOS";"20RL - FUNCIONAMENTO DAS INSTITUICOES DA REDE FEDERAL DE EDUCACAO PROFISSIONAL, CIENTIFICA E TECNOLOGICA";
"31/10/2017";"158716264392017NE000038";"0035 - FUNCIONAMENTO DAS INSTITUICOES DA RED - NO ESTADO DE SAO PAU";"Empenho";"ORIGINAL";"158716 - IFSP - CAMPUS JACAREI";"SP";"IFSP - CAMPUS JACAREI";"INST.FED.DE EDUC.,CIENC.E TEC.DE SAO PAULO";"Instituto Federal de Educação, Ciência e Tecnologia de São Paulo";"Ministério da Educação";"1.325,00";"3 - Outras Despesas Correntes";"18 - Auxílio Financeiro a Estudantes";"90 - Aplicações Diretas";"0000 - FUNCIONAMENTO DE INSTITUICOES FEDERAIS DE EDUCACAO PROFISSIONAL E TECNOLOGICA - DESPESAS DIVERSAS";"0000";"12 - Educação";"363 - Ensino profissional";"20RL0035 - FUNCIONAMENTO DAS INSTITUICOES DA RED - NO ESTADO DE SAO PAU";"2080 - EDUCACAO DE QUALIDADE PARA TODOS";"20RL - FUNCIONAMENTO DAS INSTITUICOES DA REDE FEDERAL DE EDUCACAO PROFISSIONAL, CIENTIFICA E TECNOLOGICA";
"10/11/2017";"158716264392017NE800081";"0035 - REESTRUTURACAO E MODERNIZACAO DAS INS - NO ESTADO DE SAO PAU";"Empenho";"ORIGINAL";"21.308.808/0001-00 - A.F.H. COMERCIO E SERVICOS TECNICOS LTDA";"SP";"IFSP - CAMPUS JACAREI";"INST.FED.DE EDUC.,CIENC.E TEC.DE SAO PAULO";"Instituto Federal de Educação, Ciência e Tecnologia de São Paulo";"Ministério da Educação";"518,76";"4 - Investimentos";"52 - Equipamentos e Material Permanente";"90 - Aplicações Diretas";"0002 - PRONATEC";"0000";"12 - Educação";"363 - Ensino profissional";"20RG0035 - REESTRUTURACAO E MODERNIZACAO DAS INS - NO ESTADO DE SAO PAU";"2080 - EDUCACAO DE QUALIDADE PARA TODOS";"20RG - REESTRUTURACAO E MODERNIZACAO DAS INSTITUICOES DA REDE FEDERAL DE EDUCACAO PROFISSIONAL, CIENTIFICA E TECNOLOGICA";
"10/11/2017";"158716264392017NE800082";"0035 - FUNCIONAMENTO DAS INSTITUICOES DA RED - NO ESTADO DE SAO PAU";"Empenho";"ANULAÇÃO";"48.962.625/0001-60 - SAAE SERVICO AUTONOMO DE AGUA E ESGOTO DE JACAREI";"SP";"IFSP - CAMPUS JACAREI";"INST.FED.DE EDUC.,CIENC.E TEC.DE SAO PAULO";"Instituto Federal de Educação, Ciência e Tecnologia de São Paulo";"Ministério da Educação";"2.273,80";"3 - Outras Despesas Correntes";"39 - Outros Serviços de Terceiros - Pessoa Jurídica";"90 - Aplicações Diretas";"0000 - FUNCIONAMENTO DE INSTITUICOES FEDERAIS DE EDUCACAO PROFISSIONAL E TECNOLOGICA - DESPESAS DIVERSAS";"0000";"12 - Educação";"363 - Ensino profissional";"20RL0035 - FUNCIONAMENTO DAS INSTITUICOES DA RED - NO ESTADO DE SAO PAU";"2080 - EDUCACAO DE QUALIDADE PARA TODOS";"20RL - FUNCIONAMENTO DAS INSTITUICOES DA REDE FEDERAL DE EDUCACAO PROFISSIONAL, CIENTIFICA E TECNOLOGICA";
"10/11/2017";"158716264392017NE800083";"0035 - FUNCIONAMENTO DAS INSTITUICOES DA RED - NO ESTADO DE SAO PAU";"Empenho";"ORIGINAL";"27.494.420/0001-28 - SOARES COMERCIO E LICITACOES LTDA";"GO";"IFSP - CAMPUS JACAREI";"INST.FED.DE EDUC.,CIENC.E TEC.DE SAO PAULO";"Instituto Federal de Educação, Ciência e Tecnologia de São Paulo";"Ministério da Educação";"1.069,80";"3 - Outras Despesas Correntes";"30 - Material de Consumo";"90 - Aplicações Diretas";"0000 - FUNCIONAMENTO DE INSTITUICOES FEDERAIS DE EDUCACAO PROFISSIONAL E TECNOLOGICA - DESPESAS DIVERSAS";"0000";"12 - Educação";"363 - Ensino profissional";"20RL0035 - FUNCIONAMENTO DAS INSTITUICOES DA RED - NO ESTADO DE SAO PAU";"2080 - EDUCACAO DE QUALIDADE PARA TODOS";"20RL - FUNCIONAMENTO DAS INSTITUICOES DA REDE FEDERAL DE EDUCACAO PROFISSIONAL, CIENTIFICA E TECNOLOGICA";
"10/11/2017";"158716264392017NE800084";"0035 - FUNCIONAMENTO DAS INSTITUICOES DA RED - NO ESTADO DE SAO PAU";"Empenho";"ORIGINAL";"27.494.420/0001-28 - SOARES COMERCIO E LICITACOES LTDA";"GO";"IFSP - CAMPUS JACAREI";"INST.FED.DE EDUC.,CIENC.E TEC.DE SAO PAULO";"Instituto Federal de Educação, Ciência e Tecnologia de São Paulo";"Ministério da Educação";"1.204,00";"3 - Outras Despesas Correntes";"30 - Material de Consumo";"90 - Aplicações Diretas";"0000 - FUNCIONAMENTO DE INSTITUICOES FEDERAIS DE EDUCACAO PROFISSIONAL E TECNOLOGICA - DESPESAS DIVERSAS";"0000";"12 - Educação";"363 - Ensino profissional";"20RL0035 - FUNCIONAMENTO DAS INSTITUICOES DA RED - NO ESTADO DE SAO PAU";"2080 - EDUCACAO DE QUALIDADE PARA TODOS";"20RL - FUNCIONAMENTO DAS INSTITUICOES DA REDE FEDERAL DE EDUCACAO PROFISSIONAL, CIENTIFICA E TECNOLOGICA";
"10/11/2017";"158716264392017NE800085";"0035 - FUNCIONAMENTO DAS INSTITUICOES DA RED - NO ESTADO DE SAO PAU";"Empenho";"ANULAÇÃO";"48.962.625/0001-60 - SAAE SERVICO AUTONOMO DE AGUA E ESGOTO DE JACAREI";"SP";"IFSP - CAMPUS JACAREI";"INST.FED.DE EDUC.,CIENC.E TEC.DE SAO PAULO";"Instituto Federal de Educação, Ciência e Tecnologia de São Paulo";"Ministério da Educação";"180,60";"3 - Outras Despesas Correntes";"39 - Outros Serviços de Terceiros - Pessoa Jurídica";"90 - Aplicações Diretas";"0000 - FUNCIONAMENTO DE INSTITUICOES FEDERAIS DE EDUCACAO PROFISSIONAL E TECNOLOGICA - DESPESAS DIVERSAS";"0000";"12 - Educação";"363 - Ensino profissional";"20RL0035 - FUNCIONAMENTO DAS INSTITUICOES DA RED - NO ESTADO DE SAO PAU";"2080 - EDUCACAO DE QUALIDADE PARA TODOS";"20RL - FUNCIONAMENTO DAS INSTITUICOES DA REDE FEDERAL DE EDUCACAO PROFISSIONAL, CIENTIFICA E TECNOLOGICA";
"10/11/2017";"158716264392017NE800086";"0035 - FUNCIONAMENTO DAS INSTITUICOES DA RED - NO ESTADO DE SAO PAU";"Empenho";"ORIGINAL";"23.352.574/0001-24 - CRISTAL GRAFIA PAPELARIA E INFORMATICA LTDA.";"PR";"IFSP - CAMPUS JACAREI";"INST.FED.DE EDUC.,CIENC.E TEC.DE SAO PAULO";"Instituto Federal de Educação, Ciência e Tecnologia de São Paulo";"Ministério da Educação";"180,60";"3 - Outras Despesas Correntes";"30 - Material de Consumo";"90 - Aplicações Diretas";"0000 - FUNCIONAMENTO DE INSTITUICOES FEDERAIS DE EDUCACAO PROFISSIONAL E TECNOLOGICA - DESPESAS DIVERSAS";"0000";"12 - Educação";"363 - Ensino profissional";"20RL0035 - FUNCIONAMENTO DAS INSTITUICOES DA RED - NO ESTADO DE SAO PAU";"2080 - EDUCACAO DE QUALIDADE PARA TODOS";"20RL - FUNCIONAMENTO DAS INSTITUICOES DA REDE FEDERAL DE EDUCACAO PROFISSIONAL, CIENTIFICA E TECNOLOGICA";
"14/11/2017";"158716264392017NE800087";"0035 - FUNCIONAMENTO DAS INSTITUICOES DA RED - NO ESTADO DE SAO PAU";"Empenho";"REFORÇO";"10.928.126/0001-84 - REAK SEGURANCA E VIGILANCIA PATRIMONIAL LTDA";"SP";"IFSP - CAMPUS JACAREI";"INST.FED.DE EDUC.,CIENC.E TEC.DE SAO PAULO";"Instituto Federal de Educação, Ciência e Tecnologia de São Paulo";"Ministério da Educação";"8.796,05";"3 - Outras Despesas Correntes";"37 - Locação de Mão-de-Obra";"90 - Aplicações Diretas";"0000 - FUNCIONAMENTO DE INSTITUICOES FEDERAIS DE EDUCACAO PROFISSIONAL E TECNOLOGICA - DESPESAS DIVERSAS";"0000";"12 - Educação";"363 - Ensino profissional";"20RL0035 - FUNCIONAMENTO DAS INSTITUICOES DA RED - NO ESTADO DE SAO PAU";"2080 - EDUCACAO DE QUALIDADE PARA TODOS";"20RL - FUNCIONAMENTO DAS INSTITUICOES DA REDE FEDERAL DE EDUCACAO PROFISSIONAL, CIENTIFICA E TECNOLOGICA";
"20/11/2017";"158716264392017NE000039";"0035 - FUNCIONAMENTO DAS INSTITUICOES DA RED - NO ESTADO DE SAO PAU";"Empenho";"ANULAÇÃO";"158716 - IFSP - CAMPUS JACAREI";"SP";"IFSP - CAMPUS JACAREI";"INST.FED.DE EDUC.,CIENC.E TEC.DE SAO PAULO";"Instituto Federal de Educação, Ciência e Tecnologia de São Paulo";"Ministério da Educação";"767,00";"3 - Outras Despesas Correntes";"18 - Auxílio Financeiro a Estudantes";"90 - Aplicações Diretas";"0000 - FUNCIONAMENTO DE INSTITUICOES FEDERAIS DE EDUCACAO PROFISSIONAL E TECNOLOGICA - DESPESAS DIVERSAS";"0000";"12 - Educação";"363 - Ensino profissional";"20RL0035 - FUNCIONAMENTO DAS INSTITUICOES DA RED - NO ESTADO DE SAO PAU";"2080 - EDUCACAO DE QUALIDADE PARA TODOS";"20RL - FUNCIONAMENTO DAS INSTITUICOES DA REDE FEDERAL DE EDUCACAO PROFISSIONAL, CIENTIFICA E TECNOLOGICA";
"20/11/2017";"158716264392017NE000040";"0035 - FUNCIONAMENTO DAS INSTITUICOES DA RED - NO ESTADO DE SAO PAU";"Empenho";"ANULAÇÃO";"158716 - IFSP - CAMPUS JACAREI";"SP";"IFSP - CAMPUS JACAREI";"INST.FED.DE EDUC.,CIENC.E TEC.DE SAO PAULO";"Instituto Federal de Educação, Ciência e Tecnologia de São Paulo";"Ministério da Educação";"2.440,25";"3 - Outras Despesas Correntes";"18 - Auxílio Financeiro a Estudantes";"90 - Aplicações Diretas";"0000 - FUNCIONAMENTO DE INSTITUICOES FEDERAIS DE EDUCACAO PROFISSIONAL E TECNOLOGICA - DESPESAS DIVERSAS";"0000";"12 - Educação";"363 - Ensino profissional";"20RL0035 - FUNCIONAMENTO DAS INSTITUICOES DA RED - NO ESTADO DE SAO PAU";"2080 - EDUCACAO DE QUALIDADE PARA TODOS";"20RL - FUNCIONAMENTO DAS INSTITUICOES DA REDE FEDERAL DE EDUCACAO PROFISSIONAL, CIENTIFICA E TECNOLOGICA";
"20/11/2017";"158716264392017NE000041";"0035 - FUNCIONAMENTO DAS INSTITUICOES DA RED - NO ESTADO DE SAO PAU";"Empenho";"REFORÇO";"158716 - IFSP - CAMPUS JACAREI";"SP";"IFSP - CAMPUS JACAREI";"INST.FED.DE EDUC.,CIENC.E TEC.DE SAO PAULO";"Instituto Federal de Educação, Ciência e Tecnologia de São Paulo";"Ministério da Educação";"1.064,81";"3 - Outras Despesas Correntes";"18 - Auxílio Financeiro a Estudantes";"90 - Aplicações Diretas";"0000 - FUNCIONAMENTO DE INSTITUICOES FEDERAIS DE EDUCACAO PROFISSIONAL E TECNOLOGICA - DESPESAS DIVERSAS";"0000";"12 - Educação";"363 - Ensino profissional";"20RL0035 - FUNCIONAMENTO DAS INSTITUICOES DA RED - NO ESTADO DE SAO PAU";"2080 - EDUCACAO DE QUALIDADE PARA TODOS";"20RL - FUNCIONAMENTO DAS INSTITUICOES DA REDE FEDERAL DE EDUCACAO PROFISSIONAL, CIENTIFICA E TECNOLOGICA";
"21/11/2017";"158716264392017NE000042";"0035 - FUNCIONAMENTO DAS INSTITUICOES DA RED - NO ESTADO DE SAO PAU";"Empenho";"ANULAÇÃO";"158716 - IFSP - CAMPUS JACAREI";"SP";"IFSP - CAMPUS JACAREI";"INST.FED.DE EDUC.,CIENC.E TEC.DE SAO PAULO";"Instituto Federal de Educação, Ciência e Tecnologia de São Paulo";"Ministério da Educação";"455,00";"3 - Outras Despesas Correntes";"18 - Auxílio Financeiro a Estudantes";"90 - Aplicações Diretas";"0000 - FUNCIONAMENTO DE INSTITUICOES FEDERAIS DE EDUCACAO PROFISSIONAL E TECNOLOGICA - DESPESAS DIVERSAS";"0000";"12 - Educação";"363 - Ensino profissional";"20RL0035 - FUNCIONAMENTO DAS INSTITUICOES DA RED - NO ESTADO DE SAO PAU";"2080 - EDUCACAO DE QUALIDADE PARA TODOS";"20RL - FUNCIONAMENTO DAS INSTITUICOES DA REDE FEDERAL DE EDUCACAO PROFISSIONAL, CIENTIFICA E TECNOLOGICA";
"21/11/2017";"158716264392017NE800088";"0035 - FUNCIONAMENTO DAS INSTITUICOES DA RED - NO ESTADO DE SAO PAU";"Empenho";"ANULAÇÃO";"09.405.866/0001-57 - PEDRAZUL SERVICOS LTDA";"SP";"IFSP - CAMPUS JACAREI";"INST.FED.DE EDUC.,CIENC.E TEC.DE SAO PAULO";"Instituto Federal de Educação, Ciência e Tecnologia de São Paulo";"Ministério da Educação";"1.337,30";"3 - Outras Despesas Correntes";"37 - Locação de Mão-de-Obra";"90 - Aplicações Diretas";"0000 - FUNCIONAMENTO DE INSTITUICOES FEDERAIS DE EDUCACAO PROFISSIONAL E TECNOLOGICA - DESPESAS DIVERSAS";"0000";"12 - Educação";"363 - Ensino profissional";"20RL0035 - FUNCIONAMENTO DAS INSTITUICOES DA RED - NO ESTADO DE SAO PAU";"2080 - EDUCACAO DE QUALIDADE PARA TODOS";"20RL - FUNCIONAMENTO DAS INSTITUICOES DA REDE FEDERAL DE EDUCACAO PROFISSIONAL, CIENTIFICA E TECNOLOGICA";
"21/11/2017";"158716264392017NE800089";"0035 - FUNCIONAMENTO DAS INSTITUICOES DA RED - NO ESTADO DE SAO PAU";"Empenho";"REFORÇO";"02.302.100/0001-06 - EDP SAO PAULO DISTRIBUICAO DE ENERGIA S.A.";"SP";"IFSP - CAMPUS JACAREI";"INST.FED.DE EDUC.,CIENC.E TEC.DE SAO PAULO";"Instituto Federal de Educação, Ciência e Tecnologia de São Paulo";"Ministério da Educação";"2.747,51";"3 - Outras Despesas Correntes";"39 - Outros Serviços de Terceiros - Pessoa Jurídica";"90 - Aplicações Diretas";"0000 - FUNCIONAMENTO DE INSTITUICOES FEDERAIS DE EDUCACAO PROFISSIONAL E TECNOLOGICA - DESPESAS DIVERSAS";"0000";"12 - Educação";"363 - Ensino profissional";"20RL0035 - FUNCIONAMENTO DAS INSTITUICOES DA RED - NO ESTADO DE SAO PAU";"2080 - EDUCACAO DE QUALIDADE PARA TODOS";"20RL - FUNCIONAMENTO DAS INSTITUICOES DA REDE FEDERAL DE EDUCACAO PROFISSIONAL, CIENTIFICA E TECNOLOGICA";
"21/11/2017";"158716264392017NE800090";"0035 - FUNCIONAMENTO DAS INSTITUICOES DA RED - NO ESTADO DE SAO PAU";"Empenho";"ANULAÇÃO";"48.962.625/0001-60 - SAAE SERVICO AUTONOMO DE AGUA E ESGOTO DE JACAREI";"SP";"IFSP - CAMPUS JACAREI";"INST.FED.DE EDUC.,CIENC.E TEC.DE SAO PAULO";"Instituto Federal de Educação, Ciência e Tecnologia de São Paulo";"Ministério da Educação";"1.784,50";"3 - Outras Despesas Correntes";"39 - Outros Serviços de Terceiros - Pessoa Jurídica";"90 - Aplicações Diretas";"0000 - FUNCIONAMENTO DE INSTITUICOES FEDERAIS DE EDUCACAO PROFISSIONAL E TECNOLOGICA - DESPESAS DIVERSAS";"0000";"12 - Educação";"363 - Ensino profissional";"20RL0035 - FUNCIONAMENTO DAS INSTITUICOES DA RED - NO ESTADO DE SAO PAU";"2080 - EDUCACAO DE QUALIDADE PARA TODOS";"20RL - FUNCIONAMENTO DAS INSTITUICOES DA REDE FEDERAL DE EDUCACAO PROFISSIONAL, CIENTIFICA E TECNOLOGICA";
"21/11/2017";"158716264392017NE800091";"0035 - FUNCIONAMENTO DAS INSTITUICOES DA RED - NO ESTADO DE SAO PAU";"Empenho";"REFORÇO";"40.432.544/0001-47 - CLARO S.A.";"SP";"IFSP - CAMPUS JACAREI";"INST.FED.DE EDUC.,CIENC.E TEC.DE SAO PAULO";"Instituto Federal de Educação, Ciência e Tecnologia de São Paulo";"Ministério da Educação";"461,28";"3 - Outras Despesas Correntes";"39 - Outros Serviços de Terceiros - Pessoa Jurídica";"90 - Aplicações Diretas";"0000 - FUNCIONAMENTO DE INSTITUICOES FEDERAIS DE EDUCACAO PROFISSIONAL E TECNOLOGICA - DESPESAS DIVERSAS";"0000";"12 - Educação";"363 - Ensino profissional";"20RL0035 - FUNCIONAMENTO DAS INSTITUICOES DA RED - NO ESTADO DE SAO PAU";"2080 - EDUCACAO DE QUALIDADE PARA TODOS";"20RL - FUNCIONAMENTO DAS INSTITUICOES DA REDE FEDERAL DE EDUCACAO PROFISSIONAL, CIENTIFICA E TECNOLOGICA";
"21/11/2017";"158716264392017NE800092";"0035 - FUNCIONAMENTO DAS INSTITUICOES DA RED - NO ESTADO DE SAO PAU";"Empenho";"ANULAÇÃO";"11.569.283/0001-03 - J.M. RIBEIRO NETO PAISAGISMO";"SP";"IFSP - CAMPUS JACAREI";"INST.FED.DE EDUC.,CIENC.E TEC.DE SAO PAULO";"Instituto Federal de Educação, Ciência e Tecnologia de São Paulo";"Ministério da Educação";"923,50";"3 - Outras Despesas Correntes";"37 - Locação de Mão-de-Obra";"90 - Aplicações Diretas";"0000 - FUNCIONAMENTO DE INSTITUICOES FEDERAIS DE EDUCACAO PROFISSIONAL E TECNOLOGICA - DESPESAS DIVERSAS";"0000";"12 - Educação";"363 - Ensino profissional";"20RL0035 - FUNCIONAMENTO DAS INSTITUICOES DA RED - NO ESTADO DE SAO PAU";"2080 - EDUCACAO DE QUALIDADE PARA TODOS";"20RL - FUNCIONAMENTO DAS INSTITUICOES DA REDE FEDERAL DE EDUCACAO PROFISSIONAL, CIENTIFICA E TECNOLOGICA";
"22/11/2017";"158716264392017NE000043";"0035 - FUNCIONAMENTO DAS INSTITUICOES DA RED - NO ESTADO DE SAO PAU";"Empenho";"ANULAÇÃO";"158716 - IFSP - CAMPUS JACAREI";"SP";"IFSP - CAMPUS JACAREI";"INST.FED.DE EDUC.,CIENC.E TEC.DE SAO PAULO";"Instituto Federal de Educação, Ciência e Tecnologia de São Paulo";"Ministério da Educação";"1.093,40";"3 - Outras Despesas Correntes";"18 - Auxílio Financeiro a Estudantes";"90 - Aplicações Diretas";"0000 - FUNCIONAMENTO DE INSTITUICOES FEDERAIS DE EDUCACAO PROFISSIONAL E TECNOLOGICA - DESPESAS DIVERSAS";"0000";"12 - Educação";"363 - Ensino profissional";"20RL0035 - FUNCIONAMENTO DAS INSTITUICOES DA RED - NO ESTADO DE SAO PAU";"2080 - EDUCACAO DE QUALIDADE PARA TODOS";"20RL - FUNCIONAMENTO DAS INSTITUICOES DA REDE FEDERAL DE EDUCACAO PROFISSIONAL, CIENTIFICA E TECNOLOGICA";
"22/11/2017";"158716264392017NE000044";"0035 - FUNCIONAMENTO DAS INSTITUICOES DA RED - NO ESTADO DE SAO PAU";"Empenho";"ANULAÇÃO";"158716 - IFSP - CAMPUS JACAREI";"SP";"IFSP - CAMPUS JACAREI";"INST.FED.DE EDUC.,CIENC.E TEC.DE SAO PAULO";"Instituto Federal de Educação, Ciência e Tecnologia de São Paulo";"Ministério da Educação";"1.200,00";"3 - Outras Despesas Correntes";"18 - Auxílio Financeiro a Estudantes";"90 - Aplicações Diretas";"0000 - FUNCIONAMENTO DE INSTITUICOES FEDERAIS DE EDUCACAO PROFISSIONAL E TECNOLOGICA - DESPESAS DIVERSAS";"0000";"12 - Educação";"363 - Ensino profissional";"20RL0035 - FUNCIONAMENTO DAS INSTITUICOES DA RED - NO ESTADO DE SAO PAU";"2080 - EDUCACAO DE QUALIDADE PARA TODOS";"20RL - FUNCIONAMENTO DAS INSTITUICOES DA REDE FEDERAL DE EDUCACAO PROFISSIONAL, CIENTIFICA E TECNOLOGICA";
"23/11/2017";"158716264392017NE800093";"0001 - APOIO AO PROGRAMA NACIONAL DE ALIMENT - NACIONAL";"Empenho";"ORIGINAL";"03.754.929/0001-02 - COAGROSOL - COOPERATIVA DOS AGROPECUARISTAS SOLIDARIOS DE IT";"SP";"IFSP - CAMPUS JACAREI";"FUNDO NACIONAL DE DESENVOLVIMENTO DA EDUCACAO";"Instituto Federal de Educação, Ciência e Tecnologia de São Paulo";"Ministério da Educação";"14.313,60";"3 - Outras Despesas Correntes";"32 - Material, Bem ou Serviço para Distribuição Gratuita";"90 - Aplicações Diretas";"0000 - APOIO A ALIMENTACAO ESCOLAR NA EDUCACAO BASICA (PNAE)";"0000";"12 - Educação";"306 - Alimentação e nutrição";"00PI0001 - APOIO AO PROGRAMA NACIONAL DE ALIMENT - NACIONAL";"2080 - EDUCACAO DE QUALIDADE PARA TODOS";"00PI - APOIO AO PROGRAMA NACIONAL DE ALIMENTACAO ESCOLAR (PNAE)";
"24/11/2017";"158716264392017NE800094";"0001 - APOIO AO PROGRAMA NACIONAL DE ALIMENT - NACIONAL";"Empenho";"ORIGINAL";"19.760.235/0001-00 - SPEZIA COMERCIAL DE MATERIAIS E SUPRIMENTOS LTDA";"SP";"IFSP - CAMPUS JACAREI";"FUNDO NACIONAL DE DESENVOLVIMENTO DA EDUCACAO";"Instituto Federal de Educação, Ciência e Tecnologia de São Paulo";"Ministério da Educação";"9.025,46";"3 - Outras Despesas Correntes";"32 - Material, Bem ou Serviço para Distribuição Gratuita";"90 - Aplicações Diretas";"0000 - APOIO A ALIMENTACAO ESCOLAR NA EDUCACAO BASICA (PNAE)";"0000";"12 - Educação";"306 - Alimentação e nutrição";"00PI0001 - APOIO AO PROGRAMA NACIONAL DE ALIMENT - NACIONAL";"2080 - EDUCACAO DE QUALIDADE PARA TODOS";"00PI - APOIO AO PROGRAMA NACIONAL DE ALIMENTACAO ESCOLAR (PNAE)";
"27/11/2017";"158716264392017NE000045";"0035 - ASSISTENCIA AOS ESTUDANTES DA REDE FE - NO ESTADO DE SAO PAU";"Empenho";"ANULAÇÃO";"158716 - IFSP - CAMPUS JACAREI";"SP";"IFSP - CAMPUS JACAREI";"INST.FED.DE EDUC.,CIENC.E TEC.DE SAO PAULO";"Instituto Federal de Educação, Ciência e Tecnologia de São Paulo";"Ministério da Educação";"19.106,54";"3 - Outras Despesas Correntes";"18 - Auxílio Financeiro a Estudantes";"90 - Aplicações Diretas";"0001 - AUXILIO FINANCEIRO DE ASSISTENCIA ESTUDANTIL";"0000";"12 - Educação";"363 - Ensino profissional";"29940035 - ASSISTENCIA AOS ESTUDANTES DA REDE FE - NO ESTADO DE SAO PAU";"2080 - EDUCACAO DE QUALIDADE PARA TODOS";"2994 - ASSISTENCIA AOS ESTUDANTES DA REDE FEDERAL DE EDUCACAO PROFISSIONAL, CIENTIFICA E TECNOLOGICA";
"27/11/2017";"158716264392017NE800095";"0035 - ASSISTENCIA AOS ESTUDANTES DA REDE FE - NO ESTADO DE SAO PAU";"Empenho";"ORIGINAL";"39.818.737/0001-51 - HORTO CENTRAL MARATAIZES LTDA";"ES";"IFSP - CAMPUS JACAREI";"INST.FED.DE EDUC.,CIENC.E TEC.DE SAO PAULO";"Instituto Federal de Educação, Ciência e Tecnologia de São Paulo";"Ministério da Educação";"8.776,20";"3 - Outras Despesas Correntes";"30 - Material de Consumo";"90 - Aplicações Diretas";"0001 - AUXILIO FINANCEIRO DE ASSISTENCIA ESTUDANTIL";"0000";"12 - Educação";"363 - Ensino profissional";"29940035 - ASSISTENCIA AOS ESTUDANTES DA REDE FE - NO ESTADO DE SAO PAU";"2080 - EDUCACAO DE QUALIDADE PARA TODOS";"2994 - ASSISTENCIA AOS ESTUDANTES DA REDE FEDERAL DE EDUCACAO PROFISSIONAL, CIENTIFICA E TECNOLOGICA";
"27/11/2017";"158716264392017NE800096";"0035 - ASSISTENCIA AOS ESTUDANTES DA REDE FE - NO ESTADO DE SAO PAU";"Empenho";"ORIGINAL";"19.760.235/0001-00 - SPEZIA COMERCIAL DE MATERIAIS E SUPRIMENTOS LTDA";"SP";"IFSP - CAMPUS JACAREI";"INST.FED.DE EDUC.,CIENC.E TEC.DE SAO PAULO";"Instituto Federal de Educação, Ciência e Tecnologia de São Paulo";"Ministério da Educação";"10.329,42";"3 - Outras Despesas Correntes";"30 - Material de Consumo";"90 - Aplicações Diretas";"0001 - AUXILIO FINANCEIRO DE ASSISTENCIA ESTUDANTIL";"0000";"12 - Educação";"363 - Ensino profissional";"29940035 - ASSISTENCIA AOS ESTUDANTES DA REDE FE - NO ESTADO DE SAO PAU";"2080 - EDUCACAO DE QUALIDADE PARA TODOS";"2994 - ASSISTENCIA AOS ESTUDANTES DA REDE FEDERAL DE EDUCACAO PROFISSIONAL, CIENTIFICA E TECNOLOGICA";
"28/11/2017";"158716264392017NE000046";"0035 - FUNCIONAMENTO DAS INSTITUICOES DA RED - NO ESTADO DE SAO PAU";"Empenho";"ANULAÇÃO";"158716 - IFSP - CAMPUS JACAREI";"SP";"IFSP - CAMPUS JACAREI";"INST.FED.DE EDUC.,CIENC.E TEC.DE SAO PAULO";"Instituto Federal de Educação, Ciência e Tecnologia de São Paulo";"Ministério da Educação";"320,00";"3 - Outras Despesas Correntes";"18 - Auxílio Financeiro a Estudantes";"90 - Aplicações Diretas";"0000 - FUNCIONAMENTO DE INSTITUICOES FEDERAIS DE EDUCACAO PROFISSIONAL E TECNOLOGICA - DESPESAS DIVERSAS";"0000";"12 - Educação";"363 - Ensino profissional";"20RL0035 - FUNCIONAMENTO DAS INSTITUICOES DA RED - NO ESTADO DE SAO PAU";"2080 - EDUCACAO DE QUALIDADE PARA TODOS";"20RL - FUNCIONAMENTO DAS INSTITUICOES DA REDE FEDERAL DE EDUCACAO PROFISSIONAL, CIENTIFICA E TECNOLOGICA";
"28/11/2017";"158716264392017NE800097";"0035 - FUNCIONAMENTO DAS INSTITUICOES DA RED - NO ESTADO DE SAO PAU";"Empenho";"ORIGINAL";"01.758.679/0001-45 - LIDIA KARAGULIAN FORTES";"SP";"IFSP - CAMPUS JACAREI";"INST.FED.DE EDUC.,CIENC.E TEC.DE SAO PAULO";"Instituto Federal de Educação, Ciência e Tecnologia de São Paulo";"Ministério da Educação";"962,24";"3 - Outras Despesas Correntes";"30 - Material de Consumo";"90 - Aplicações Diretas";"0000 - FUNCIONAMENTO DE INSTITUICOES FEDERAIS DE EDUCACAO PROFISSIONAL E TECNOLOGICA - DESPESAS DIVERSAS";"0000";"12 - Educação";"363 - Ensino profissional";"20RL0035 - FUNCIONAMENTO DAS INSTITUICOES DA RED - NO ESTADO DE SAO PAU";"2080 - EDUCACAO DE QUALIDADE PARA TODOS";"20RL - FUNCIONAMENTO DAS INSTITUICOES DA REDE FEDERAL DE EDUCACAO PROFISSIONAL, CIENTIFICA E TECNOLOGICA";
"28/11/2017";"158716264392017NE800098";"0035 - FUNCIONAMENTO DAS INSTITUICOES DA RED - NO ESTADO DE SAO PAU";"Empenho";"ANULAÇÃO";"09.405.866/0001-57 - PEDRAZUL SERVICOS LTDA";"SP";"IFSP - CAMPUS JACAREI";"INST.FED.DE EDUC.,CIENC.E TEC.DE SAO PAULO";"Instituto Federal de Educação, Ciência e Tecnologia de São Paulo";"Ministério da Educação";"1.000,00";"3 - Outras Despesas Correntes";"37 - Locação de Mão-de-Obra";"90 - Aplicações Diretas";"0000 - FUNCIONAMENTO DE INSTITUICOES FEDERAIS DE EDUCACAO PROFISSIONAL E TECNOLOGICA - DESPESAS DIVERSAS";"0000";"12 - Educação";"363 - Ensino profissional";"20RL0035 - FUNCIONAMENTO DAS INSTITUICOES DA RED - NO ESTADO DE SAO PAU";"2080 - EDUCACAO DE QUALIDADE PARA TODOS";"20RL - FUNCIONAMENTO DAS INSTITUICOES DA REDE FEDERAL DE EDUCACAO PROFISSIONAL, CIENTIFICA E TECNOLOGICA";
"29/11/2017";"158716264392017NE800099";"0035 - FUNCIONAMENTO DAS INSTITUICOES DA RED - NO ESTADO DE SAO PAU";"Empenho";"ORIGINAL";"23.442.506/0001-56 - INFO-SIG COMERCIO DE SUPRIMENTOS DE INFORMATICA LTDA";"SP";"IFSP - CAMPUS JACAREI";"INST.FED.DE EDUC.,CIENC.E TEC.DE SAO PAULO";"Instituto Federal de Educação, Ciência e Tecnologia de São Paulo";"Ministério da Educação";"2.894,40";"3 - Outras Despesas Correntes";"30 - Material de Consumo";"90 - Aplicações Diretas";"0000 - FUNCIONAMENTO DE INSTITUICOES FEDERAIS DE EDUCACAO PROFISSIONAL E TECNOLOGICA - DESPESAS DIVERSAS";"0000";"12 - Educação";"363 - Ensino profissional";"20RL0035 - FUNCIONAMENTO DAS INSTITUICOES DA RED - NO ESTADO DE SAO PAU";"2080 - EDUCACAO DE QUALIDADE PARA TODOS";"20RL - FUNCIONAMENTO DAS INSTITUICOES DA REDE FEDERAL DE EDUCACAO PROFISSIONAL, CIENTIFICA E TECNOLOGICA";
"29/11/2017";"158716264392017NE800100";"0035 - FUNCIONAMENTO DAS INSTITUICOES DA RED - NO ESTADO DE SAO PAU";"Empenho";"ORIGINAL";"09.255.284/0001-31 - CASA DA INSTRUMENTACAO LTDA";"SC";"IFSP - CAMPUS JACAREI";"INST.FED.DE EDUC.,CIENC.E TEC.DE SAO PAULO";"Instituto Federal de Educação, Ciência e Tecnologia de São Paulo";"Ministério da Educação";"120,00";"3 - Outras Despesas Correntes";"30 - Material de Consumo";"90 - Aplicações Diretas";"0000 - FUNCIONAMENTO DE INSTITUICOES FEDERAIS DE EDUCACAO PROFISSIONAL E TECNOLOGICA - DESPESAS DIVERSAS";"0000";"12 - Educação";"363 - Ensino profissional";"20RL0035 - FUNCIONAMENTO DAS INSTITUICOES DA RED - NO ESTADO DE SAO PAU";"2080 - EDUCACAO DE QUALIDADE PARA TODOS";"20RL - FUNCIONAMENTO DAS INSTITUICOES DA REDE FEDERAL DE EDUCACAO PROFISSIONAL, CIENTIFICA E TECNOLOGICA";
"29/11/2017";"158716264392017NE800101";"0035 - REESTRUTURACAO E MODERNIZACAO DAS INS - NO ESTADO DE SAO PAU";"Empenho";"ORIGINAL";"26.986.607/0001-86 - CARLOS NETO COMERCIO DE LIVROS EIRELI";"SP";"IFSP - CAMPUS JACAREI";"INST.FED.DE EDUC.,CIENC.E TEC.DE SAO PAULO";"Instituto Federal de Educação, Ciência e Tecnologia de São Paulo";"Ministério da Educação";"39.400,00";"4 - Investimentos";"52 - Equipamentos e Material Permanente";"90 - Aplicações Diretas";"0002 - PRONATEC";"0000";"12 - Educação";"363 - Ensino profissional";"20RG0035 - REESTRUTURACAO E MODERNIZACAO DAS INS - NO ESTADO DE SAO PAU";"2080 - EDUCACAO DE QUALIDADE PARA TODOS";"20RG - REESTRUTURACAO E MODERNIZACAO DAS INSTITUICOES DA REDE FEDERAL DE EDUCACAO PROFISSIONAL, CIENTIFICA E TECNOLOGICA";
"29/11/2017";"158716264392017NE800102";"0035 - REESTRUTURACAO E MODERNIZACAO DAS INS - NO ESTADO DE SAO PAU";"Empenho";"ORIGINAL";"26.986.607/0001-86 - CARLOS NETO COMERCIO DE LIVROS EIRELI";"SP";"IFSP - CAMPUS JACAREI";"INST.FED.DE EDUC.,CIENC.E TEC.DE SAO PAULO";"Instituto Federal de Educação, Ciência e Tecnologia de São Paulo";"Ministério da Educação";"600,00";"4 - Investimentos";"52 - Equipamentos e Material Permanente";"90 - Aplicações Diretas";"0002 - PRONATEC";"0000";"12 - Educação";"363 - Ensino profissional";"20RG0035 - REESTRUTURACAO E MODERNIZACAO DAS INS - NO ESTADO DE SAO PAU";"2080 - EDUCACAO DE QUALIDADE PARA TODOS";"20RG - REESTRUTURACAO E MODERNIZACAO DAS INSTITUICOES DA REDE FEDERAL DE EDUCACAO PROFISSIONAL, CIENTIFICA E TECNOLOGICA";
"29/11/2017";"158716264392017NE800103";"0035 - FUNCIONAMENTO DAS INSTITUICOES DA RED - NO ESTADO DE SAO PAU";"Empenho";"ORIGINAL";"21.189.579/0001-52 - BOING COMERCIO ATACADISTA DE MATERIAIS LTDA";"SC";"IFSP - CAMPUS JACAREI";"INST.FED.DE EDUC.,CIENC.E TEC.DE SAO PAULO";"Instituto Federal de Educação, Ciência e Tecnologia de São Paulo";"Ministério da Educação";"635,00";"3 - Outras Despesas Correntes";"30 - Material de Consumo";"90 - Aplicações Diretas";"0000 - FUNCIONAMENTO DE INSTITUICOES FEDERAIS DE EDUCACAO PROFISSIONAL E TECNOLOGICA - DESPESAS DIVERSAS";"0000";"12 - Educação";"363 - Ensino profissional";"20RL0035 - FUNCIONAMENTO DAS INSTITUICOES DA RED - NO ESTADO DE SAO PAU";"2080 - EDUCACAO DE QUALIDADE PARA TODOS";"20RL - FUNCIONAMENTO DAS INSTITUICOES DA REDE FEDERAL DE EDUCACAO PROFISSIONAL, CIENTIFICA E TECNOLOGICA";
"30/11/2017";"158716264392017NE000047";"0035 - FUNCIONAMENTO DAS INSTITUICOES DA RED - NO ESTADO DE SAO PAU";"Empenho";"ORIGINAL";"158716 - IFSP - CAMPUS JACAREI";"SP";"IFSP - CAMPUS JACAREI";"INST.FED.DE EDUC.,CIENC.E TEC.DE SAO PAULO";"Instituto Federal de Educação, Ciência e Tecnologia de São Paulo";"Ministério da Educação";"1.150,50";"3 - Outras Despesas Correntes";"14 - Diárias - Civil";"90 - Aplicações Diretas";"0000 - FUNCIONAMENTO DE INSTITUICOES FEDERAIS DE EDUCACAO PROFISSIONAL E TECNOLOGICA - DESPESAS DIVERSAS";"0000";"12 - Educação";"363 - Ensino profissional";"20RL0035 - FUNCIONAMENTO DAS INSTITUICOES DA RED - NO ESTADO DE SAO PAU";"2080 - EDUCACAO DE QUALIDADE PARA TODOS";"20RL - FUNCIONAMENTO DAS INSTITUICOES DA REDE FEDERAL DE EDUCACAO PROFISSIONAL, CIENTIFICA E TECNOLOGICA";
"30/11/2017";"158716264392017NE800104";"0035 - FUNCIONAMENTO DAS INSTITUICOES DA RED - NO ESTADO DE SAO PAU";"Empenho";"ORIGINAL";"39.818.737/0001-51 - HORTO CENTRAL MARATAIZES LTDA";"ES";"IFSP - CAMPUS JACAREI";"INST.FED.DE EDUC.,CIENC.E TEC.DE SAO PAULO";"Instituto Federal de Educação, Ciência e Tecnologia de São Paulo";"Ministério da Educação";"11.536,20";"3 - Outras Despesas Correntes";"30 - Material de Consumo";"90 - Aplicações Diretas";"0000 - FUNCIONAMENTO DE INSTITUICOES FEDERAIS DE EDUCACAO PROFISSIONAL E TECNOLOGICA - DESPESAS DIVERSAS";"0000";"12 - Educação";"363 - Ensino profissional";"20RL0035 - FUNCIONAMENTO DAS INSTITUICOES DA RED - NO ESTADO DE SAO PAU";"2080 - EDUCACAO DE QUALIDADE PARA TODOS";"20RL - FUNCIONAMENTO DAS INSTITUICOES DA REDE FEDERAL DE EDUCACAO PROFISSIONAL, CIENTIFICA E TECNOLOGICA";
"30/11/2017";"158716264392017NE800105";"0035 - FUNCIONAMENTO DAS INSTITUICOES DA RED - NO ESTADO DE SAO PAU";"Empenho";"ANULAÇÃO";"48.962.625/0001-60 - SAAE SERVICO AUTONOMO DE AGUA E ESGOTO DE JACAREI";"SP";"IFSP - CAMPUS JACAREI";"INST.FED.DE EDUC.,CIENC.E TEC.DE SAO PAULO";"Instituto Federal de Educação, Ciência e Tecnologia de São Paulo";"Ministério da Educação";"355,11";"3 - Outras Despesas Correntes";"39 - Outros Serviços de Terceiros - Pessoa Jurídica";"90 - Aplicações Diretas";"0000 - FUNCIONAMENTO DE INSTITUICOES FEDERAIS DE EDUCACAO PROFISSIONAL E TECNOLOGICA - DESPESAS DIVERSAS";"0000";"12 - Educação";"363 - Ensino profissional";"20RL0035 - FUNCIONAMENTO DAS INSTITUICOES DA RED - NO ESTADO DE SAO PAU";"2080 - EDUCACAO DE QUALIDADE PARA TODOS";"20RL - FUNCIONAMENTO DAS INSTITUICOES DA REDE FEDERAL DE EDUCACAO PROFISSIONAL, CIENTIFICA E TECNOLOGICA";
"30/11/2017";"158716264392017NE800106";"0035 - FUNCIONAMENTO DAS INSTITUICOES DA RED - NO ESTADO DE SAO PAU";"Empenho";"REFORÇO";"02.302.100/0001-06 - EDP SAO PAULO DISTRIBUICAO DE ENERGIA S.A.";"SP";"IFSP - CAMPUS JACAREI";"INST.FED.DE EDUC.,CIENC.E TEC.DE SAO PAULO";"Instituto Federal de Educação, Ciência e Tecnologia de São Paulo";"Ministério da Educação";"355,11";"3 - Outras Despesas Correntes";"39 - Outros Serviços de Terceiros - Pessoa Jurídica";"90 - Aplicações Diretas";"0000 - FUNCIONAMENTO DE INSTITUICOES FEDERAIS DE EDUCACAO PROFISSIONAL E TECNOLOGICA - DESPESAS DIVERSAS";"0000";"12 - Educação";"363 - Ensino profissional";"20RL0035 - FUNCIONAMENTO DAS INSTITUICOES DA RED - NO ESTADO DE SAO PAU";"2080 - EDUCACAO DE QUALIDADE PARA TODOS";"20RL - FUNCIONAMENTO DAS INSTITUICOES DA REDE FEDERAL DE EDUCACAO PROFISSIONAL, CIENTIFICA E TECNOLOGICA";
"30/11/2017";"158716264392017NE800107";"0035 - FUNCIONAMENTO DAS INSTITUICOES DA RED - NO ESTADO DE SAO PAU";"Empenho";"ORIGINAL";"25.008.579/0001-60 - QUARTFRATTELI DESCARTAVEIS E EQUIPAMENTOS LTDA";"SP";"IFSP - CAMPUS JACAREI";"INST.FED.DE EDUC.,CIENC.E TEC.DE SAO PAULO";"Instituto Federal de Educação, Ciência e Tecnologia de São Paulo";"Ministério da Educação";"233,94";"3 - Outras Despesas Correntes";"30 - Material de Consumo";"90 - Aplicações Diretas";"0000 - FUNCIONAMENTO DE INSTITUICOES FEDERAIS DE EDUCACAO PROFISSIONAL E TECNOLOGICA - DESPESAS DIVERSAS";"0000";"12 - Educação";"363 - Ensino profissional";"20RL0035 - FUNCIONAMENTO DAS INSTITUICOES DA RED - NO ESTADO DE SAO PAU";"2080 - EDUCACAO DE QUALIDADE PARA TODOS";"20RL - FUNCIONAMENTO DAS INSTITUICOES DA REDE FEDERAL DE EDUCACAO PROFISSIONAL, CIENTIFICA E TECNOLOGICA";
"30/11/2017";"158716264392017NE800108";"0035 - FUNCIONAMENTO DAS INSTITUICOES DA RED - NO ESTADO DE SAO PAU";"Empenho";"ORIGINAL";"77.036.481/0001-10 - IGOR KREINSKI  LTDA";"PR";"IFSP - CAMPUS JACAREI";"INST.FED.DE EDUC.,CIENC.E TEC.DE SAO PAULO";"Instituto Federal de Educação, Ciência e Tecnologia de São Paulo";"Ministério da Educação";"129,06";"3 - Outras Despesas Correntes";"30 - Material de Consumo";"90 - Aplicações Diretas";"0000 - FUNCIONAMENTO DE INSTITUICOES FEDERAIS DE EDUCACAO PROFISSIONAL E TECNOLOGICA - DESPESAS DIVERSAS";"0000";"12 - Educação";"363 - Ensino profissional";"20RL0035 - FUNCIONAMENTO DAS INSTITUICOES DA RED - NO ESTADO DE SAO PAU";"2080 - EDUCACAO DE QUALIDADE PARA TODOS";"20RL - FUNCIONAMENTO DAS INSTITUICOES DA REDE FEDERAL DE EDUCACAO PROFISSIONAL, CIENTIFICA E TECNOLOGICA";
"30/11/2017";"158716264392017NE800109";"0035 - FUNCIONAMENTO DAS INSTITUICOES DA RED - NO ESTADO DE SAO PAU";"Empenho";"ORIGINAL";"77.036.481/0001-10 - IGOR KREINSKI  LTDA";"PR";"IFSP - CAMPUS JACAREI";"INST.FED.DE EDUC.,CIENC.E TEC.DE SAO PAULO";"Instituto Federal de Educação, Ciência e Tecnologia de São Paulo";"Ministério da Educação";"129,12";"3 - Outras Despesas Correntes";"30 - Material de Consumo";"90 - Aplicações Diretas";"0000 - FUNCIONAMENTO DE INSTITUICOES FEDERAIS DE EDUCACAO PROFISSIONAL E TECNOLOGICA - DESPESAS DIVERSAS";"0000";"12 - Educação";"363 - Ensino profissional";"20RL0035 - FUNCIONAMENTO DAS INSTITUICOES DA RED - NO ESTADO DE SAO PAU";"2080 - EDUCACAO DE QUALIDADE PARA TODOS";"20RL - FUNCIONAMENTO DAS INSTITUICOES DA REDE FEDERAL DE EDUCACAO PROFISSIONAL, CIENTIFICA E TECNOLOGICA";
"30/11/2017";"158716264392017NE800110";"0035 - REESTRUTURACAO E MODERNIZACAO DAS INS - NO ESTADO DE SAO PAU";"Empenho";"ORIGINAL";"09.058.708/0001-78 - FRATELLI SERVICOS E MANUTENCOES EIRELI";"SC";"IFSP - CAMPUS JACAREI";"INST.FED.DE EDUC.,CIENC.E TEC.DE SAO PAULO";"Instituto Federal de Educação, Ciência e Tecnologia de São Paulo";"Ministério da Educação";"871,05";"4 - Investimentos";"52 - Equipamentos e Material Permanente";"90 - Aplicações Diretas";"0002 - PRONATEC";"0000";"12 - Educação";"363 - Ensino profissional";"20RG0035 - REESTRUTURACAO E MODERNIZACAO DAS INS - NO ESTADO DE SAO PAU";"2080 - EDUCACAO DE QUALIDADE PARA TODOS";"20RG - REESTRUTURACAO E MODERNIZACAO DAS INSTITUICOES DA REDE FEDERAL DE EDUCACAO PROFISSIONAL, CIENTIFICA E TECNOLOGICA";
"30/11/2017";"158716264392017NE800111";"0035 - REESTRUTURACAO E MODERNIZACAO DAS INS - NO ESTADO DE SAO PAU";"Empenho";"ORIGINAL";"81.114.803/0001-79 - W3 INDUSTRIAS REUNIDAS S/A";"PR";"IFSP - CAMPUS JACAREI";"INST.FED.DE EDUC.,CIENC.E TEC.DE SAO PAULO";"Instituto Federal de Educação, Ciência e Tecnologia de São Paulo";"Ministério da Educação";"620,00";"4 - Investimentos";"52 - Equipamentos e Material Permanente";"90 - Aplicações Diretas";"0002 - PRONATEC";"0000";"12 - Educação";"363 - Ensino profissional";"20RG0035 - REESTRUTURACAO E MODERNIZACAO DAS INS - NO ESTADO DE SAO PAU";"2080 - EDUCACAO DE QUALIDADE PARA TODOS";"20RG - REESTRUTURACAO E MODERNIZACAO DAS INSTITUICOES DA REDE FEDERAL DE EDUCACAO PROFISSIONAL, CIENTIFICA E TECNOLOGICA";
"30/11/2017";"158716264392017NE800112";"0035 - FUNCIONAMENTO DAS INSTITUICOES DA RED - NO ESTADO DE SAO PAU";"Empenho";"ORIGINAL";"16.866.828/0001-67 - H L P COMERCIO ELETRO FONIA LTDA";"RJ";"IFSP - CAMPUS JACAREI";"INST.FED.DE EDUC.,CIENC.E TEC.DE SAO PAULO";"Instituto Federal de Educação, Ciência e Tecnologia de São Paulo";"Ministério da Educação";"370,99";"3 - Outras Despesas Correntes";"30 - Material de Consumo";"90 - Aplicações Diretas";"0000 - FUNCIONAMENTO DE INSTITUICOES FEDERAIS DE EDUCACAO PROFISSIONAL E TECNOLOGICA - DESPESAS DIVERSAS";"0000";"12 - Educação";"363 - Ensino profissional";"20RL0035 - FUNCIONAMENTO DAS INSTITUICOES DA RED - NO ESTADO DE SAO PAU";"2080 - EDUCACAO DE QUALIDADE PARA TODOS";"20RL - FUNCIONAMENTO DAS INSTITUICOES DA REDE FEDERAL DE EDUCACAO PROFISSIONAL, CIENTIFICA E TECNOLOGICA";
"30/11/2017";"158716264392017NE800113";"0035 - FUNCIONAMENTO DAS INSTITUICOES DA RED - NO ESTADO DE SAO PAU";"Empenho";"ORIGINAL";"18.706.498/0001-78 - THE BEST PRODUTOS ELETRONICOS LTDA";"GO";"IFSP - CAMPUS JACAREI";"INST.FED.DE EDUC.,CIENC.E TEC.DE SAO PAULO";"Instituto Federal de Educação, Ciência e Tecnologia de São Paulo";"Ministério da Educação";"2.598,00";"3 - Outras Despesas Correntes";"30 - Material de Consumo";"90 - Aplicações Diretas";"0000 - FUNCIONAMENTO DE INSTITUICOES FEDERAIS DE EDUCACAO PROFISSIONAL E TECNOLOGICA - DESPESAS DIVERSAS";"0000";"12 - Educação";"363 - Ensino profissional";"20RL0035 - FUNCIONAMENTO DAS INSTITUICOES DA RED - NO ESTADO DE SAO PAU";"2080 - EDUCACAO DE QUALIDADE PARA TODOS";"20RL - FUNCIONAMENTO DAS INSTITUICOES DA REDE FEDERAL DE EDUCACAO PROFISSIONAL, CIENTIFICA E TECNOLOGICA";
"30/11/2017";"158716264392017NE800114";"0035 - FUNCIONAMENTO DAS INSTITUICOES DA RED - NO ESTADO DE SAO PAU";"Empenho";"ORIGINAL";"09.022.398/0001-31 - AGEM TECNOLOGIA DISTRIBUIDORA LTDA";"ES";"IFSP - CAMPUS JACAREI";"INST.FED.DE EDUC.,CIENC.E TEC.DE SAO PAULO";"Instituto Federal de Educação, Ciência e Tecnologia de São Paulo";"Ministério da Educação";"282,00";"3 - Outras Despesas Correntes";"30 - Material de Consumo";"90 - Aplicações Diretas";"0000 - FUNCIONAMENTO DE INSTITUICOES FEDERAIS DE EDUCACAO PROFISSIONAL E TECNOLOGICA - DESPESAS DIVERSAS";"0000";"12 - Educação";"363 - Ensino profissional";"20RL0035 - FUNCIONAMENTO DAS INSTITUICOES DA RED - NO ESTADO DE SAO PAU";"2080 - EDUCACAO DE QUALIDADE PARA TODOS";"20RL - FUNCIONAMENTO DAS INSTITUICOES DA REDE FEDERAL DE EDUCACAO PROFISSIONAL, CIENTIFICA E TECNOLOGICA";
"30/11/2017";"158716264392017NE800115";"0035 - FUNCIONAMENTO DAS INSTITUICOES DA RED - NO ESTADO DE SAO PAU";"Empenho";"ORIGINAL";"61.457.941/0005-77 - GOMAQ MAQUINAS PARA ESCRITORIO LIMITADA";"ES";"IFSP - CAMPUS JACAREI";"INST.FED.DE EDUC.,CIENC.E TEC.DE SAO PAULO";"Instituto Federal de Educação, Ciência e Tecnologia de São Paulo";"Ministério da Educação";"5.330,00";"3 - Outras Despesas Correntes";"30 - Material de Consumo";"90 - Aplicações Diretas";"0000 - FUNCIONAMENTO DE INSTITUICOES FEDERAIS DE EDUCACAO PROFISSIONAL E TECNOLOGICA - DESPESAS DIVERSAS";"0000";"12 - Educação";"363 - Ensino profissional";"20RL0035 - FUNCIONAMENTO DAS INSTITUICOES DA RED - NO ESTADO DE SAO PAU";"2080 - EDUCACAO DE QUALIDADE PARA TODOS";"20RL - FUNCIONAMENTO DAS INSTITUICOES DA REDE FEDERAL DE EDUCACAO PROFISSIONAL, CIENTIFICA E TECNOLOGICA";
"30/11/2017";"158716264392017NE800116";"0035 - FUNCIONAMENTO DAS INSTITUICOES DA RED - NO ESTADO DE SAO PAU";"Empenho";"ORIGINAL";"03.056.608/0001-26 - J & M COMERCIO E SERVICOS DE TELECOMUNICACOES E INFORMATICA LTDA";"SP";"IFSP - CAMPUS JACAREI";"INST.FED.DE EDUC.,CIENC.E TEC.DE SAO PAULO";"Instituto Federal de Educação, Ciência e Tecnologia de São Paulo";"Ministério da Educação";"606,79";"3 - Outras Despesas Correntes";"30 - Material de Consumo";"90 - Aplicações Diretas";"0000 - FUNCIONAMENTO DE INSTITUICOES FEDERAIS DE EDUCACAO PROFISSIONAL E TECNOLOGICA - DESPESAS DIVERSAS";"0000";"12 - Educação";"363 - Ensino profissional";"20RL0035 - FUNCIONAMENTO DAS INSTITUICOES DA RED - NO ESTADO DE SAO PAU";"2080 - EDUCACAO DE QUALIDADE PARA TODOS";"20RL - FUNCIONAMENTO DAS INSTITUICOES DA REDE FEDERAL DE EDUCACAO PROFISSIONAL, CIENTIFICA E TECNOLOGICA";
"30/11/2017";"158716264392017NE800117";"0035 - FUNCIONAMENTO DAS INSTITUICOES DA RED - NO ESTADO DE SAO PAU";"Empenho";"REFORÇO";"02.302.100/0001-06 - EDP SAO PAULO DISTRIBUICAO DE ENERGIA S.A.";"SP";"IFSP - CAMPUS JACAREI";"INST.FED.DE EDUC.,CIENC.E TEC.DE SAO PAULO";"Instituto Federal de Educação, Ciência e Tecnologia de São Paulo";"Ministério da Educação";"76,31";"3 - Outras Despesas Correntes";"39 - Outros Serviços de Terceiros - Pessoa Jurídica";"90 - Aplicações Diretas";"0000 - FUNCIONAMENTO DE INSTITUICOES FEDERAIS DE EDUCACAO PROFISSIONAL E TECNOLOGICA - DESPESAS DIVERSAS";"0000";"12 - Educação";"363 - Ensino profissional";"20RL0035 - FUNCIONAMENTO DAS INSTITUICOES DA RED - NO ESTADO DE SAO PAU";"2080 - EDUCACAO DE QUALIDADE PARA TODOS";"20RL - FUNCIONAMENTO DAS INSTITUICOES DA REDE FEDERAL DE EDUCACAO PROFISSIONAL, CIENTIFICA E TECNOLOGICA";
"12/12/2017";"158716264392017NE000048";"0035 - FUNCIONAMENTO DAS INSTITUICOES DA RED - NO ESTADO DE SAO PAU";"Empenho";"ANULAÇÃO";"158716 - IFSP - CAMPUS JACAREI";"SP";"IFSP - CAMPUS JACAREI";"INST.FED.DE EDUC.,CIENC.E TEC.DE SAO PAULO";"Instituto Federal de Educação, Ciência e Tecnologia de São Paulo";"Ministério da Educação";"133,33";"3 - Outras Despesas Correntes";"18 - Auxílio Financeiro a Estudantes";"90 - Aplicações Diretas";"0000 - FUNCIONAMENTO DE INSTITUICOES FEDERAIS DE EDUCACAO PROFISSIONAL E TECNOLOGICA - DESPESAS DIVERSAS";"0000";"12 - Educação";"363 - Ensino profissional";"20RL0035 - FUNCIONAMENTO DAS INSTITUICOES DA RED - NO ESTADO DE SAO PAU";"2080 - EDUCACAO DE QUALIDADE PARA TODOS";"20RL - FUNCIONAMENTO DAS INSTITUICOES DA REDE FEDERAL DE EDUCACAO PROFISSIONAL, CIENTIFICA E TECNOLOGICA";
"12/12/2017";"158716264392017NE000049";"0035 - FUNCIONAMENTO DAS INSTITUICOES DA RED - NO ESTADO DE SAO PAU";"Empenho";"ANULAÇÃO";"158716 - IFSP - CAMPUS JACAREI";"SP";"IFSP - CAMPUS JACAREI";"INST.FED.DE EDUC.,CIENC.E TEC.DE SAO PAULO";"Instituto Federal de Educação, Ciência e Tecnologia de São Paulo";"Ministério da Educação";"35,90";"3 - Outras Despesas Correntes";"18 - Auxílio Financeiro a Estudantes";"90 - Aplicações Diretas";"0000 - FUNCIONAMENTO DE INSTITUICOES FEDERAIS DE EDUCACAO PROFISSIONAL E TECNOLOGICA - DESPESAS DIVERSAS";"0000";"12 - Educação";"363 - Ensino profissional";"20RL0035 - FUNCIONAMENTO DAS INSTITUICOES DA RED - NO ESTADO DE SAO PAU";"2080 - EDUCACAO DE QUALIDADE PARA TODOS";"20RL - FUNCIONAMENTO DAS INSTITUICOES DA REDE FEDERAL DE EDUCACAO PROFISSIONAL, CIENTIFICA E TECNOLOGICA";
"12/12/2017";"158716264392017NE000050";"0035 - FUNCIONAMENTO DAS INSTITUICOES DA RED - NO ESTADO DE SAO PAU";"Empenho";"ANULAÇÃO";"158716 - IFSP - CAMPUS JACAREI";"SP";"IFSP - CAMPUS JACAREI";"INST.FED.DE EDUC.,CIENC.E TEC.DE SAO PAULO";"Instituto Federal de Educação, Ciência e Tecnologia de São Paulo";"Ministério da Educação";"66,45";"3 - Outras Despesas Correntes";"18 - Auxílio Financeiro a Estudantes";"90 - Aplicações Diretas";"0000 - FUNCIONAMENTO DE INSTITUICOES FEDERAIS DE EDUCACAO PROFISSIONAL E TECNOLOGICA - DESPESAS DIVERSAS";"0000";"12 - Educação";"363 - Ensino profissional";"20RL0035 - FUNCIONAMENTO DAS INSTITUICOES DA RED - NO ESTADO DE SAO PAU";"2080 - EDUCACAO DE QUALIDADE PARA TODOS";"20RL - FUNCIONAMENTO DAS INSTITUICOES DA REDE FEDERAL DE EDUCACAO PROFISSIONAL, CIENTIFICA E TECNOLOGICA";
"12/12/2017";"158716264392017NE000051";"0035 - FUNCIONAMENTO DAS INSTITUICOES DA RED - NO ESTADO DE SAO PAU";"Empenho";"ANULAÇÃO";"158716 - IFSP - CAMPUS JACAREI";"SP";"IFSP - CAMPUS JACAREI";"INST.FED.DE EDUC.,CIENC.E TEC.DE SAO PAULO";"Instituto Federal de Educação, Ciência e Tecnologia de São Paulo";"Ministério da Educação";"1.150,50";"3 - Outras Despesas Correntes";"14 - Diárias - Civil";"90 - Aplicações Diretas";"0000 - FUNCIONAMENTO DE INSTITUICOES FEDERAIS DE EDUCACAO PROFISSIONAL E TECNOLOGICA - DESPESAS DIVERSAS";"0000";"12 - Educação";"363 - Ensino profissional";"20RL0035 - FUNCIONAMENTO DAS INSTITUICOES DA RED - NO ESTADO DE SAO PAU";"2080 - EDUCACAO DE QUALIDADE PARA TODOS";"20RL - FUNCIONAMENTO DAS INSTITUICOES DA REDE FEDERAL DE EDUCACAO PROFISSIONAL, CIENTIFICA E TECNOLOGICA";
"12/12/2017";"158716264392017NE800118";"0035 - FUNCIONAMENTO DAS INSTITUICOES DA RED - NO ESTADO DE SAO PAU";"Empenho";"ANULAÇÃO";"01.758.679/0001-45 - LIDIA KARAGULIAN FORTES";"SP";"IFSP - CAMPUS JACAREI";"INST.FED.DE EDUC.,CIENC.E TEC.DE SAO PAULO";"Instituto Federal de Educação, Ciência e Tecnologia de São Paulo";"Ministério da Educação";"15,52";"3 - Outras Despesas Correntes";"30 - Material de Consumo";"90 - Aplicações Diretas";"0000 - FUNCIONAMENTO DE INSTITUICOES FEDERAIS DE EDUCACAO PROFISSIONAL E TECNOLOGICA - DESPESAS DIVERSAS";"0000";"12 - Educação";"363 - Ensino profissional";"20RL0035 - FUNCIONAMENTO DAS INSTITUICOES DA RED - NO ESTADO DE SAO PAU";"2080 - EDUCACAO DE QUALIDADE PARA TODOS";"20RL - FUNCIONAMENTO DAS INSTITUICOES DA REDE FEDERAL DE EDUCACAO PROFISSIONAL, CIENTIFICA E TECNOLOGICA";
"12/12/2017";"158716264392017NE800119";"0035 - FUNCIONAMENTO DAS INSTITUICOES DA RED - NO ESTADO DE SAO PAU";"Empenho";"REFORÇO";"48.962.625/0001-60 - SAAE SERVICO AUTONOMO DE AGUA E ESGOTO DE JACAREI";"SP";"IFSP - CAMPUS JACAREI";"INST.FED.DE EDUC.,CIENC.E TEC.DE SAO PAULO";"Instituto Federal de Educação, Ciência e Tecnologia de São Paulo";"Ministério da Educação";"44,38";"3 - Outras Despesas Correntes";"39 - Outros Serviços de Terceiros - Pessoa Jurídica";"90 - Aplicações Diretas";"0000 - FUNCIONAMENTO DE INSTITUICOES FEDERAIS DE EDUCACAO PROFISSIONAL E TECNOLOGICA - DESPESAS DIVERSAS";"0000";"12 - Educação";"363 - Ensino profissional";"20RL0035 - FUNCIONAMENTO DAS INSTITUICOES DA RED - NO ESTADO DE SAO PAU";"2080 - EDUCACAO DE QUALIDADE PARA TODOS";"20RL - FUNCIONAMENTO DAS INSTITUICOES DA REDE FEDERAL DE EDUCACAO PROFISSIONAL, CIENTIFICA E TECNOLOGICA";
"13/12/2017";"158716264392017NE000052";"0035 - FUNCIONAMENTO DAS INSTITUICOES DA RED - NO ESTADO DE SAO PAU";"Empenho";"ORIGINAL";"158716 - IFSP - CAMPUS JACAREI";"SP";"IFSP - CAMPUS JACAREI";"INST.FED.DE EDUC.,CIENC.E TEC.DE SAO PAULO";"Instituto Federal de Educação, Ciência e Tecnologia de São Paulo";"Ministério da Educação";"206,82";"3 - Outras Despesas Correntes";"14 - Diárias - Civil";"90 - Aplicações Diretas";"0000 - FUNCIONAMENTO DE INSTITUICOES FEDERAIS DE EDUCACAO PROFISSIONAL E TECNOLOGICA - DESPESAS DIVERSAS";"0000";"12 - Educação";"363 - Ensino profissional";"20RL0035 - FUNCIONAMENTO DAS INSTITUICOES DA RED - NO ESTADO DE SAO PAU";"2080 - EDUCACAO DE QUALIDADE PARA TODOS";"20RL - FUNCIONAMENTO DAS INSTITUICOES DA REDE FEDERAL DE EDUCACAO PROFISSIONAL, CIENTIFICA E TECNOLOGICA";
"13/12/2017";"158716264392017NE000053";"0035 - FUNCIONAMENTO DAS INSTITUICOES DA RED - NO ESTADO DE SAO PAU";"Empenho";"REFORÇO";"158716 - IFSP - CAMPUS JACAREI";"SP";"IFSP - CAMPUS JACAREI";"INST.FED.DE EDUC.,CIENC.E TEC.DE SAO PAULO";"Instituto Federal de Educação, Ciência e Tecnologia de São Paulo";"Ministério da Educação";"1.150,50";"3 - Outras Despesas Correntes";"14 - Diárias - Civil";"90 - Aplicações Diretas";"0000 - FUNCIONAMENTO DE INSTITUICOES FEDERAIS DE EDUCACAO PROFISSIONAL E TECNOLOGICA - DESPESAS DIVERSAS";"0000";"12 - Educação";"363 - Ensino profissional";"20RL0035 - FUNCIONAMENTO DAS INSTITUICOES DA RED - NO ESTADO DE SAO PAU";"2080 - EDUCACAO DE QUALIDADE PARA TODOS";"20RL - FUNCIONAMENTO DAS INSTITUICOES DA REDE FEDERAL DE EDUCACAO PROFISSIONAL, CIENTIFICA E TECNOLOGICA";
"14/12/2017";"158716264392017NE000054";"0035 - FUNCIONAMENTO DAS INSTITUICOES DA RED - NO ESTADO DE SAO PAU";"Empenho";"REFORÇO";"158716 - IFSP - CAMPUS JACAREI";"SP";"IFSP - CAMPUS JACAREI";"INST.FED.DE EDUC.,CIENC.E TEC.DE SAO PAULO";"Instituto Federal de Educação, Ciência e Tecnologia de São Paulo";"Ministério da Educação";"39,27";"3 - Outras Despesas Correntes";"14 - Diárias - Civil";"90 - Aplicações Diretas";"0000 - FUNCIONAMENTO DE INSTITUICOES FEDERAIS DE EDUCACAO PROFISSIONAL E TECNOLOGICA - DESPESAS DIVERSAS";"0000";"12 - Educação";"363 - Ensino profissional";"20RL0035 - FUNCIONAMENTO DAS INSTITUICOES DA RED - NO ESTADO DE SAO PAU";"2080 - EDUCACAO DE QUALIDADE PARA TODOS";"20RL - FUNCIONAMENTO DAS INSTITUICOES DA REDE FEDERAL DE EDUCACAO PROFISSIONAL, CIENTIFICA E TECNOLOGICA";
"14/12/2017";"158716264392017NE800120";"0035 - FUNCIONAMENTO DAS INSTITUICOES DA RED - NO ESTADO DE SAO PAU";"Empenho";"ANULAÇÃO";"40.432.544/0001-47 - CLARO S.A.";"SP";"IFSP - CAMPUS JACAREI";"INST.FED.DE EDUC.,CIENC.E TEC.DE SAO PAULO";"Instituto Federal de Educação, Ciência e Tecnologia de São Paulo";"Ministério da Educação";"39,27";"3 - Outras Despesas Correntes";"39 - Outros Serviços de Terceiros - Pessoa Jurídica";"90 - Aplicações Diretas";"0000 - FUNCIONAMENTO DE INSTITUICOES FEDERAIS DE EDUCACAO PROFISSIONAL E TECNOLOGICA - DESPESAS DIVERSAS";"0000";"12 - Educação";"363 - Ensino profissional";"20RL0035 - FUNCIONAMENTO DAS INSTITUICOES DA RED - NO ESTADO DE SAO PAU";"2080 - EDUCACAO DE QUALIDADE PARA TODOS";"20RL - FUNCIONAMENTO DAS INSTITUICOES DA REDE FEDERAL DE EDUCACAO PROFISSIONAL, CIENTIFICA E TECNOLOGICA";
"19/12/2017";"158716264392017NE000055";"0035 - FUNCIONAMENTO DAS INSTITUICOES DA RED - NO ESTADO DE SAO PAU";"Empenho";"ANULAÇÃO";"158716 - IFSP - CAMPUS JACAREI";"SP";"IFSP - CAMPUS JACAREI";"INST.FED.DE EDUC.,CIENC.E TEC.DE SAO PAULO";"Instituto Federal de Educação, Ciência e Tecnologia de São Paulo";"Ministério da Educação";"78,97";"3 - Outras Despesas Correntes";"18 - Auxílio Financeiro a Estudantes";"90 - Aplicações Diretas";"0000 - FUNCIONAMENTO DE INSTITUICOES FEDERAIS DE EDUCACAO PROFISSIONAL E TECNOLOGICA - DESPESAS DIVERSAS";"0000";"12 - Educação";"363 - Ensino profissional";"20RL0035 - FUNCIONAMENTO DAS INSTITUICOES DA RED - NO ESTADO DE SAO PAU";"2080 - EDUCACAO DE QUALIDADE PARA TODOS";"20RL - FUNCIONAMENTO DAS INSTITUICOES DA REDE FEDERAL DE EDUCACAO PROFISSIONAL, CIENTIFICA E TECNOLOGICA";
"19/12/2017";"158716264392017NE800121";"0035 - REESTRUTURACAO E MODERNIZACAO DAS INS - NO ESTADO DE SAO PAU";"Empenho";"ORIGINAL";"24.802.687/0001-47 - HS COMERCIO LOCACAO E MANUTENCAO DE EQUIPAMENTOS DE INFORMATICA LTDA";"DF";"IFSP - CAMPUS JACAREI";"INST.FED.DE EDUC.,CIENC.E TEC.DE SAO PAULO";"Instituto Federal de Educação, Ciência e Tecnologia de São Paulo";"Ministério da Educação";"8.919,00";"4 - Investimentos";"52 - Equipamentos e Material Permanente";"90 - Aplicações Diretas";"0002 - PRONATEC";"0000";"12 - Educação";"363 - Ensino profissional";"20RG0035 - REESTRUTURACAO E MODERNIZACAO DAS INS - NO ESTADO DE SAO PAU";"2080 - EDUCACAO DE QUALIDADE PARA TODOS";"20RG - REESTRUTURACAO E MODERNIZACAO DAS INSTITUICOES DA REDE FEDERAL DE EDUCACAO PROFISSIONAL, CIENTIFICA E TECNOLOGICA";
"19/12/2017";"158716264392017NE800122";"0035 - REESTRUTURACAO E MODERNIZACAO DAS INS - NO ESTADO DE SAO PAU";"Empenho";"ORIGINAL";"01.597.132/0001-05 - LBS DO BRASIL LTDA";"SP";"IFSP - CAMPUS JACAREI";"INST.FED.DE EDUC.,CIENC.E TEC.DE SAO PAULO";"Instituto Federal de Educação, Ciência e Tecnologia de São Paulo";"Ministério da Educação";"14.021,76";"4 - Investimentos";"52 - Equipamentos e Material Permanente";"90 - Aplicações Diretas";"0002 - PRONATEC";"0000";"12 - Educação";"363 - Ensino profissional";"20RG0035 - REESTRUTURACAO E MODERNIZACAO DAS INS - NO ESTADO DE SAO PAU";"2080 - EDUCACAO DE QUALIDADE PARA TODOS";"20RG - REESTRUTURACAO E MODERNIZACAO DAS INSTITUICOES DA REDE FEDERAL DE EDUCACAO PROFISSIONAL, CIENTIFICA E TECNOLOGICA";
"19/12/2017";"158716264392017NE800123";"0035 - REESTRUTURACAO E MODERNIZACAO DAS INS - NO ESTADO DE SAO PAU";"Empenho";"ORIGINAL";"10.713.114/0001-32 - SANTAFLEX COMERCIO DE MOVEIS LTDA";"GO";"IFSP - CAMPUS JACAREI";"INST.FED.DE EDUC.,CIENC.E TEC.DE SAO PAULO";"Instituto Federal de Educação, Ciência e Tecnologia de São Paulo";"Ministério da Educação";"2.158,00";"4 - Investimentos";"52 - Equipamentos e Material Permanente";"90 - Aplicações Diretas";"0002 - PRONATEC";"0000";"12 - Educação";"363 - Ensino profissional";"20RG0035 - REESTRUTURACAO E MODERNIZACAO DAS INS - NO ESTADO DE SAO PAU";"2080 - EDUCACAO DE QUALIDADE PARA TODOS";"20RG - REESTRUTURACAO E MODERNIZACAO DAS INSTITUICOES DA REDE FEDERAL DE EDUCACAO PROFISSIONAL, CIENTIFICA E TECNOLOGICA";
"19/12/2017";"158716264392017NE800124";"0035 - REESTRUTURACAO E MODERNIZACAO DAS INS - NO ESTADO DE SAO PAU";"Empenho";"ORIGINAL";"02.745.352/0001-00 - MARZO VITORINO - INDUSTRIA E COMERCIO DE MOVEIS LTDA";"SP";"IFSP - CAMPUS JACAREI";"INST.FED.DE EDUC.,CIENC.E TEC.DE SAO PAULO";"Instituto Federal de Educação, Ciência e Tecnologia de São Paulo";"Ministério da Educação";"2.850,00";"4 - Investimentos";"52 - Equipamentos e Material Permanente";"90 - Aplicações Diretas";"0002 - PRONATEC";"0000";"12 - Educação";"363 - Ensino profissional";"20RG0035 - REESTRUTURACAO E MODERNIZACAO DAS INS - NO ESTADO DE SAO PAU";"2080 - EDUCACAO DE QUALIDADE PARA TODOS";"20RG - REESTRUTURACAO E MODERNIZACAO DAS INSTITUICOES DA REDE FEDERAL DE EDUCACAO PROFISSIONAL, CIENTIFICA E TECNOLOGICA";
"19/12/2017";"158716264392017NE800125";"0035 - REESTRUTURACAO E MODERNIZACAO DAS INS - NO ESTADO DE SAO PAU";"Empenho";"ORIGINAL";"22.065.938/0001-22 - CCK COMERCIAL LTDA";"SC";"IFSP - CAMPUS JACAREI";"INST.FED.DE EDUC.,CIENC.E TEC.DE SAO PAULO";"Instituto Federal de Educação, Ciência e Tecnologia de São Paulo";"Ministério da Educação";"6.882,67";"4 - Investimentos";"52 - Equipamentos e Material Permanente";"90 - Aplicações Diretas";"0002 - PRONATEC";"0000";"12 - Educação";"363 - Ensino profissional";"20RG0035 - REESTRUTURACAO E MODERNIZACAO DAS INS - NO ESTADO DE SAO PAU";"2080 - EDUCACAO DE QUALIDADE PARA TODOS";"20RG - REESTRUTURACAO E MODERNIZACAO DAS INSTITUICOES DA REDE FEDERAL DE EDUCACAO PROFISSIONAL, CIENTIFICA E TECNOLOGICA";
"19/12/2017";"158716264392017NE800126";"0035 - REESTRUTURACAO E MODERNIZACAO DAS INS - NO ESTADO DE SAO PAU";"Empenho";"ORIGINAL";"02.745.352/0001-00 - MARZO VITORINO - INDUSTRIA E COMERCIO DE MOVEIS LTDA";"SP";"IFSP - CAMPUS JACAREI";"INST.FED.DE EDUC.,CIENC.E TEC.DE SAO PAULO";"Instituto Federal de Educação, Ciência e Tecnologia de São Paulo";"Ministério da Educação";"3.390,00";"4 - Investimentos";"52 - Equipamentos e Material Permanente";"90 - Aplicações Diretas";"0002 - PRONATEC";"0000";"12 - Educação";"363 - Ensino profissional";"20RG0035 - REESTRUTURACAO E MODERNIZACAO DAS INS - NO ESTADO DE SAO PAU";"2080 - EDUCACAO DE QUALIDADE PARA TODOS";"20RG - REESTRUTURACAO E MODERNIZACAO DAS INSTITUICOES DA REDE FEDERAL DE EDUCACAO PROFISSIONAL, CIENTIFICA E TECNOLOGICA";
"19/12/2017";"158716264392017NE800127";"0035 - REESTRUTURACAO E MODERNIZACAO DAS INS - NO ESTADO DE SAO PAU";"Empenho";"ORIGINAL";"02.745.352/0001-00 - MARZO VITORINO - INDUSTRIA E COMERCIO DE MOVEIS LTDA";"SP";"IFSP - CAMPUS JACAREI";"INST.FED.DE EDUC.,CIENC.E TEC.DE SAO PAULO";"Instituto Federal de Educação, Ciência e Tecnologia de São Paulo";"Ministério da Educação";"3.390,00";"4 - Investimentos";"52 - Equipamentos e Material Permanente";"90 - Aplicações Diretas";"0002 - PRONATEC";"0000";"12 - Educação";"363 - Ensino profissional";"20RG0035 - REESTRUTURACAO E MODERNIZACAO DAS INS - NO ESTADO DE SAO PAU";"2080 - EDUCACAO DE QUALIDADE PARA TODOS";"20RG - REESTRUTURACAO E MODERNIZACAO DAS INSTITUICOES DA REDE FEDERAL DE EDUCACAO PROFISSIONAL, CIENTIFICA E TECNOLOGICA";
"20/12/2017";"158716264392017NE800128";"0035 - REESTRUTURACAO E MODERNIZACAO DAS INS - NO ESTADO DE SAO PAU";"Empenho";"ORIGINAL";"89.237.911/0001-40 - GLOBAL DISTRIBUICAO DE BENS DE CONSUMO LTDA.";"RS";"IFSP - CAMPUS JACAREI";"INST.FED.DE EDUC.,CIENC.E TEC.DE SAO PAULO";"Instituto Federal de Educação, Ciência e Tecnologia de São Paulo";"Ministério da Educação";"4.125,00";"4 - Investimentos";"52 - Equipamentos e Material Permanente";"90 - Aplicações Diretas";"0002 - PRONATEC";"0000";"12 - Educação";"363 - Ensino profissional";"20RG0035 - REESTRUTURACAO E MODERNIZACAO DAS INS - NO ESTADO DE SAO PAU";"2080 - EDUCACAO DE QUALIDADE PARA TODOS";"20RG - REESTRUTURACAO E MODERNIZACAO DAS INSTITUICOES DA REDE FEDERAL DE EDUCACAO PROFISSIONAL, CIENTIFICA E TECNOLOGICA";
"20/12/2017";"158716264392017NE800129";"0035 - REESTRUTURACAO E MODERNIZACAO DAS INS - NO ESTADO DE SAO PAU";"Empenho";"ORIGINAL";"81.243.735/0019-77 - POSITIVO TECNOLOGIA S.A.";"AM";"IFSP - CAMPUS JACAREI";"INST.FED.DE EDUC.,CIENC.E TEC.DE SAO PAULO";"Instituto Federal de Educação, Ciência e Tecnologia de São Paulo";"Ministério da Educação";"65.331,00";"4 - Investimentos";"52 - Equipamentos e Material Permanente";"90 - Aplicações Diretas";"0002 - PRONATEC";"0000";"12 - Educação";"363 - Ensino profissional";"20RG0035 - REESTRUTURACAO E MODERNIZACAO DAS INS - NO ESTADO DE SAO PAU";"2080 - EDUCACAO DE QUALIDADE PARA TODOS";"20RG - REESTRUTURACAO E MODERNIZACAO DAS INSTITUICOES DA REDE FEDERAL DE EDUCACAO PROFISSIONAL, CIENTIFICA E TECNOLOGICA";
"21/12/2017";"158716264392017NE000056";"0035 - FUNCIONAMENTO DAS INSTITUICOES DA RED - NO ESTADO DE SAO PAU";"Empenho";"ANULAÇÃO";"158716 - IFSP - CAMPUS JACAREI";"SP";"IFSP - CAMPUS JACAREI";"INST.FED.DE EDUC.,CIENC.E TEC.DE SAO PAULO";"Instituto Federal de Educação, Ciência e Tecnologia de São Paulo";"Ministério da Educação";"130,18";"3 - Outras Despesas Correntes";"14 - Diárias - Civil";"90 - Aplicações Diretas";"0000 - FUNCIONAMENTO DE INSTITUICOES FEDERAIS DE EDUCACAO PROFISSIONAL E TECNOLOGICA - DESPESAS DIVERSAS";"0000";"12 - Educação";"363 - Ensino profissional";"20RL0035 - FUNCIONAMENTO DAS INSTITUICOES DA RED - NO ESTADO DE SAO PAU";"2080 - EDUCACAO DE QUALIDADE PARA TODOS";"20RL - FUNCIONAMENTO DAS INSTITUICOES DA REDE FEDERAL DE EDUCACAO PROFISSIONAL, CIENTIFICA E TECNOLOGICA";
"26/12/2017";"158716264392017NE800130";"0035 - REESTRUTURACAO E MODERNIZACAO DAS INS - NO ESTADO DE SAO PAU";"Empenho";"ORIGINAL";"26.986.607/0001-86 - CARLOS NETO COMERCIO DE LIVROS EIRELI";"SP";"IFSP - CAMPUS JACAREI";"INST.FED.DE EDUC.,CIENC.E TEC.DE SAO PAULO";"Instituto Federal de Educação, Ciência e Tecnologia de São Paulo";"Ministério da Educação";"35.000,00";"4 - Investimentos";"52 - Equipamentos e Material Permanente";"90 - Aplicações Diretas";"0002 - PRONATEC";"0000";"12 - Educação";"363 - Ensino profissional";"20RG0035 - REESTRUTURACAO E MODERNIZACAO DAS INS - NO ESTADO DE SAO PAU";"2080 - EDUCACAO DE QUALIDADE PARA TODOS";"20RG - REESTRUTURACAO E MODERNIZACAO DAS INSTITUICOES DA REDE FEDERAL DE EDUCACAO PROFISSIONAL, CIENTIFICA E TECNOLOGICA";
"26/12/2017";"158716264392017NE800131";"0035 - REESTRUTURACAO E MODERNIZACAO DAS INS - NO ESTADO DE SAO PAU";"Empenho";"ORIGINAL";"26.986.607/0001-86 - CARLOS NETO COMERCIO DE LIVROS EIRELI";"SP";"IFSP - CAMPUS JACAREI";"INST.FED.DE EDUC.,CIENC.E TEC.DE SAO PAULO";"Instituto Federal de Educação, Ciência e Tecnologia de São Paulo";"Ministério da Educação";"55.300,00";"4 - Investimentos";"52 - Equipamentos e Material Permanente";"90 - Aplicações Diretas";"0002 - PRONATEC";"0000";"12 - Educação";"363 - Ensino profissional";"20RG0035 - REESTRUTURACAO E MODERNIZACAO DAS INS - NO ESTADO DE SAO PAU";"2080 - EDUCACAO DE QUALIDADE PARA TODOS";"20RG - REESTRUTURACAO E MODERNIZACAO DAS INSTITUICOES DA REDE FEDERAL DE EDUCACAO PROFISSIONAL, CIENTIFICA E TECNOLOGICA";
"29/12/2017";"158716264392017NE800132";"0035 - REESTRUTURACAO E MODERNIZACAO DAS INS - NO ESTADO DE SAO PAU";"Empenho";"ORIGINAL";"10.713.114/0001-32 - SANTAFLEX COMERCIO DE MOVEIS LTDA";"GO";"IFSP - CAMPUS JACAREI";"INST.FED.DE EDUC.,CIENC.E TEC.DE SAO PAULO";"Instituto Federal de Educação, Ciência e Tecnologia de São Paulo";"Ministério da Educação";"2.158,00";"4 - Investimentos";"52 - Equipamentos e Material Permanente";"90 - Aplicações Diretas";"0002 - PRONATEC";"0000";"12 - Educação";"363 - Ensino profissional";"20RG0035 - REESTRUTURACAO E MODERNIZACAO DAS INS - NO ESTADO DE SAO PAU";"2080 - EDUCACAO DE QUALIDADE PARA TODOS";"20RG - REESTRUTURACAO E MODERNIZACAO DAS INSTITUICOES DA REDE FEDERAL DE EDUCACAO PROFISSIONAL, CIENTIFICA E TECNOLOGICA";
"29/12/2017";"158716264392017NE800133";"0035 - REESTRUTURACAO E MODERNIZACAO DAS INS - NO ESTADO DE SAO PAU";"Empenho";"ORIGINAL";"02.745.352/0001-00 - MARZO VITORINO - INDUSTRIA E COMERCIO DE MOVEIS LTDA";"SP";"IFSP - CAMPUS JACAREI";"INST.FED.DE EDUC.,CIENC.E TEC.DE SAO PAULO";"Instituto Federal de Educação, Ciência e Tecnologia de São Paulo";"Ministério da Educação";"2.850,00";"4 - Investimentos";"52 - Equipamentos e Material Permanente";"90 - Aplicações Diretas";"0002 - PRONATEC";"0000";"12 - Educação";"363 - Ensino profissional";"20RG0035 - REESTRUTURACAO E MODERNIZACAO DAS INS - NO ESTADO DE SAO PAU";"2080 - EDUCACAO DE QUALIDADE PARA TODOS";"20RG - REESTRUTURACAO E MODERNIZACAO DAS INSTITUICOES DA REDE FEDERAL DE EDUCACAO PROFISSIONAL, CIENTIFICA E TECNOLOGICA";
