"DATA";"DOCUMENTO";"LOCALIZADOR DO GASTO";"FASE";"ESPÉCIE";"Favorecido";"UF DO FAVORECIDO";"UG";"Unidade Orcamentária";"Órgão";"Órgão Superior";"VALOR";"Grupo de Despesa";"Elemento de Despesa";"Modalidade de Despesa";"Plano Orçamentário";"Autor da Emenda";"Função (Área de Atuação)";"Subfunção (Especificação da Área de Atuação)";"Subtítulo (Localizador)";"Programa de Governo";"Ação";
"21/01/2019";"158716264392019NE800001";"0035 - FUNCIONAMENTO DAS INSTITUICOES DA RED - NO ESTADO DE SAO PAU";"Empenho";"ORIGINAL";"39.818.737/0001-51 - HORTO CENTRAL MARATAIZES LTDA";"ES";"IFSP - CAMPUS JACAREI";"INST.FED.DE EDUC.,CIENC.E TEC.DE SAO PAULO";"Instituto Federal de Educação, Ciência e Tecnologia de São Paulo";"Ministério da Educação";"536,36";"3 - Outras Despesas Correntes";"32 - Material, Bem ou Serviço para Distribuição Gratuita";"90 - Aplicações Diretas";"0000 - FUNCIONAMENTO DE INSTITUICOES FEDERAIS DE EDUCACAO PROFISSIONAL E TECNOLOGICA - DESPESAS DIVERSAS";"0000";"12 - Educação";"363 - Ensino profissional";"20RL0035 - FUNCIONAMENTO DAS INSTITUICOES DA RED - NO ESTADO DE SAO PAU";"2080 - EDUCACAO DE QUALIDADE PARA TODOS";"20RL - FUNCIONAMENTO DAS INSTITUICOES DA REDE FEDERAL DE EDUCACAO PROFISSIONAL, CIENTIFICA E TECNOLOGICA";
"21/01/2019";"158716264392019NE800002";"0035 - FUNCIONAMENTO DAS INSTITUICOES DA RED - NO ESTADO DE SAO PAU";"Empenho";"ORIGINAL";"39.818.737/0001-51 - HORTO CENTRAL MARATAIZES LTDA";"ES";"IFSP - CAMPUS JACAREI";"INST.FED.DE EDUC.,CIENC.E TEC.DE SAO PAULO";"Instituto Federal de Educação, Ciência e Tecnologia de São Paulo";"Ministério da Educação";"8.880,00";"3 - Outras Despesas Correntes";"32 - Material, Bem ou Serviço para Distribuição Gratuita";"90 - Aplicações Diretas";"0000 - FUNCIONAMENTO DE INSTITUICOES FEDERAIS DE EDUCACAO PROFISSIONAL E TECNOLOGICA - DESPESAS DIVERSAS";"0000";"12 - Educação";"363 - Ensino profissional";"20RL0035 - FUNCIONAMENTO DAS INSTITUICOES DA RED - NO ESTADO DE SAO PAU";"2080 - EDUCACAO DE QUALIDADE PARA TODOS";"20RL - FUNCIONAMENTO DAS INSTITUICOES DA REDE FEDERAL DE EDUCACAO PROFISSIONAL, CIENTIFICA E TECNOLOGICA";
"21/01/2019";"158716264392019NE800003";"0035 - FUNCIONAMENTO DAS INSTITUICOES DA RED - NO ESTADO DE SAO PAU";"Empenho";"ORIGINAL";"22.910.732/0001-51 - ZANCO COMERCIO DE PAPEIS LTDA";"SP";"IFSP - CAMPUS JACAREI";"INST.FED.DE EDUC.,CIENC.E TEC.DE SAO PAULO";"Instituto Federal de Educação, Ciência e Tecnologia de São Paulo";"Ministério da Educação";"2.269,40";"3 - Outras Despesas Correntes";"30 - Material de Consumo";"90 - Aplicações Diretas";"0000 - FUNCIONAMENTO DE INSTITUICOES FEDERAIS DE EDUCACAO PROFISSIONAL E TECNOLOGICA - DESPESAS DIVERSAS";"0000";"12 - Educação";"363 - Ensino profissional";"20RL0035 - FUNCIONAMENTO DAS INSTITUICOES DA RED - NO ESTADO DE SAO PAU";"2080 - EDUCACAO DE QUALIDADE PARA TODOS";"20RL - FUNCIONAMENTO DAS INSTITUICOES DA REDE FEDERAL DE EDUCACAO PROFISSIONAL, CIENTIFICA E TECNOLOGICA";
"22/01/2019";"158716264392019NE800004";"0035 - FUNCIONAMENTO DAS INSTITUICOES DA RED - NO ESTADO DE SAO PAU";"Empenho";"ORIGINAL";"40.432.544/0001-47 - CLARO S.A.";"SP";"IFSP - CAMPUS JACAREI";"INST.FED.DE EDUC.,CIENC.E TEC.DE SAO PAULO";"Instituto Federal de Educação, Ciência e Tecnologia de São Paulo";"Ministério da Educação";"500,00";"3 - Outras Despesas Correntes";"39 - Outros Serviços de Terceiros - Pessoa Jurídica";"90 - Aplicações Diretas";"0000 - FUNCIONAMENTO DE INSTITUICOES FEDERAIS DE EDUCACAO PROFISSIONAL E TECNOLOGICA - DESPESAS DIVERSAS";"0000";"12 - Educação";"363 - Ensino profissional";"20RL0035 - FUNCIONAMENTO DAS INSTITUICOES DA RED - NO ESTADO DE SAO PAU";"2080 - EDUCACAO DE QUALIDADE PARA TODOS";"20RL - FUNCIONAMENTO DAS INSTITUICOES DA REDE FEDERAL DE EDUCACAO PROFISSIONAL, CIENTIFICA E TECNOLOGICA";
"24/01/2019";"158716264392019NE000001";"0035 - ASSISTENCIA AOS ESTUDANTES DA REDE FE - NO ESTADO DE SAO PAU";"Empenho";"ORIGINAL";"158716 - IFSP - CAMPUS JACAREI";"SP";"IFSP - CAMPUS JACAREI";"INST.FED.DE EDUC.,CIENC.E TEC.DE SAO PAULO";"Instituto Federal de Educação, Ciência e Tecnologia de São Paulo";"Ministério da Educação";"33.979,48";"3 - Outras Despesas Correntes";"18 - Auxílio Financeiro a Estudantes";"90 - Aplicações Diretas";"0001 - AUXILIO FINANCEIRO DE ASSISTENCIA ESTUDANTIL";"0000";"12 - Educação";"363 - Ensino profissional";"29940035 - ASSISTENCIA AOS ESTUDANTES DA REDE FE - NO ESTADO DE SAO PAU";"2080 - EDUCACAO DE QUALIDADE PARA TODOS";"2994 - ASSISTENCIA AOS ESTUDANTES DA REDE FEDERAL DE EDUCACAO PROFISSIONAL, CIENTIFICA E TECNOLOGICA";
"25/01/2019";"158716264392019NE800005";"0035 - FUNCIONAMENTO DAS INSTITUICOES DA RED - NO ESTADO DE SAO PAU";"Empenho";"ORIGINAL";"48.962.625/0001-60 - SAAE SERVICO AUTONOMO DE AGUA E ESGOTO DE JACAREI";"SP";"IFSP - CAMPUS JACAREI";"INST.FED.DE EDUC.,CIENC.E TEC.DE SAO PAULO";"Instituto Federal de Educação, Ciência e Tecnologia de São Paulo";"Ministério da Educação";"5.000,00";"3 - Outras Despesas Correntes";"39 - Outros Serviços de Terceiros - Pessoa Jurídica";"90 - Aplicações Diretas";"0000 - FUNCIONAMENTO DE INSTITUICOES FEDERAIS DE EDUCACAO PROFISSIONAL E TECNOLOGICA - DESPESAS DIVERSAS";"0000";"12 - Educação";"363 - Ensino profissional";"20RL0035 - FUNCIONAMENTO DAS INSTITUICOES DA RED - NO ESTADO DE SAO PAU";"2080 - EDUCACAO DE QUALIDADE PARA TODOS";"20RL - FUNCIONAMENTO DAS INSTITUICOES DA REDE FEDERAL DE EDUCACAO PROFISSIONAL, CIENTIFICA E TECNOLOGICA";
"25/01/2019";"158716264392019NE800006";"0035 - FUNCIONAMENTO DAS INSTITUICOES DA RED - NO ESTADO DE SAO PAU";"Empenho";"ORIGINAL";"02.302.100/0001-06 - EDP SAO PAULO DISTRIBUICAO DE ENERGIA S.A.";"SP";"IFSP - CAMPUS JACAREI";"INST.FED.DE EDUC.,CIENC.E TEC.DE SAO PAULO";"Instituto Federal de Educação, Ciência e Tecnologia de São Paulo";"Ministério da Educação";"8.333,33";"3 - Outras Despesas Correntes";"39 - Outros Serviços de Terceiros - Pessoa Jurídica";"90 - Aplicações Diretas";"0000 - FUNCIONAMENTO DE INSTITUICOES FEDERAIS DE EDUCACAO PROFISSIONAL E TECNOLOGICA - DESPESAS DIVERSAS";"0000";"12 - Educação";"363 - Ensino profissional";"20RL0035 - FUNCIONAMENTO DAS INSTITUICOES DA RED - NO ESTADO DE SAO PAU";"2080 - EDUCACAO DE QUALIDADE PARA TODOS";"20RL - FUNCIONAMENTO DAS INSTITUICOES DA REDE FEDERAL DE EDUCACAO PROFISSIONAL, CIENTIFICA E TECNOLOGICA";
"29/01/2019";"158716264392019NE800007";"0035 - FUNCIONAMENTO DAS INSTITUICOES DA RED - NO ESTADO DE SAO PAU";"Empenho";"ORIGINAL";"09.405.866/0001-57 - PEDRAZUL SERVICOS LTDA";"SP";"IFSP - CAMPUS JACAREI";"INST.FED.DE EDUC.,CIENC.E TEC.DE SAO PAULO";"Instituto Federal de Educação, Ciência e Tecnologia de São Paulo";"Ministério da Educação";"3.663,26";"3 - Outras Despesas Correntes";"37 - Locação de Mão-de-Obra";"90 - Aplicações Diretas";"0000 - FUNCIONAMENTO DE INSTITUICOES FEDERAIS DE EDUCACAO PROFISSIONAL E TECNOLOGICA - DESPESAS DIVERSAS";"0000";"12 - Educação";"363 - Ensino profissional";"20RL0035 - FUNCIONAMENTO DAS INSTITUICOES DA RED - NO ESTADO DE SAO PAU";"2080 - EDUCACAO DE QUALIDADE PARA TODOS";"20RL - FUNCIONAMENTO DAS INSTITUICOES DA REDE FEDERAL DE EDUCACAO PROFISSIONAL, CIENTIFICA E TECNOLOGICA";
"29/01/2019";"158716264392019NE800008";"0035 - FUNCIONAMENTO DAS INSTITUICOES DA RED - NO ESTADO DE SAO PAU";"Empenho";"ORIGINAL";"08.752.749/0001-05 - SAFEPRO SERVICOS LTDA";"SP";"IFSP - CAMPUS JACAREI";"INST.FED.DE EDUC.,CIENC.E TEC.DE SAO PAULO";"Instituto Federal de Educação, Ciência e Tecnologia de São Paulo";"Ministério da Educação";"37.041,58";"3 - Outras Despesas Correntes";"37 - Locação de Mão-de-Obra";"90 - Aplicações Diretas";"0000 - FUNCIONAMENTO DE INSTITUICOES FEDERAIS DE EDUCACAO PROFISSIONAL E TECNOLOGICA - DESPESAS DIVERSAS";"0000";"12 - Educação";"363 - Ensino profissional";"20RL0035 - FUNCIONAMENTO DAS INSTITUICOES DA RED - NO ESTADO DE SAO PAU";"2080 - EDUCACAO DE QUALIDADE PARA TODOS";"20RL - FUNCIONAMENTO DAS INSTITUICOES DA REDE FEDERAL DE EDUCACAO PROFISSIONAL, CIENTIFICA E TECNOLOGICA";
"30/01/2019";"158716264392019NE800009";"0035 - FUNCIONAMENTO DAS INSTITUICOES DA RED - NO ESTADO DE SAO PAU";"Empenho";"ORIGINAL";"20.191.043/0001-09 - CONSOLIDEZ SERVICOS DE LIMPEZA LTDA";"SP";"IFSP - CAMPUS JACAREI";"INST.FED.DE EDUC.,CIENC.E TEC.DE SAO PAULO";"Instituto Federal de Educação, Ciência e Tecnologia de São Paulo";"Ministério da Educação";"14.880,30";"3 - Outras Despesas Correntes";"37 - Locação de Mão-de-Obra";"90 - Aplicações Diretas";"0000 - FUNCIONAMENTO DE INSTITUICOES FEDERAIS DE EDUCACAO PROFISSIONAL E TECNOLOGICA - DESPESAS DIVERSAS";"0000";"12 - Educação";"363 - Ensino profissional";"20RL0035 - FUNCIONAMENTO DAS INSTITUICOES DA RED - NO ESTADO DE SAO PAU";"2080 - EDUCACAO DE QUALIDADE PARA TODOS";"20RL - FUNCIONAMENTO DAS INSTITUICOES DA REDE FEDERAL DE EDUCACAO PROFISSIONAL, CIENTIFICA E TECNOLOGICA";
"18/02/2019";"158716264392019NE000002";"0035 - FUNCIONAMENTO DAS INSTITUICOES DA RED - NO ESTADO DE SAO PAU";"Empenho";"ORIGINAL";"158716 - IFSP - CAMPUS JACAREI";"SP";"IFSP - CAMPUS JACAREI";"INST.FED.DE EDUC.,CIENC.E TEC.DE SAO PAULO";"Instituto Federal de Educação, Ciência e Tecnologia de São Paulo";"Ministério da Educação";"21,77";"3 - Outras Despesas Correntes";"18 - Auxílio Financeiro a Estudantes";"90 - Aplicações Diretas";"0000 - FUNCIONAMENTO DE INSTITUICOES FEDERAIS DE EDUCACAO PROFISSIONAL E TECNOLOGICA - DESPESAS DIVERSAS";"0000";"12 - Educação";"363 - Ensino profissional";"20RL0035 - FUNCIONAMENTO DAS INSTITUICOES DA RED - NO ESTADO DE SAO PAU";"2080 - EDUCACAO DE QUALIDADE PARA TODOS";"20RL - FUNCIONAMENTO DAS INSTITUICOES DA REDE FEDERAL DE EDUCACAO PROFISSIONAL, CIENTIFICA E TECNOLOGICA";
"22/02/2019";"158716264392019NE000003";"0035 - ASSISTENCIA AOS ESTUDANTES DA REDE FE - NO ESTADO DE SAO PAU";"Empenho";"REFORÇO";"158716 - IFSP - CAMPUS JACAREI";"SP";"IFSP - CAMPUS JACAREI";"INST.FED.DE EDUC.,CIENC.E TEC.DE SAO PAULO";"Instituto Federal de Educação, Ciência e Tecnologia de São Paulo";"Ministério da Educação";"33.979,49";"3 - Outras Despesas Correntes";"18 - Auxílio Financeiro a Estudantes";"90 - Aplicações Diretas";"0001 - AUXILIO FINANCEIRO DE ASSISTENCIA ESTUDANTIL";"0000";"12 - Educação";"363 - Ensino profissional";"29940035 - ASSISTENCIA AOS ESTUDANTES DA REDE FE - NO ESTADO DE SAO PAU";"2080 - EDUCACAO DE QUALIDADE PARA TODOS";"2994 - ASSISTENCIA AOS ESTUDANTES DA REDE FEDERAL DE EDUCACAO PROFISSIONAL, CIENTIFICA E TECNOLOGICA";
"22/02/2019";"158716264392019NE800010";"0035 - FUNCIONAMENTO DAS INSTITUICOES DA RED - NO ESTADO DE SAO PAU";"Empenho";"REFORÇO";"40.432.544/0001-47 - CLARO S.A.";"SP";"IFSP - CAMPUS JACAREI";"INST.FED.DE EDUC.,CIENC.E TEC.DE SAO PAULO";"Instituto Federal de Educação, Ciência e Tecnologia de São Paulo";"Ministério da Educação";"500,00";"3 - Outras Despesas Correntes";"39 - Outros Serviços de Terceiros - Pessoa Jurídica";"90 - Aplicações Diretas";"0000 - FUNCIONAMENTO DE INSTITUICOES FEDERAIS DE EDUCACAO PROFISSIONAL E TECNOLOGICA - DESPESAS DIVERSAS";"0000";"12 - Educação";"363 - Ensino profissional";"20RL0035 - FUNCIONAMENTO DAS INSTITUICOES DA RED - NO ESTADO DE SAO PAU";"2080 - EDUCACAO DE QUALIDADE PARA TODOS";"20RL - FUNCIONAMENTO DAS INSTITUICOES DA REDE FEDERAL DE EDUCACAO PROFISSIONAL, CIENTIFICA E TECNOLOGICA";
"22/02/2019";"158716264392019NE800011";"0035 - FUNCIONAMENTO DAS INSTITUICOES DA RED - NO ESTADO DE SAO PAU";"Empenho";"REFORÇO";"48.962.625/0001-60 - SAAE SERVICO AUTONOMO DE AGUA E ESGOTO DE JACAREI";"SP";"IFSP - CAMPUS JACAREI";"INST.FED.DE EDUC.,CIENC.E TEC.DE SAO PAULO";"Instituto Federal de Educação, Ciência e Tecnologia de São Paulo";"Ministério da Educação";"5.000,00";"3 - Outras Despesas Correntes";"39 - Outros Serviços de Terceiros - Pessoa Jurídica";"90 - Aplicações Diretas";"0000 - FUNCIONAMENTO DE INSTITUICOES FEDERAIS DE EDUCACAO PROFISSIONAL E TECNOLOGICA - DESPESAS DIVERSAS";"0000";"12 - Educação";"363 - Ensino profissional";"20RL0035 - FUNCIONAMENTO DAS INSTITUICOES DA RED - NO ESTADO DE SAO PAU";"2080 - EDUCACAO DE QUALIDADE PARA TODOS";"20RL - FUNCIONAMENTO DAS INSTITUICOES DA REDE FEDERAL DE EDUCACAO PROFISSIONAL, CIENTIFICA E TECNOLOGICA";
"22/02/2019";"158716264392019NE800012";"0035 - FUNCIONAMENTO DAS INSTITUICOES DA RED - NO ESTADO DE SAO PAU";"Empenho";"REFORÇO";"02.302.100/0001-06 - EDP SAO PAULO DISTRIBUICAO DE ENERGIA S.A.";"SP";"IFSP - CAMPUS JACAREI";"INST.FED.DE EDUC.,CIENC.E TEC.DE SAO PAULO";"Instituto Federal de Educação, Ciência e Tecnologia de São Paulo";"Ministério da Educação";"8.333,33";"3 - Outras Despesas Correntes";"39 - Outros Serviços de Terceiros - Pessoa Jurídica";"90 - Aplicações Diretas";"0000 - FUNCIONAMENTO DE INSTITUICOES FEDERAIS DE EDUCACAO PROFISSIONAL E TECNOLOGICA - DESPESAS DIVERSAS";"0000";"12 - Educação";"363 - Ensino profissional";"20RL0035 - FUNCIONAMENTO DAS INSTITUICOES DA RED - NO ESTADO DE SAO PAU";"2080 - EDUCACAO DE QUALIDADE PARA TODOS";"20RL - FUNCIONAMENTO DAS INSTITUICOES DA REDE FEDERAL DE EDUCACAO PROFISSIONAL, CIENTIFICA E TECNOLOGICA";
"22/02/2019";"158716264392019NE800013";"0035 - FUNCIONAMENTO DAS INSTITUICOES DA RED - NO ESTADO DE SAO PAU";"Empenho";"REFORÇO";"09.405.866/0001-57 - PEDRAZUL SERVICOS LTDA";"SP";"IFSP - CAMPUS JACAREI";"INST.FED.DE EDUC.,CIENC.E TEC.DE SAO PAULO";"Instituto Federal de Educação, Ciência e Tecnologia de São Paulo";"Ministério da Educação";"3.663,26";"3 - Outras Despesas Correntes";"37 - Locação de Mão-de-Obra";"90 - Aplicações Diretas";"0000 - FUNCIONAMENTO DE INSTITUICOES FEDERAIS DE EDUCACAO PROFISSIONAL E TECNOLOGICA - DESPESAS DIVERSAS";"0000";"12 - Educação";"363 - Ensino profissional";"20RL0035 - FUNCIONAMENTO DAS INSTITUICOES DA RED - NO ESTADO DE SAO PAU";"2080 - EDUCACAO DE QUALIDADE PARA TODOS";"20RL - FUNCIONAMENTO DAS INSTITUICOES DA REDE FEDERAL DE EDUCACAO PROFISSIONAL, CIENTIFICA E TECNOLOGICA";
"22/02/2019";"158716264392019NE800014";"0035 - FUNCIONAMENTO DAS INSTITUICOES DA RED - NO ESTADO DE SAO PAU";"Empenho";"REFORÇO";"08.752.749/0001-05 - SAFEPRO SERVICOS LTDA";"SP";"IFSP - CAMPUS JACAREI";"INST.FED.DE EDUC.,CIENC.E TEC.DE SAO PAULO";"Instituto Federal de Educação, Ciência e Tecnologia de São Paulo";"Ministério da Educação";"37.041,58";"3 - Outras Despesas Correntes";"37 - Locação de Mão-de-Obra";"90 - Aplicações Diretas";"0000 - FUNCIONAMENTO DE INSTITUICOES FEDERAIS DE EDUCACAO PROFISSIONAL E TECNOLOGICA - DESPESAS DIVERSAS";"0000";"12 - Educação";"363 - Ensino profissional";"20RL0035 - FUNCIONAMENTO DAS INSTITUICOES DA RED - NO ESTADO DE SAO PAU";"2080 - EDUCACAO DE QUALIDADE PARA TODOS";"20RL - FUNCIONAMENTO DAS INSTITUICOES DA REDE FEDERAL DE EDUCACAO PROFISSIONAL, CIENTIFICA E TECNOLOGICA";
"22/02/2019";"158716264392019NE800015";"0035 - FUNCIONAMENTO DAS INSTITUICOES DA RED - NO ESTADO DE SAO PAU";"Empenho";"REFORÇO";"20.191.043/0001-09 - CONSOLIDEZ SERVICOS DE LIMPEZA LTDA";"SP";"IFSP - CAMPUS JACAREI";"INST.FED.DE EDUC.,CIENC.E TEC.DE SAO PAULO";"Instituto Federal de Educação, Ciência e Tecnologia de São Paulo";"Ministério da Educação";"14.880,30";"3 - Outras Despesas Correntes";"37 - Locação de Mão-de-Obra";"90 - Aplicações Diretas";"0000 - FUNCIONAMENTO DE INSTITUICOES FEDERAIS DE EDUCACAO PROFISSIONAL E TECNOLOGICA - DESPESAS DIVERSAS";"0000";"12 - Educação";"363 - Ensino profissional";"20RL0035 - FUNCIONAMENTO DAS INSTITUICOES DA RED - NO ESTADO DE SAO PAU";"2080 - EDUCACAO DE QUALIDADE PARA TODOS";"20RL - FUNCIONAMENTO DAS INSTITUICOES DA REDE FEDERAL DE EDUCACAO PROFISSIONAL, CIENTIFICA E TECNOLOGICA";
"27/02/2019";"158716264392019NE000004";"0035 - FUNCIONAMENTO DAS INSTITUICOES DA RED - NO ESTADO DE SAO PAU";"Empenho";"REFORÇO";"158716 - IFSP - CAMPUS JACAREI";"SP";"IFSP - CAMPUS JACAREI";"INST.FED.DE EDUC.,CIENC.E TEC.DE SAO PAULO";"Instituto Federal de Educação, Ciência e Tecnologia de São Paulo";"Ministério da Educação";"9.578,23";"3 - Outras Despesas Correntes";"18 - Auxílio Financeiro a Estudantes";"90 - Aplicações Diretas";"0000 - FUNCIONAMENTO DE INSTITUICOES FEDERAIS DE EDUCACAO PROFISSIONAL E TECNOLOGICA - DESPESAS DIVERSAS";"0000";"12 - Educação";"363 - Ensino profissional";"20RL0035 - FUNCIONAMENTO DAS INSTITUICOES DA RED - NO ESTADO DE SAO PAU";"2080 - EDUCACAO DE QUALIDADE PARA TODOS";"20RL - FUNCIONAMENTO DAS INSTITUICOES DA REDE FEDERAL DE EDUCACAO PROFISSIONAL, CIENTIFICA E TECNOLOGICA";
"13/03/2019";"158716264392019NE000005";"0035 - FUNCIONAMENTO DAS INSTITUICOES DA RED - NO ESTADO DE SAO PAU";"Empenho";"ORIGINAL";"158716 - IFSP - CAMPUS JACAREI";"SP";"IFSP - CAMPUS JACAREI";"INST.FED.DE EDUC.,CIENC.E TEC.DE SAO PAULO";"Instituto Federal de Educação, Ciência e Tecnologia de São Paulo";"Ministério da Educação";"4.800,00";"3 - Outras Despesas Correntes";"18 - Auxílio Financeiro a Estudantes";"90 - Aplicações Diretas";"0000 - FUNCIONAMENTO DE INSTITUICOES FEDERAIS DE EDUCACAO PROFISSIONAL E TECNOLOGICA - DESPESAS DIVERSAS";"0000";"12 - Educação";"363 - Ensino profissional";"20RL0035 - FUNCIONAMENTO DAS INSTITUICOES DA RED - NO ESTADO DE SAO PAU";"2080 - EDUCACAO DE QUALIDADE PARA TODOS";"20RL - FUNCIONAMENTO DAS INSTITUICOES DA REDE FEDERAL DE EDUCACAO PROFISSIONAL, CIENTIFICA E TECNOLOGICA";
"22/03/2019";"158716264392019NE800016";"0035 - FUNCIONAMENTO DAS INSTITUICOES DA RED - NO ESTADO DE SAO PAU";"Empenho";"REFORÇO";"48.962.625/0001-60 - SAAE SERVICO AUTONOMO DE AGUA E ESGOTO DE JACAREI";"SP";"IFSP - CAMPUS JACAREI";"INST.FED.DE EDUC.,CIENC.E TEC.DE SAO PAULO";"Instituto Federal de Educação, Ciência e Tecnologia de São Paulo";"Ministério da Educação";"3.385,46";"3 - Outras Despesas Correntes";"39 - Outros Serviços de Terceiros - Pessoa Jurídica";"90 - Aplicações Diretas";"0000 - FUNCIONAMENTO DE INSTITUICOES FEDERAIS DE EDUCACAO PROFISSIONAL E TECNOLOGICA - DESPESAS DIVERSAS";"0000";"12 - Educação";"363 - Ensino profissional";"20RL0035 - FUNCIONAMENTO DAS INSTITUICOES DA RED - NO ESTADO DE SAO PAU";"2080 - EDUCACAO DE QUALIDADE PARA TODOS";"20RL - FUNCIONAMENTO DAS INSTITUICOES DA REDE FEDERAL DE EDUCACAO PROFISSIONAL, CIENTIFICA E TECNOLOGICA";
"26/03/2019";"158716264392019NE000006";"0035 - ASSISTENCIA AOS ESTUDANTES DA REDE FE - NO ESTADO DE SAO PAU";"Empenho";"REFORÇO";"158716 - IFSP - CAMPUS JACAREI";"SP";"IFSP - CAMPUS JACAREI";"INST.FED.DE EDUC.,CIENC.E TEC.DE SAO PAULO";"Instituto Federal de Educação, Ciência e Tecnologia de São Paulo";"Ministério da Educação";"15.823,03";"3 - Outras Despesas Correntes";"18 - Auxílio Financeiro a Estudantes";"90 - Aplicações Diretas";"0001 - AUXILIO FINANCEIRO DE ASSISTENCIA ESTUDANTIL";"0000";"12 - Educação";"363 - Ensino profissional";"29940035 - ASSISTENCIA AOS ESTUDANTES DA REDE FE - NO ESTADO DE SAO PAU";"2080 - EDUCACAO DE QUALIDADE PARA TODOS";"2994 - ASSISTENCIA AOS ESTUDANTES DA REDE FEDERAL DE EDUCACAO PROFISSIONAL, CIENTIFICA E TECNOLOGICA";
"04/04/2019";"158716264392019NE000007";"0035 - ASSISTENCIA AOS ESTUDANTES DA REDE FE - NO ESTADO DE SAO PAU";"Empenho";"REFORÇO";"158716 - IFSP - CAMPUS JACAREI";"SP";"IFSP - CAMPUS JACAREI";"INST.FED.DE EDUC.,CIENC.E TEC.DE SAO PAULO";"Instituto Federal de Educação, Ciência e Tecnologia de São Paulo";"Ministério da Educação";"79.319,51";"3 - Outras Despesas Correntes";"18 - Auxílio Financeiro a Estudantes";"90 - Aplicações Diretas";"0001 - AUXILIO FINANCEIRO DE ASSISTENCIA ESTUDANTIL";"0000";"12 - Educação";"363 - Ensino profissional";"29940035 - ASSISTENCIA AOS ESTUDANTES DA REDE FE - NO ESTADO DE SAO PAU";"2080 - EDUCACAO DE QUALIDADE PARA TODOS";"2994 - ASSISTENCIA AOS ESTUDANTES DA REDE FEDERAL DE EDUCACAO PROFISSIONAL, CIENTIFICA E TECNOLOGICA";
"09/04/2019";"158716264392019NE800017";"0035 - FUNCIONAMENTO DAS INSTITUICOES DA RED - NO ESTADO DE SAO PAU";"Empenho";"REFORÇO";"48.962.625/0001-60 - SAAE SERVICO AUTONOMO DE AGUA E ESGOTO DE JACAREI";"SP";"IFSP - CAMPUS JACAREI";"INST.FED.DE EDUC.,CIENC.E TEC.DE SAO PAULO";"Instituto Federal de Educação, Ciência e Tecnologia de São Paulo";"Ministério da Educação";"9.528,86";"3 - Outras Despesas Correntes";"39 - Outros Serviços de Terceiros - Pessoa Jurídica";"90 - Aplicações Diretas";"0000 - FUNCIONAMENTO DE INSTITUICOES FEDERAIS DE EDUCACAO PROFISSIONAL E TECNOLOGICA - DESPESAS DIVERSAS";"0000";"12 - Educação";"363 - Ensino profissional";"20RL0035 - FUNCIONAMENTO DAS INSTITUICOES DA RED - NO ESTADO DE SAO PAU";"2080 - EDUCACAO DE QUALIDADE PARA TODOS";"20RL - FUNCIONAMENTO DAS INSTITUICOES DA REDE FEDERAL DE EDUCACAO PROFISSIONAL, CIENTIFICA E TECNOLOGICA";
"12/04/2019";"158716264392019NE800018";"0035 - FUNCIONAMENTO DAS INSTITUICOES DA RED - NO ESTADO DE SAO PAU";"Empenho";"REFORÇO";"48.962.625/0001-60 - SAAE SERVICO AUTONOMO DE AGUA E ESGOTO DE JACAREI";"SP";"IFSP - CAMPUS JACAREI";"INST.FED.DE EDUC.,CIENC.E TEC.DE SAO PAULO";"Instituto Federal de Educação, Ciência e Tecnologia de São Paulo";"Ministério da Educação";"10.471,14";"3 - Outras Despesas Correntes";"39 - Outros Serviços de Terceiros - Pessoa Jurídica";"90 - Aplicações Diretas";"0000 - FUNCIONAMENTO DE INSTITUICOES FEDERAIS DE EDUCACAO PROFISSIONAL E TECNOLOGICA - DESPESAS DIVERSAS";"0000";"12 - Educação";"363 - Ensino profissional";"20RL0035 - FUNCIONAMENTO DAS INSTITUICOES DA RED - NO ESTADO DE SAO PAU";"2080 - EDUCACAO DE QUALIDADE PARA TODOS";"20RL - FUNCIONAMENTO DAS INSTITUICOES DA REDE FEDERAL DE EDUCACAO PROFISSIONAL, CIENTIFICA E TECNOLOGICA";
"12/04/2019";"158716264392019NE800019";"0035 - FUNCIONAMENTO DAS INSTITUICOES DA RED - NO ESTADO DE SAO PAU";"Empenho";"REFORÇO";"40.432.544/0001-47 - CLARO S.A.";"SP";"IFSP - CAMPUS JACAREI";"INST.FED.DE EDUC.,CIENC.E TEC.DE SAO PAULO";"Instituto Federal de Educação, Ciência e Tecnologia de São Paulo";"Ministério da Educação";"2.000,00";"3 - Outras Despesas Correntes";"39 - Outros Serviços de Terceiros - Pessoa Jurídica";"90 - Aplicações Diretas";"0000 - FUNCIONAMENTO DE INSTITUICOES FEDERAIS DE EDUCACAO PROFISSIONAL E TECNOLOGICA - DESPESAS DIVERSAS";"0000";"12 - Educação";"363 - Ensino profissional";"20RL0035 - FUNCIONAMENTO DAS INSTITUICOES DA RED - NO ESTADO DE SAO PAU";"2080 - EDUCACAO DE QUALIDADE PARA TODOS";"20RL - FUNCIONAMENTO DAS INSTITUICOES DA REDE FEDERAL DE EDUCACAO PROFISSIONAL, CIENTIFICA E TECNOLOGICA";
"12/04/2019";"158716264392019NE800020";"0035 - FUNCIONAMENTO DAS INSTITUICOES DA RED - NO ESTADO DE SAO PAU";"Empenho";"REFORÇO";"02.302.100/0001-06 - EDP SAO PAULO DISTRIBUICAO DE ENERGIA S.A.";"SP";"IFSP - CAMPUS JACAREI";"INST.FED.DE EDUC.,CIENC.E TEC.DE SAO PAULO";"Instituto Federal de Educação, Ciência e Tecnologia de São Paulo";"Ministério da Educação";"33.333,84";"3 - Outras Despesas Correntes";"39 - Outros Serviços de Terceiros - Pessoa Jurídica";"90 - Aplicações Diretas";"0000 - FUNCIONAMENTO DE INSTITUICOES FEDERAIS DE EDUCACAO PROFISSIONAL E TECNOLOGICA - DESPESAS DIVERSAS";"0000";"12 - Educação";"363 - Ensino profissional";"20RL0035 - FUNCIONAMENTO DAS INSTITUICOES DA RED - NO ESTADO DE SAO PAU";"2080 - EDUCACAO DE QUALIDADE PARA TODOS";"20RL - FUNCIONAMENTO DAS INSTITUICOES DA REDE FEDERAL DE EDUCACAO PROFISSIONAL, CIENTIFICA E TECNOLOGICA";
"12/04/2019";"158716264392019NE800021";"0035 - FUNCIONAMENTO DAS INSTITUICOES DA RED - NO ESTADO DE SAO PAU";"Empenho";"REFORÇO";"09.405.866/0001-57 - PEDRAZUL SERVICOS LTDA";"SP";"IFSP - CAMPUS JACAREI";"INST.FED.DE EDUC.,CIENC.E TEC.DE SAO PAULO";"Instituto Federal de Educação, Ciência e Tecnologia de São Paulo";"Ministério da Educação";"14.653,04";"3 - Outras Despesas Correntes";"37 - Locação de Mão-de-Obra";"90 - Aplicações Diretas";"0000 - FUNCIONAMENTO DE INSTITUICOES FEDERAIS DE EDUCACAO PROFISSIONAL E TECNOLOGICA - DESPESAS DIVERSAS";"0000";"12 - Educação";"363 - Ensino profissional";"20RL0035 - FUNCIONAMENTO DAS INSTITUICOES DA RED - NO ESTADO DE SAO PAU";"2080 - EDUCACAO DE QUALIDADE PARA TODOS";"20RL - FUNCIONAMENTO DAS INSTITUICOES DA REDE FEDERAL DE EDUCACAO PROFISSIONAL, CIENTIFICA E TECNOLOGICA";
"12/04/2019";"158716264392019NE800022";"0035 - FUNCIONAMENTO DAS INSTITUICOES DA RED - NO ESTADO DE SAO PAU";"Empenho";"REFORÇO";"20.191.043/0001-09 - CONSOLIDEZ SERVICOS DE LIMPEZA LTDA";"SP";"IFSP - CAMPUS JACAREI";"INST.FED.DE EDUC.,CIENC.E TEC.DE SAO PAULO";"Instituto Federal de Educação, Ciência e Tecnologia de São Paulo";"Ministério da Educação";"44.640,90";"3 - Outras Despesas Correntes";"37 - Locação de Mão-de-Obra";"90 - Aplicações Diretas";"0000 - FUNCIONAMENTO DE INSTITUICOES FEDERAIS DE EDUCACAO PROFISSIONAL E TECNOLOGICA - DESPESAS DIVERSAS";"0000";"12 - Educação";"363 - Ensino profissional";"20RL0035 - FUNCIONAMENTO DAS INSTITUICOES DA RED - NO ESTADO DE SAO PAU";"2080 - EDUCACAO DE QUALIDADE PARA TODOS";"20RL - FUNCIONAMENTO DAS INSTITUICOES DA REDE FEDERAL DE EDUCACAO PROFISSIONAL, CIENTIFICA E TECNOLOGICA";
"12/04/2019";"158716264392019NE800023";"0035 - FUNCIONAMENTO DAS INSTITUICOES DA RED - NO ESTADO DE SAO PAU";"Empenho";"REFORÇO";"08.752.749/0001-05 - SAFEPRO SERVICOS LTDA";"SP";"IFSP - CAMPUS JACAREI";"INST.FED.DE EDUC.,CIENC.E TEC.DE SAO PAULO";"Instituto Federal de Educação, Ciência e Tecnologia de São Paulo";"Ministério da Educação";"148.166,32";"3 - Outras Despesas Correntes";"37 - Locação de Mão-de-Obra";"90 - Aplicações Diretas";"0000 - FUNCIONAMENTO DE INSTITUICOES FEDERAIS DE EDUCACAO PROFISSIONAL E TECNOLOGICA - DESPESAS DIVERSAS";"0000";"12 - Educação";"363 - Ensino profissional";"20RL0035 - FUNCIONAMENTO DAS INSTITUICOES DA RED - NO ESTADO DE SAO PAU";"2080 - EDUCACAO DE QUALIDADE PARA TODOS";"20RL - FUNCIONAMENTO DAS INSTITUICOES DA REDE FEDERAL DE EDUCACAO PROFISSIONAL, CIENTIFICA E TECNOLOGICA";
"15/04/2019";"158716264392019NE000008";"0035 - FUNCIONAMENTO DAS INSTITUICOES DA RED - NO ESTADO DE SAO PAU";"Empenho";"ORIGINAL";"158716 - IFSP - CAMPUS JACAREI";"SP";"IFSP - CAMPUS JACAREI";"INST.FED.DE EDUC.,CIENC.E TEC.DE SAO PAULO";"Instituto Federal de Educação, Ciência e Tecnologia de São Paulo";"Ministério da Educação";"8.000,00";"3 - Outras Despesas Correntes";"18 - Auxílio Financeiro a Estudantes";"90 - Aplicações Diretas";"0000 - FUNCIONAMENTO DE INSTITUICOES FEDERAIS DE EDUCACAO PROFISSIONAL E TECNOLOGICA - DESPESAS DIVERSAS";"0000";"12 - Educação";"363 - Ensino profissional";"20RL0035 - FUNCIONAMENTO DAS INSTITUICOES DA RED - NO ESTADO DE SAO PAU";"2080 - EDUCACAO DE QUALIDADE PARA TODOS";"20RL - FUNCIONAMENTO DAS INSTITUICOES DA REDE FEDERAL DE EDUCACAO PROFISSIONAL, CIENTIFICA E TECNOLOGICA";
"15/04/2019";"158716264392019NE000009";"0035 - FUNCIONAMENTO DAS INSTITUICOES DA RED - NO ESTADO DE SAO PAU";"Empenho";"ORIGINAL";"158716 - IFSP - CAMPUS JACAREI";"SP";"IFSP - CAMPUS JACAREI";"INST.FED.DE EDUC.,CIENC.E TEC.DE SAO PAULO";"Instituto Federal de Educação, Ciência e Tecnologia de São Paulo";"Ministério da Educação";"8.000,00";"3 - Outras Despesas Correntes";"18 - Auxílio Financeiro a Estudantes";"90 - Aplicações Diretas";"0000 - FUNCIONAMENTO DE INSTITUICOES FEDERAIS DE EDUCACAO PROFISSIONAL E TECNOLOGICA - DESPESAS DIVERSAS";"0000";"12 - Educação";"363 - Ensino profissional";"20RL0035 - FUNCIONAMENTO DAS INSTITUICOES DA RED - NO ESTADO DE SAO PAU";"2080 - EDUCACAO DE QUALIDADE PARA TODOS";"20RL - FUNCIONAMENTO DAS INSTITUICOES DA REDE FEDERAL DE EDUCACAO PROFISSIONAL, CIENTIFICA E TECNOLOGICA";
"17/04/2019";"158716264392019NE000010";"0035 - FUNCIONAMENTO DAS INSTITUICOES DA RED - NO ESTADO DE SAO PAU";"Empenho";"ORIGINAL";"158716 - IFSP - CAMPUS JACAREI";"SP";"IFSP - CAMPUS JACAREI";"INST.FED.DE EDUC.,CIENC.E TEC.DE SAO PAULO";"Instituto Federal de Educação, Ciência e Tecnologia de São Paulo";"Ministério da Educação";"1.400,00";"3 - Outras Despesas Correntes";"20 - Auxílio Financeiro a Pesquisadores";"90 - Aplicações Diretas";"0000 - FUNCIONAMENTO DE INSTITUICOES FEDERAIS DE EDUCACAO PROFISSIONAL E TECNOLOGICA - DESPESAS DIVERSAS";"0000";"12 - Educação";"363 - Ensino profissional";"20RL0035 - FUNCIONAMENTO DAS INSTITUICOES DA RED - NO ESTADO DE SAO PAU";"2080 - EDUCACAO DE QUALIDADE PARA TODOS";"20RL - FUNCIONAMENTO DAS INSTITUICOES DA REDE FEDERAL DE EDUCACAO PROFISSIONAL, CIENTIFICA E TECNOLOGICA";
"16/05/2019";"158716264392019NE800024";"0035 - FUNCIONAMENTO DAS INSTITUICOES DA RED - NO ESTADO DE SAO PAU";"Empenho";"REFORÇO";"48.962.625/0001-60 - SAAE SERVICO AUTONOMO DE AGUA E ESGOTO DE JACAREI";"SP";"IFSP - CAMPUS JACAREI";"INST.FED.DE EDUC.,CIENC.E TEC.DE SAO PAULO";"Instituto Federal de Educação, Ciência e Tecnologia de São Paulo";"Ministério da Educação";"1.400,00";"3 - Outras Despesas Correntes";"39 - Outros Serviços de Terceiros - Pessoa Jurídica";"90 - Aplicações Diretas";"0000 - FUNCIONAMENTO DE INSTITUICOES FEDERAIS DE EDUCACAO PROFISSIONAL E TECNOLOGICA - DESPESAS DIVERSAS";"0000";"12 - Educação";"363 - Ensino profissional";"20RL0035 - FUNCIONAMENTO DAS INSTITUICOES DA RED - NO ESTADO DE SAO PAU";"2080 - EDUCACAO DE QUALIDADE PARA TODOS";"20RL - FUNCIONAMENTO DAS INSTITUICOES DA REDE FEDERAL DE EDUCACAO PROFISSIONAL, CIENTIFICA E TECNOLOGICA";
"27/05/2019";"158716264392019NE800025";"0035 - FUNCIONAMENTO DAS INSTITUICOES DA RED - NO ESTADO DE SAO PAU";"Empenho";"ANULAÇÃO";"08.752.749/0001-05 - SAFEPRO SERVICOS LTDA";"SP";"IFSP - CAMPUS JACAREI";"INST.FED.DE EDUC.,CIENC.E TEC.DE SAO PAULO";"Instituto Federal de Educação, Ciência e Tecnologia de São Paulo";"Ministério da Educação";"54.080,50";"3 - Outras Despesas Correntes";"37 - Locação de Mão-de-Obra";"90 - Aplicações Diretas";"0000 - FUNCIONAMENTO DE INSTITUICOES FEDERAIS DE EDUCACAO PROFISSIONAL E TECNOLOGICA - DESPESAS DIVERSAS";"0000";"12 - Educação";"363 - Ensino profissional";"20RL0035 - FUNCIONAMENTO DAS INSTITUICOES DA RED - NO ESTADO DE SAO PAU";"2080 - EDUCACAO DE QUALIDADE PARA TODOS";"20RL - FUNCIONAMENTO DAS INSTITUICOES DA REDE FEDERAL DE EDUCACAO PROFISSIONAL, CIENTIFICA E TECNOLOGICA";
"29/05/2019";"158716264392019NE000011";"0035 - ASSISTENCIA AOS ESTUDANTES DA REDE FE - NO ESTADO DE SAO PAU";"Empenho";"REFORÇO";"158716 - IFSP - CAMPUS JACAREI";"SP";"IFSP - CAMPUS JACAREI";"INST.FED.DE EDUC.,CIENC.E TEC.DE SAO PAULO";"Instituto Federal de Educação, Ciência e Tecnologia de São Paulo";"Ministério da Educação";"54.080,50";"3 - Outras Despesas Correntes";"18 - Auxílio Financeiro a Estudantes";"90 - Aplicações Diretas";"0001 - AUXILIO FINANCEIRO DE ASSISTENCIA ESTUDANTIL";"0000";"12 - Educação";"363 - Ensino profissional";"29940035 - ASSISTENCIA AOS ESTUDANTES DA REDE FE - NO ESTADO DE SAO PAU";"2080 - EDUCACAO DE QUALIDADE PARA TODOS";"2994 - ASSISTENCIA AOS ESTUDANTES DA REDE FEDERAL DE EDUCACAO PROFISSIONAL, CIENTIFICA E TECNOLOGICA";
"30/05/2019";"158716264392019NE800026";"0035 - FUNCIONAMENTO DAS INSTITUICOES DA RED - NO ESTADO DE SAO PAU";"Empenho";"ORIGINAL";"06.193.748/0001-34 - FAVERO E ESTEVES EQUIPAMENTOS DE SEGURANCA LTDA";"SP";"IFSP - CAMPUS JACAREI";"INST.FED.DE EDUC.,CIENC.E TEC.DE SAO PAULO";"Instituto Federal de Educação, Ciência e Tecnologia de São Paulo";"Ministério da Educação";"661,00";"3 - Outras Despesas Correntes";"30 - Material de Consumo";"90 - Aplicações Diretas";"0000 - FUNCIONAMENTO DE INSTITUICOES FEDERAIS DE EDUCACAO PROFISSIONAL E TECNOLOGICA - DESPESAS DIVERSAS";"0000";"12 - Educação";"363 - Ensino profissional";"20RL0035 - FUNCIONAMENTO DAS INSTITUICOES DA RED - NO ESTADO DE SAO PAU";"2080 - EDUCACAO DE QUALIDADE PARA TODOS";"20RL - FUNCIONAMENTO DAS INSTITUICOES DA REDE FEDERAL DE EDUCACAO PROFISSIONAL, CIENTIFICA E TECNOLOGICA";
"30/05/2019";"158716264392019NE800027";"0035 - FUNCIONAMENTO DAS INSTITUICOES DA RED - NO ESTADO DE SAO PAU";"Empenho";"ORIGINAL";"06.193.748/0001-34 - FAVERO E ESTEVES EQUIPAMENTOS DE SEGURANCA LTDA";"SP";"IFSP - CAMPUS JACAREI";"INST.FED.DE EDUC.,CIENC.E TEC.DE SAO PAULO";"Instituto Federal de Educação, Ciência e Tecnologia de São Paulo";"Ministério da Educação";"29,90";"3 - Outras Despesas Correntes";"39 - Outros Serviços de Terceiros - Pessoa Jurídica";"90 - Aplicações Diretas";"0000 - FUNCIONAMENTO DE INSTITUICOES FEDERAIS DE EDUCACAO PROFISSIONAL E TECNOLOGICA - DESPESAS DIVERSAS";"0000";"12 - Educação";"363 - Ensino profissional";"20RL0035 - FUNCIONAMENTO DAS INSTITUICOES DA RED - NO ESTADO DE SAO PAU";"2080 - EDUCACAO DE QUALIDADE PARA TODOS";"20RL - FUNCIONAMENTO DAS INSTITUICOES DA REDE FEDERAL DE EDUCACAO PROFISSIONAL, CIENTIFICA E TECNOLOGICA";
"31/05/2019";"158716264392019NE000012";"0035 - FUNCIONAMENTO DAS INSTITUICOES DA RED - NO ESTADO DE SAO PAU";"Empenho";"REFORÇO";"158716 - IFSP - CAMPUS JACAREI";"SP";"IFSP - CAMPUS JACAREI";"INST.FED.DE EDUC.,CIENC.E TEC.DE SAO PAULO";"Instituto Federal de Educação, Ciência e Tecnologia de São Paulo";"Ministério da Educação";"4.800,00";"3 - Outras Despesas Correntes";"18 - Auxílio Financeiro a Estudantes";"90 - Aplicações Diretas";"0000 - FUNCIONAMENTO DE INSTITUICOES FEDERAIS DE EDUCACAO PROFISSIONAL E TECNOLOGICA - DESPESAS DIVERSAS";"0000";"12 - Educação";"363 - Ensino profissional";"20RL0035 - FUNCIONAMENTO DAS INSTITUICOES DA RED - NO ESTADO DE SAO PAU";"2080 - EDUCACAO DE QUALIDADE PARA TODOS";"20RL - FUNCIONAMENTO DAS INSTITUICOES DA REDE FEDERAL DE EDUCACAO PROFISSIONAL, CIENTIFICA E TECNOLOGICA";
"31/05/2019";"158716264392019NE800028";"0035 - FUNCIONAMENTO DAS INSTITUICOES DA RED - NO ESTADO DE SAO PAU";"Empenho";"REFORÇO";"48.962.625/0001-60 - SAAE SERVICO AUTONOMO DE AGUA E ESGOTO DE JACAREI";"SP";"IFSP - CAMPUS JACAREI";"INST.FED.DE EDUC.,CIENC.E TEC.DE SAO PAULO";"Instituto Federal de Educação, Ciência e Tecnologia de São Paulo";"Ministério da Educação";"2.600,00";"3 - Outras Despesas Correntes";"39 - Outros Serviços de Terceiros - Pessoa Jurídica";"90 - Aplicações Diretas";"0000 - FUNCIONAMENTO DE INSTITUICOES FEDERAIS DE EDUCACAO PROFISSIONAL E TECNOLOGICA - DESPESAS DIVERSAS";"0000";"12 - Educação";"363 - Ensino profissional";"20RL0035 - FUNCIONAMENTO DAS INSTITUICOES DA RED - NO ESTADO DE SAO PAU";"2080 - EDUCACAO DE QUALIDADE PARA TODOS";"20RL - FUNCIONAMENTO DAS INSTITUICOES DA REDE FEDERAL DE EDUCACAO PROFISSIONAL, CIENTIFICA E TECNOLOGICA";
"04/06/2019";"158716264392019NE800029";"0035 - FUNCIONAMENTO DAS INSTITUICOES DA RED - NO ESTADO DE SAO PAU";"Empenho";"ORIGINAL";"06.193.748/0001-34 - FAVERO E ESTEVES EQUIPAMENTOS DE SEGURANCA LTDA";"SP";"IFSP - CAMPUS JACAREI";"INST.FED.DE EDUC.,CIENC.E TEC.DE SAO PAULO";"Instituto Federal de Educação, Ciência e Tecnologia de São Paulo";"Ministério da Educação";"1.097,00";"4 - Investimentos";"52 - Equipamentos e Material Permanente";"90 - Aplicações Diretas";"0000 - FUNCIONAMENTO DE INSTITUICOES FEDERAIS DE EDUCACAO PROFISSIONAL E TECNOLOGICA - DESPESAS DIVERSAS";"0000";"12 - Educação";"363 - Ensino profissional";"20RL0035 - FUNCIONAMENTO DAS INSTITUICOES DA RED - NO ESTADO DE SAO PAU";"2080 - EDUCACAO DE QUALIDADE PARA TODOS";"20RL - FUNCIONAMENTO DAS INSTITUICOES DA REDE FEDERAL DE EDUCACAO PROFISSIONAL, CIENTIFICA E TECNOLOGICA";
"18/06/2019";"158716264392019NE000013";"0035 - FUNCIONAMENTO DAS INSTITUICOES DA RED - NO ESTADO DE SAO PAU";"Empenho";"REFORÇO";"158716 - IFSP - CAMPUS JACAREI";"SP";"IFSP - CAMPUS JACAREI";"INST.FED.DE EDUC.,CIENC.E TEC.DE SAO PAULO";"Instituto Federal de Educação, Ciência e Tecnologia de São Paulo";"Ministério da Educação";"2.800,00";"3 - Outras Despesas Correntes";"18 - Auxílio Financeiro a Estudantes";"90 - Aplicações Diretas";"0000 - FUNCIONAMENTO DE INSTITUICOES FEDERAIS DE EDUCACAO PROFISSIONAL E TECNOLOGICA - DESPESAS DIVERSAS";"0000";"12 - Educação";"363 - Ensino profissional";"20RL0035 - FUNCIONAMENTO DAS INSTITUICOES DA RED - NO ESTADO DE SAO PAU";"2080 - EDUCACAO DE QUALIDADE PARA TODOS";"20RL - FUNCIONAMENTO DAS INSTITUICOES DA REDE FEDERAL DE EDUCACAO PROFISSIONAL, CIENTIFICA E TECNOLOGICA";
"18/06/2019";"158716264392019NE000014";"0035 - FUNCIONAMENTO DAS INSTITUICOES DA RED - NO ESTADO DE SAO PAU";"Empenho";"REFORÇO";"158716 - IFSP - CAMPUS JACAREI";"SP";"IFSP - CAMPUS JACAREI";"INST.FED.DE EDUC.,CIENC.E TEC.DE SAO PAULO";"Instituto Federal de Educação, Ciência e Tecnologia de São Paulo";"Ministério da Educação";"1.900,00";"3 - Outras Despesas Correntes";"18 - Auxílio Financeiro a Estudantes";"90 - Aplicações Diretas";"0000 - FUNCIONAMENTO DE INSTITUICOES FEDERAIS DE EDUCACAO PROFISSIONAL E TECNOLOGICA - DESPESAS DIVERSAS";"0000";"12 - Educação";"363 - Ensino profissional";"20RL0035 - FUNCIONAMENTO DAS INSTITUICOES DA RED - NO ESTADO DE SAO PAU";"2080 - EDUCACAO DE QUALIDADE PARA TODOS";"20RL - FUNCIONAMENTO DAS INSTITUICOES DA REDE FEDERAL DE EDUCACAO PROFISSIONAL, CIENTIFICA E TECNOLOGICA";
"18/06/2019";"158716264392019NE000015";"0035 - FUNCIONAMENTO DAS INSTITUICOES DA RED - NO ESTADO DE SAO PAU";"Empenho";"REFORÇO";"158716 - IFSP - CAMPUS JACAREI";"SP";"IFSP - CAMPUS JACAREI";"INST.FED.DE EDUC.,CIENC.E TEC.DE SAO PAULO";"Instituto Federal de Educação, Ciência e Tecnologia de São Paulo";"Ministério da Educação";"4.800,00";"3 - Outras Despesas Correntes";"18 - Auxílio Financeiro a Estudantes";"90 - Aplicações Diretas";"0000 - FUNCIONAMENTO DE INSTITUICOES FEDERAIS DE EDUCACAO PROFISSIONAL E TECNOLOGICA - DESPESAS DIVERSAS";"0000";"12 - Educação";"363 - Ensino profissional";"20RL0035 - FUNCIONAMENTO DAS INSTITUICOES DA RED - NO ESTADO DE SAO PAU";"2080 - EDUCACAO DE QUALIDADE PARA TODOS";"20RL - FUNCIONAMENTO DAS INSTITUICOES DA REDE FEDERAL DE EDUCACAO PROFISSIONAL, CIENTIFICA E TECNOLOGICA";
"18/06/2019";"158716264392019NE800030";"0035 - FUNCIONAMENTO DAS INSTITUICOES DA RED - NO ESTADO DE SAO PAU";"Empenho";"REFORÇO";"09.405.866/0001-57 - PEDRAZUL SERVICOS LTDA";"SP";"IFSP - CAMPUS JACAREI";"INST.FED.DE EDUC.,CIENC.E TEC.DE SAO PAULO";"Instituto Federal de Educação, Ciência e Tecnologia de São Paulo";"Ministério da Educação";"6.563,48";"3 - Outras Despesas Correntes";"37 - Locação de Mão-de-Obra";"90 - Aplicações Diretas";"0000 - FUNCIONAMENTO DE INSTITUICOES FEDERAIS DE EDUCACAO PROFISSIONAL E TECNOLOGICA - DESPESAS DIVERSAS";"0000";"12 - Educação";"363 - Ensino profissional";"20RL0035 - FUNCIONAMENTO DAS INSTITUICOES DA RED - NO ESTADO DE SAO PAU";"2080 - EDUCACAO DE QUALIDADE PARA TODOS";"20RL - FUNCIONAMENTO DAS INSTITUICOES DA REDE FEDERAL DE EDUCACAO PROFISSIONAL, CIENTIFICA E TECNOLOGICA";
"18/06/2019";"158716264392019NE800031";"0035 - FUNCIONAMENTO DAS INSTITUICOES DA RED - NO ESTADO DE SAO PAU";"Empenho";"REFORÇO";"02.302.100/0001-06 - EDP SAO PAULO DISTRIBUICAO DE ENERGIA S.A.";"SP";"IFSP - CAMPUS JACAREI";"INST.FED.DE EDUC.,CIENC.E TEC.DE SAO PAULO";"Instituto Federal de Educação, Ciência e Tecnologia de São Paulo";"Ministério da Educação";"17.773,61";"3 - Outras Despesas Correntes";"39 - Outros Serviços de Terceiros - Pessoa Jurídica";"90 - Aplicações Diretas";"0000 - FUNCIONAMENTO DE INSTITUICOES FEDERAIS DE EDUCACAO PROFISSIONAL E TECNOLOGICA - DESPESAS DIVERSAS";"0000";"12 - Educação";"363 - Ensino profissional";"20RL0035 - FUNCIONAMENTO DAS INSTITUICOES DA RED - NO ESTADO DE SAO PAU";"2080 - EDUCACAO DE QUALIDADE PARA TODOS";"20RL - FUNCIONAMENTO DAS INSTITUICOES DA REDE FEDERAL DE EDUCACAO PROFISSIONAL, CIENTIFICA E TECNOLOGICA";
"18/06/2019";"158716264392019NE800032";"0035 - FUNCIONAMENTO DAS INSTITUICOES DA RED - NO ESTADO DE SAO PAU";"Empenho";"REFORÇO";"20.191.043/0001-09 - CONSOLIDEZ SERVICOS DE LIMPEZA LTDA";"SP";"IFSP - CAMPUS JACAREI";"INST.FED.DE EDUC.,CIENC.E TEC.DE SAO PAULO";"Instituto Federal de Educação, Ciência e Tecnologia de São Paulo";"Ministério da Educação";"41.664,84";"3 - Outras Despesas Correntes";"37 - Locação de Mão-de-Obra";"90 - Aplicações Diretas";"0000 - FUNCIONAMENTO DE INSTITUICOES FEDERAIS DE EDUCACAO PROFISSIONAL E TECNOLOGICA - DESPESAS DIVERSAS";"0000";"12 - Educação";"363 - Ensino profissional";"20RL0035 - FUNCIONAMENTO DAS INSTITUICOES DA RED - NO ESTADO DE SAO PAU";"2080 - EDUCACAO DE QUALIDADE PARA TODOS";"20RL - FUNCIONAMENTO DAS INSTITUICOES DA REDE FEDERAL DE EDUCACAO PROFISSIONAL, CIENTIFICA E TECNOLOGICA";
"18/06/2019";"158716264392019NE800033";"0035 - FUNCIONAMENTO DAS INSTITUICOES DA RED - NO ESTADO DE SAO PAU";"Empenho";"REFORÇO";"48.962.625/0001-60 - SAAE SERVICO AUTONOMO DE AGUA E ESGOTO DE JACAREI";"SP";"IFSP - CAMPUS JACAREI";"INST.FED.DE EDUC.,CIENC.E TEC.DE SAO PAULO";"Instituto Federal de Educação, Ciência e Tecnologia de São Paulo";"Ministério da Educação";"5.113,96";"3 - Outras Despesas Correntes";"39 - Outros Serviços de Terceiros - Pessoa Jurídica";"90 - Aplicações Diretas";"0000 - FUNCIONAMENTO DE INSTITUICOES FEDERAIS DE EDUCACAO PROFISSIONAL E TECNOLOGICA - DESPESAS DIVERSAS";"0000";"12 - Educação";"363 - Ensino profissional";"20RL0035 - FUNCIONAMENTO DAS INSTITUICOES DA RED - NO ESTADO DE SAO PAU";"2080 - EDUCACAO DE QUALIDADE PARA TODOS";"20RL - FUNCIONAMENTO DAS INSTITUICOES DA REDE FEDERAL DE EDUCACAO PROFISSIONAL, CIENTIFICA E TECNOLOGICA";
"18/06/2019";"158716264392019NE800034";"0035 - FUNCIONAMENTO DAS INSTITUICOES DA RED - NO ESTADO DE SAO PAU";"Empenho";"REFORÇO";"08.752.749/0001-05 - SAFEPRO SERVICOS LTDA";"SP";"IFSP - CAMPUS JACAREI";"INST.FED.DE EDUC.,CIENC.E TEC.DE SAO PAULO";"Instituto Federal de Educação, Ciência e Tecnologia de São Paulo";"Ministério da Educação";"54.080,50";"3 - Outras Despesas Correntes";"37 - Locação de Mão-de-Obra";"90 - Aplicações Diretas";"0000 - FUNCIONAMENTO DE INSTITUICOES FEDERAIS DE EDUCACAO PROFISSIONAL E TECNOLOGICA - DESPESAS DIVERSAS";"0000";"12 - Educação";"363 - Ensino profissional";"20RL0035 - FUNCIONAMENTO DAS INSTITUICOES DA RED - NO ESTADO DE SAO PAU";"2080 - EDUCACAO DE QUALIDADE PARA TODOS";"20RL - FUNCIONAMENTO DAS INSTITUICOES DA REDE FEDERAL DE EDUCACAO PROFISSIONAL, CIENTIFICA E TECNOLOGICA";
"17/07/2019";"158716264392019NE000016";"0035 - ASSISTENCIA AOS ESTUDANTES DA REDE FE - NO ESTADO DE SAO PAU";"Empenho";"REFORÇO";"158716 - IFSP - CAMPUS JACAREI";"SP";"IFSP - CAMPUS JACAREI";"INST.FED.DE EDUC.,CIENC.E TEC.DE SAO PAULO";"Instituto Federal de Educação, Ciência e Tecnologia de São Paulo";"Ministério da Educação";"7.082,57";"3 - Outras Despesas Correntes";"18 - Auxílio Financeiro a Estudantes";"90 - Aplicações Diretas";"0001 - AUXILIO FINANCEIRO DE ASSISTENCIA ESTUDANTIL";"0000";"12 - Educação";"363 - Ensino profissional";"29940035 - ASSISTENCIA AOS ESTUDANTES DA REDE FE - NO ESTADO DE SAO PAU";"2080 - EDUCACAO DE QUALIDADE PARA TODOS";"2994 - ASSISTENCIA AOS ESTUDANTES DA REDE FEDERAL DE EDUCACAO PROFISSIONAL, CIENTIFICA E TECNOLOGICA";
"17/07/2019";"158716264392019NE800035";"0035 - FUNCIONAMENTO DAS INSTITUICOES DA RED - NO ESTADO DE SAO PAU";"Empenho";"REFORÇO";"48.962.625/0001-60 - SAAE SERVICO AUTONOMO DE AGUA E ESGOTO DE JACAREI";"SP";"IFSP - CAMPUS JACAREI";"INST.FED.DE EDUC.,CIENC.E TEC.DE SAO PAULO";"Instituto Federal de Educação, Ciência e Tecnologia de São Paulo";"Ministério da Educação";"17.500,58";"3 - Outras Despesas Correntes";"39 - Outros Serviços de Terceiros - Pessoa Jurídica";"90 - Aplicações Diretas";"0000 - FUNCIONAMENTO DE INSTITUICOES FEDERAIS DE EDUCACAO PROFISSIONAL E TECNOLOGICA - DESPESAS DIVERSAS";"0000";"12 - Educação";"363 - Ensino profissional";"20RL0035 - FUNCIONAMENTO DAS INSTITUICOES DA RED - NO ESTADO DE SAO PAU";"2080 - EDUCACAO DE QUALIDADE PARA TODOS";"20RL - FUNCIONAMENTO DAS INSTITUICOES DA REDE FEDERAL DE EDUCACAO PROFISSIONAL, CIENTIFICA E TECNOLOGICA";
"17/07/2019";"158716264392019NE800036";"0035 - FUNCIONAMENTO DAS INSTITUICOES DA RED - NO ESTADO DE SAO PAU";"Empenho";"REFORÇO";"02.302.100/0001-06 - EDP SAO PAULO DISTRIBUICAO DE ENERGIA S.A.";"SP";"IFSP - CAMPUS JACAREI";"INST.FED.DE EDUC.,CIENC.E TEC.DE SAO PAULO";"Instituto Federal de Educação, Ciência e Tecnologia de São Paulo";"Ministério da Educação";"32.225,84";"3 - Outras Despesas Correntes";"39 - Outros Serviços de Terceiros - Pessoa Jurídica";"90 - Aplicações Diretas";"0000 - FUNCIONAMENTO DE INSTITUICOES FEDERAIS DE EDUCACAO PROFISSIONAL E TECNOLOGICA - DESPESAS DIVERSAS";"0000";"12 - Educação";"363 - Ensino profissional";"20RL0035 - FUNCIONAMENTO DAS INSTITUICOES DA RED - NO ESTADO DE SAO PAU";"2080 - EDUCACAO DE QUALIDADE PARA TODOS";"20RL - FUNCIONAMENTO DAS INSTITUICOES DA REDE FEDERAL DE EDUCACAO PROFISSIONAL, CIENTIFICA E TECNOLOGICA";
"26/07/2019";"158716264392019NE000017";"0035 - FUNCIONAMENTO DAS INSTITUICOES DA RED - NO ESTADO DE SAO PAU";"Empenho";"REFORÇO";"158716 - IFSP - CAMPUS JACAREI";"SP";"IFSP - CAMPUS JACAREI";"INST.FED.DE EDUC.,CIENC.E TEC.DE SAO PAULO";"Instituto Federal de Educação, Ciência e Tecnologia de São Paulo";"Ministério da Educação";"4.800,00";"3 - Outras Despesas Correntes";"18 - Auxílio Financeiro a Estudantes";"90 - Aplicações Diretas";"0000 - FUNCIONAMENTO DE INSTITUICOES FEDERAIS DE EDUCACAO PROFISSIONAL E TECNOLOGICA - DESPESAS DIVERSAS";"0000";"12 - Educação";"363 - Ensino profissional";"20RL0035 - FUNCIONAMENTO DAS INSTITUICOES DA RED - NO ESTADO DE SAO PAU";"2080 - EDUCACAO DE QUALIDADE PARA TODOS";"20RL - FUNCIONAMENTO DAS INSTITUICOES DA REDE FEDERAL DE EDUCACAO PROFISSIONAL, CIENTIFICA E TECNOLOGICA";
"26/07/2019";"158716264392019NE000018";"0035 - FUNCIONAMENTO DAS INSTITUICOES DA RED - NO ESTADO DE SAO PAU";"Empenho";"REFORÇO";"158716 - IFSP - CAMPUS JACAREI";"SP";"IFSP - CAMPUS JACAREI";"INST.FED.DE EDUC.,CIENC.E TEC.DE SAO PAULO";"Instituto Federal de Educação, Ciência e Tecnologia de São Paulo";"Ministério da Educação";"1.650,00";"3 - Outras Despesas Correntes";"18 - Auxílio Financeiro a Estudantes";"90 - Aplicações Diretas";"0000 - FUNCIONAMENTO DE INSTITUICOES FEDERAIS DE EDUCACAO PROFISSIONAL E TECNOLOGICA - DESPESAS DIVERSAS";"0000";"12 - Educação";"363 - Ensino profissional";"20RL0035 - FUNCIONAMENTO DAS INSTITUICOES DA RED - NO ESTADO DE SAO PAU";"2080 - EDUCACAO DE QUALIDADE PARA TODOS";"20RL - FUNCIONAMENTO DAS INSTITUICOES DA REDE FEDERAL DE EDUCACAO PROFISSIONAL, CIENTIFICA E TECNOLOGICA";
"26/07/2019";"158716264392019NE800037";"0035 - FUNCIONAMENTO DAS INSTITUICOES DA RED - NO ESTADO DE SAO PAU";"Empenho";"ORIGINAL";"02.983.749/0001-21 - FORCA E APOIO SEGURANCA PRIVADA LTDA";"SP";"IFSP - CAMPUS JACAREI";"INST.FED.DE EDUC.,CIENC.E TEC.DE SAO PAULO";"Instituto Federal de Educação, Ciência e Tecnologia de São Paulo";"Ministério da Educação";"611,77";"3 - Outras Despesas Correntes";"37 - Locação de Mão-de-Obra";"90 - Aplicações Diretas";"0000 - FUNCIONAMENTO DE INSTITUICOES FEDERAIS DE EDUCACAO PROFISSIONAL E TECNOLOGICA - DESPESAS DIVERSAS";"0000";"12 - Educação";"363 - Ensino profissional";"20RL0035 - FUNCIONAMENTO DAS INSTITUICOES DA RED - NO ESTADO DE SAO PAU";"2080 - EDUCACAO DE QUALIDADE PARA TODOS";"20RL - FUNCIONAMENTO DAS INSTITUICOES DA REDE FEDERAL DE EDUCACAO PROFISSIONAL, CIENTIFICA E TECNOLOGICA";
"29/07/2019";"158716264392019NE000019";"0035 - FUNCIONAMENTO DAS INSTITUICOES DA RED - NO ESTADO DE SAO PAU";"Empenho";"REFORÇO";"158716 - IFSP - CAMPUS JACAREI";"SP";"IFSP - CAMPUS JACAREI";"INST.FED.DE EDUC.,CIENC.E TEC.DE SAO PAULO";"Instituto Federal de Educação, Ciência e Tecnologia de São Paulo";"Ministério da Educação";"3.600,00";"3 - Outras Despesas Correntes";"18 - Auxílio Financeiro a Estudantes";"90 - Aplicações Diretas";"0000 - FUNCIONAMENTO DE INSTITUICOES FEDERAIS DE EDUCACAO PROFISSIONAL E TECNOLOGICA - DESPESAS DIVERSAS";"0000";"12 - Educação";"363 - Ensino profissional";"20RL0035 - FUNCIONAMENTO DAS INSTITUICOES DA RED - NO ESTADO DE SAO PAU";"2080 - EDUCACAO DE QUALIDADE PARA TODOS";"20RL - FUNCIONAMENTO DAS INSTITUICOES DA REDE FEDERAL DE EDUCACAO PROFISSIONAL, CIENTIFICA E TECNOLOGICA";
"29/07/2019";"158716264392019NE800038";"0035 - FUNCIONAMENTO DAS INSTITUICOES DA RED - NO ESTADO DE SAO PAU";"Empenho";"ANULAÇÃO";"09.405.866/0001-57 - PEDRAZUL SERVICOS LTDA";"SP";"IFSP - CAMPUS JACAREI";"INST.FED.DE EDUC.,CIENC.E TEC.DE SAO PAULO";"Instituto Federal de Educação, Ciência e Tecnologia de São Paulo";"Ministério da Educação";"5.589,68";"3 - Outras Despesas Correntes";"37 - Locação de Mão-de-Obra";"90 - Aplicações Diretas";"0000 - FUNCIONAMENTO DE INSTITUICOES FEDERAIS DE EDUCACAO PROFISSIONAL E TECNOLOGICA - DESPESAS DIVERSAS";"0000";"12 - Educação";"363 - Ensino profissional";"20RL0035 - FUNCIONAMENTO DAS INSTITUICOES DA RED - NO ESTADO DE SAO PAU";"2080 - EDUCACAO DE QUALIDADE PARA TODOS";"20RL - FUNCIONAMENTO DAS INSTITUICOES DA REDE FEDERAL DE EDUCACAO PROFISSIONAL, CIENTIFICA E TECNOLOGICA";
"01/08/2019";"158716264392019NE000020";"0035 - ASSISTENCIA AOS ESTUDANTES DA REDE FE - NO ESTADO DE SAO PAU";"Empenho";"REFORÇO";"158716 - IFSP - CAMPUS JACAREI";"SP";"IFSP - CAMPUS JACAREI";"INST.FED.DE EDUC.,CIENC.E TEC.DE SAO PAULO";"Instituto Federal de Educação, Ciência e Tecnologia de São Paulo";"Ministério da Educação";"40.775,38";"3 - Outras Despesas Correntes";"18 - Auxílio Financeiro a Estudantes";"90 - Aplicações Diretas";"0001 - AUXILIO FINANCEIRO DE ASSISTENCIA ESTUDANTIL";"0000";"12 - Educação";"363 - Ensino profissional";"29940035 - ASSISTENCIA AOS ESTUDANTES DA REDE FE - NO ESTADO DE SAO PAU";"2080 - EDUCACAO DE QUALIDADE PARA TODOS";"2994 - ASSISTENCIA AOS ESTUDANTES DA REDE FEDERAL DE EDUCACAO PROFISSIONAL, CIENTIFICA E TECNOLOGICA";
"09/08/2019";"158716264392019NE800039";"0035 - FUNCIONAMENTO DAS INSTITUICOES DA RED - NO ESTADO DE SAO PAU";"Empenho";"ORIGINAL";"18.199.200/0001-80 - CINECON DISTRIBUIDORA LTDA";"PR";"IFSP - CAMPUS JACAREI";"INST.FED.DE EDUC.,CIENC.E TEC.DE SAO PAULO";"Instituto Federal de Educação, Ciência e Tecnologia de São Paulo";"Ministério da Educação";"1.555,45";"3 - Outras Despesas Correntes";"30 - Material de Consumo";"90 - Aplicações Diretas";"0000 - FUNCIONAMENTO DE INSTITUICOES FEDERAIS DE EDUCACAO PROFISSIONAL E TECNOLOGICA - DESPESAS DIVERSAS";"0000";"12 - Educação";"363 - Ensino profissional";"20RL0035 - FUNCIONAMENTO DAS INSTITUICOES DA RED - NO ESTADO DE SAO PAU";"2080 - EDUCACAO DE QUALIDADE PARA TODOS";"20RL - FUNCIONAMENTO DAS INSTITUICOES DA REDE FEDERAL DE EDUCACAO PROFISSIONAL, CIENTIFICA E TECNOLOGICA";
"13/08/2019";"158716264392019NE000021";"0035 - FUNCIONAMENTO DAS INSTITUICOES DA RED - NO ESTADO DE SAO PAU";"Empenho";"REFORÇO";"158716 - IFSP - CAMPUS JACAREI";"SP";"IFSP - CAMPUS JACAREI";"INST.FED.DE EDUC.,CIENC.E TEC.DE SAO PAULO";"Instituto Federal de Educação, Ciência e Tecnologia de São Paulo";"Ministério da Educação";"9.600,00";"3 - Outras Despesas Correntes";"18 - Auxílio Financeiro a Estudantes";"90 - Aplicações Diretas";"0000 - FUNCIONAMENTO DE INSTITUICOES FEDERAIS DE EDUCACAO PROFISSIONAL E TECNOLOGICA - DESPESAS DIVERSAS";"0000";"12 - Educação";"363 - Ensino profissional";"20RL0035 - FUNCIONAMENTO DAS INSTITUICOES DA RED - NO ESTADO DE SAO PAU";"2080 - EDUCACAO DE QUALIDADE PARA TODOS";"20RL - FUNCIONAMENTO DAS INSTITUICOES DA REDE FEDERAL DE EDUCACAO PROFISSIONAL, CIENTIFICA E TECNOLOGICA";
"13/08/2019";"158716264392019NE000022";"0035 - FUNCIONAMENTO DAS INSTITUICOES DA RED - NO ESTADO DE SAO PAU";"Empenho";"REFORÇO";"158716 - IFSP - CAMPUS JACAREI";"SP";"IFSP - CAMPUS JACAREI";"INST.FED.DE EDUC.,CIENC.E TEC.DE SAO PAULO";"Instituto Federal de Educação, Ciência e Tecnologia de São Paulo";"Ministério da Educação";"7.200,00";"3 - Outras Despesas Correntes";"18 - Auxílio Financeiro a Estudantes";"90 - Aplicações Diretas";"0000 - FUNCIONAMENTO DE INSTITUICOES FEDERAIS DE EDUCACAO PROFISSIONAL E TECNOLOGICA - DESPESAS DIVERSAS";"0000";"12 - Educação";"363 - Ensino profissional";"20RL0035 - FUNCIONAMENTO DAS INSTITUICOES DA RED - NO ESTADO DE SAO PAU";"2080 - EDUCACAO DE QUALIDADE PARA TODOS";"20RL - FUNCIONAMENTO DAS INSTITUICOES DA REDE FEDERAL DE EDUCACAO PROFISSIONAL, CIENTIFICA E TECNOLOGICA";
"13/08/2019";"158716264392019NE000023";"0035 - FUNCIONAMENTO DAS INSTITUICOES DA RED - NO ESTADO DE SAO PAU";"Empenho";"REFORÇO";"158716 - IFSP - CAMPUS JACAREI";"SP";"IFSP - CAMPUS JACAREI";"INST.FED.DE EDUC.,CIENC.E TEC.DE SAO PAULO";"Instituto Federal de Educação, Ciência e Tecnologia de São Paulo";"Ministério da Educação";"6.900,00";"3 - Outras Despesas Correntes";"18 - Auxílio Financeiro a Estudantes";"90 - Aplicações Diretas";"0000 - FUNCIONAMENTO DE INSTITUICOES FEDERAIS DE EDUCACAO PROFISSIONAL E TECNOLOGICA - DESPESAS DIVERSAS";"0000";"12 - Educação";"363 - Ensino profissional";"20RL0035 - FUNCIONAMENTO DAS INSTITUICOES DA RED - NO ESTADO DE SAO PAU";"2080 - EDUCACAO DE QUALIDADE PARA TODOS";"20RL - FUNCIONAMENTO DAS INSTITUICOES DA REDE FEDERAL DE EDUCACAO PROFISSIONAL, CIENTIFICA E TECNOLOGICA";
"13/08/2019";"158716264392019NE800040";"0035 - FUNCIONAMENTO DAS INSTITUICOES DA RED - NO ESTADO DE SAO PAU";"Empenho";"REFORÇO";"08.752.749/0001-05 - SAFEPRO SERVICOS LTDA";"SP";"IFSP - CAMPUS JACAREI";"INST.FED.DE EDUC.,CIENC.E TEC.DE SAO PAULO";"Instituto Federal de Educação, Ciência e Tecnologia de São Paulo";"Ministério da Educação";"30.000,00";"3 - Outras Despesas Correntes";"37 - Locação de Mão-de-Obra";"90 - Aplicações Diretas";"0000 - FUNCIONAMENTO DE INSTITUICOES FEDERAIS DE EDUCACAO PROFISSIONAL E TECNOLOGICA - DESPESAS DIVERSAS";"0000";"12 - Educação";"363 - Ensino profissional";"20RL0035 - FUNCIONAMENTO DAS INSTITUICOES DA RED - NO ESTADO DE SAO PAU";"2080 - EDUCACAO DE QUALIDADE PARA TODOS";"20RL - FUNCIONAMENTO DAS INSTITUICOES DA REDE FEDERAL DE EDUCACAO PROFISSIONAL, CIENTIFICA E TECNOLOGICA";
"27/08/2019";"158716264392019NE000024";"0035 - ASSISTENCIA AOS ESTUDANTES DA REDE FE - NO ESTADO DE SAO PAU";"Empenho";"REFORÇO";"158716 - IFSP - CAMPUS JACAREI";"SP";"IFSP - CAMPUS JACAREI";"INST.FED.DE EDUC.,CIENC.E TEC.DE SAO PAULO";"Instituto Federal de Educação, Ciência e Tecnologia de São Paulo";"Ministério da Educação";"9.303,04";"3 - Outras Despesas Correntes";"18 - Auxílio Financeiro a Estudantes";"90 - Aplicações Diretas";"0001 - AUXILIO FINANCEIRO DE ASSISTENCIA ESTUDANTIL";"0000";"12 - Educação";"363 - Ensino profissional";"29940035 - ASSISTENCIA AOS ESTUDANTES DA REDE FE - NO ESTADO DE SAO PAU";"2080 - EDUCACAO DE QUALIDADE PARA TODOS";"2994 - ASSISTENCIA AOS ESTUDANTES DA REDE FEDERAL DE EDUCACAO PROFISSIONAL, CIENTIFICA E TECNOLOGICA";
"03/09/2019";"158716264392019NE800041";"0035 - FUNCIONAMENTO DAS INSTITUICOES DA RED - NO ESTADO DE SAO PAU";"Empenho";"ORIGINAL";"09.022.398/0001-31 - AGEM TECNOLOGIA DISTRIBUIDORA LTDA";"ES";"IFSP - CAMPUS JACAREI";"INST.FED.DE EDUC.,CIENC.E TEC.DE SAO PAULO";"Instituto Federal de Educação, Ciência e Tecnologia de São Paulo";"Ministério da Educação";"174,00";"3 - Outras Despesas Correntes";"30 - Material de Consumo";"90 - Aplicações Diretas";"0000 - FUNCIONAMENTO DE INSTITUICOES FEDERAIS DE EDUCACAO PROFISSIONAL E TECNOLOGICA - DESPESAS DIVERSAS";"0000";"12 - Educação";"363 - Ensino profissional";"20RL0035 - FUNCIONAMENTO DAS INSTITUICOES DA RED - NO ESTADO DE SAO PAU";"2080 - EDUCACAO DE QUALIDADE PARA TODOS";"20RL - FUNCIONAMENTO DAS INSTITUICOES DA REDE FEDERAL DE EDUCACAO PROFISSIONAL, CIENTIFICA E TECNOLOGICA";
"03/09/2019";"158716264392019NE800042";"0035 - FUNCIONAMENTO DAS INSTITUICOES DA RED - NO ESTADO DE SAO PAU";"Empenho";"ORIGINAL";"12.991.409/0001-04 - BALI COMERCIAL LTDA";"SP";"IFSP - CAMPUS JACAREI";"INST.FED.DE EDUC.,CIENC.E TEC.DE SAO PAULO";"Instituto Federal de Educação, Ciência e Tecnologia de São Paulo";"Ministério da Educação";"614,95";"3 - Outras Despesas Correntes";"30 - Material de Consumo";"90 - Aplicações Diretas";"0000 - FUNCIONAMENTO DE INSTITUICOES FEDERAIS DE EDUCACAO PROFISSIONAL E TECNOLOGICA - DESPESAS DIVERSAS";"0000";"12 - Educação";"363 - Ensino profissional";"20RL0035 - FUNCIONAMENTO DAS INSTITUICOES DA RED - NO ESTADO DE SAO PAU";"2080 - EDUCACAO DE QUALIDADE PARA TODOS";"20RL - FUNCIONAMENTO DAS INSTITUICOES DA REDE FEDERAL DE EDUCACAO PROFISSIONAL, CIENTIFICA E TECNOLOGICA";
"03/09/2019";"158716264392019NE800043";"0035 - FUNCIONAMENTO DAS INSTITUICOES DA RED - NO ESTADO DE SAO PAU";"Empenho";"ORIGINAL";"15.724.019/0001-58 - QUALITY ATACADO LTDA";"MG";"IFSP - CAMPUS JACAREI";"INST.FED.DE EDUC.,CIENC.E TEC.DE SAO PAULO";"Instituto Federal de Educação, Ciência e Tecnologia de São Paulo";"Ministério da Educação";"312,76";"3 - Outras Despesas Correntes";"30 - Material de Consumo";"90 - Aplicações Diretas";"0000 - FUNCIONAMENTO DE INSTITUICOES FEDERAIS DE EDUCACAO PROFISSIONAL E TECNOLOGICA - DESPESAS DIVERSAS";"0000";"12 - Educação";"363 - Ensino profissional";"20RL0035 - FUNCIONAMENTO DAS INSTITUICOES DA RED - NO ESTADO DE SAO PAU";"2080 - EDUCACAO DE QUALIDADE PARA TODOS";"20RL - FUNCIONAMENTO DAS INSTITUICOES DA REDE FEDERAL DE EDUCACAO PROFISSIONAL, CIENTIFICA E TECNOLOGICA";
"03/09/2019";"158716264392019NE800044";"0035 - FUNCIONAMENTO DAS INSTITUICOES DA RED - NO ESTADO DE SAO PAU";"Empenho";"ORIGINAL";"05.150.522/0001-93 - LOJAS TEM LTDA";"PR";"IFSP - CAMPUS JACAREI";"INST.FED.DE EDUC.,CIENC.E TEC.DE SAO PAULO";"Instituto Federal de Educação, Ciência e Tecnologia de São Paulo";"Ministério da Educação";"95,58";"3 - Outras Despesas Correntes";"30 - Material de Consumo";"90 - Aplicações Diretas";"0000 - FUNCIONAMENTO DE INSTITUICOES FEDERAIS DE EDUCACAO PROFISSIONAL E TECNOLOGICA - DESPESAS DIVERSAS";"0000";"12 - Educação";"363 - Ensino profissional";"20RL0035 - FUNCIONAMENTO DAS INSTITUICOES DA RED - NO ESTADO DE SAO PAU";"2080 - EDUCACAO DE QUALIDADE PARA TODOS";"20RL - FUNCIONAMENTO DAS INSTITUICOES DA REDE FEDERAL DE EDUCACAO PROFISSIONAL, CIENTIFICA E TECNOLOGICA";
"03/09/2019";"158716264392019NE800045";"0035 - FUNCIONAMENTO DAS INSTITUICOES DA RED - NO ESTADO DE SAO PAU";"Empenho";"ORIGINAL";"18.199.200/0001-80 - CINECON DISTRIBUIDORA LTDA";"PR";"IFSP - CAMPUS JACAREI";"INST.FED.DE EDUC.,CIENC.E TEC.DE SAO PAULO";"Instituto Federal de Educação, Ciência e Tecnologia de São Paulo";"Ministério da Educação";"165,00";"3 - Outras Despesas Correntes";"30 - Material de Consumo";"90 - Aplicações Diretas";"0000 - FUNCIONAMENTO DE INSTITUICOES FEDERAIS DE EDUCACAO PROFISSIONAL E TECNOLOGICA - DESPESAS DIVERSAS";"0000";"12 - Educação";"363 - Ensino profissional";"20RL0035 - FUNCIONAMENTO DAS INSTITUICOES DA RED - NO ESTADO DE SAO PAU";"2080 - EDUCACAO DE QUALIDADE PARA TODOS";"20RL - FUNCIONAMENTO DAS INSTITUICOES DA REDE FEDERAL DE EDUCACAO PROFISSIONAL, CIENTIFICA E TECNOLOGICA";
"05/09/2019";"158716264392019NE000025";"0035 - ASSISTENCIA AOS ESTUDANTES DA REDE FE - NO ESTADO DE SAO PAU";"Empenho";"REFORÇO";"158716 - IFSP - CAMPUS JACAREI";"SP";"IFSP - CAMPUS JACAREI";"INST.FED.DE EDUC.,CIENC.E TEC.DE SAO PAULO";"Instituto Federal de Educação, Ciência e Tecnologia de São Paulo";"Ministério da Educação";"11.084,65";"3 - Outras Despesas Correntes";"18 - Auxílio Financeiro a Estudantes";"90 - Aplicações Diretas";"0001 - AUXILIO FINANCEIRO DE ASSISTENCIA ESTUDANTIL";"0000";"12 - Educação";"363 - Ensino profissional";"29940035 - ASSISTENCIA AOS ESTUDANTES DA REDE FE - NO ESTADO DE SAO PAU";"2080 - EDUCACAO DE QUALIDADE PARA TODOS";"2994 - ASSISTENCIA AOS ESTUDANTES DA REDE FEDERAL DE EDUCACAO PROFISSIONAL, CIENTIFICA E TECNOLOGICA";
"10/09/2019";"158716264392019NE000026";"0035 - FUNCIONAMENTO DAS INSTITUICOES DA RED - NO ESTADO DE SAO PAU";"Empenho";"REFORÇO";"158716 - IFSP - CAMPUS JACAREI";"SP";"IFSP - CAMPUS JACAREI";"INST.FED.DE EDUC.,CIENC.E TEC.DE SAO PAULO";"Instituto Federal de Educação, Ciência e Tecnologia de São Paulo";"Ministério da Educação";"6.000,00";"3 - Outras Despesas Correntes";"18 - Auxílio Financeiro a Estudantes";"90 - Aplicações Diretas";"0000 - FUNCIONAMENTO DE INSTITUICOES FEDERAIS DE EDUCACAO PROFISSIONAL E TECNOLOGICA - DESPESAS DIVERSAS";"0000";"12 - Educação";"363 - Ensino profissional";"20RL0035 - FUNCIONAMENTO DAS INSTITUICOES DA RED - NO ESTADO DE SAO PAU";"2080 - EDUCACAO DE QUALIDADE PARA TODOS";"20RL - FUNCIONAMENTO DAS INSTITUICOES DA REDE FEDERAL DE EDUCACAO PROFISSIONAL, CIENTIFICA E TECNOLOGICA";
"10/09/2019";"158716264392019NE000027";"0035 - FUNCIONAMENTO DAS INSTITUICOES DA RED - NO ESTADO DE SAO PAU";"Empenho";"REFORÇO";"158716 - IFSP - CAMPUS JACAREI";"SP";"IFSP - CAMPUS JACAREI";"INST.FED.DE EDUC.,CIENC.E TEC.DE SAO PAULO";"Instituto Federal de Educação, Ciência e Tecnologia de São Paulo";"Ministério da Educação";"1.600,00";"3 - Outras Despesas Correntes";"18 - Auxílio Financeiro a Estudantes";"90 - Aplicações Diretas";"0000 - FUNCIONAMENTO DE INSTITUICOES FEDERAIS DE EDUCACAO PROFISSIONAL E TECNOLOGICA - DESPESAS DIVERSAS";"0000";"12 - Educação";"363 - Ensino profissional";"20RL0035 - FUNCIONAMENTO DAS INSTITUICOES DA RED - NO ESTADO DE SAO PAU";"2080 - EDUCACAO DE QUALIDADE PARA TODOS";"20RL - FUNCIONAMENTO DAS INSTITUICOES DA REDE FEDERAL DE EDUCACAO PROFISSIONAL, CIENTIFICA E TECNOLOGICA";
"18/09/2019";"158716264392019NE800046";"0035 - FUNCIONAMENTO DAS INSTITUICOES DA RED - NO ESTADO DE SAO PAU";"Empenho";"REFORÇO";"20.191.043/0001-09 - CONSOLIDEZ SERVICOS DE LIMPEZA LTDA";"SP";"IFSP - CAMPUS JACAREI";"INST.FED.DE EDUC.,CIENC.E TEC.DE SAO PAULO";"Instituto Federal de Educação, Ciência e Tecnologia de São Paulo";"Ministério da Educação";"12.000,00";"3 - Outras Despesas Correntes";"37 - Locação de Mão-de-Obra";"90 - Aplicações Diretas";"0000 - FUNCIONAMENTO DE INSTITUICOES FEDERAIS DE EDUCACAO PROFISSIONAL E TECNOLOGICA - DESPESAS DIVERSAS";"0000";"12 - Educação";"363 - Ensino profissional";"20RL0035 - FUNCIONAMENTO DAS INSTITUICOES DA RED - NO ESTADO DE SAO PAU";"2080 - EDUCACAO DE QUALIDADE PARA TODOS";"20RL - FUNCIONAMENTO DAS INSTITUICOES DA REDE FEDERAL DE EDUCACAO PROFISSIONAL, CIENTIFICA E TECNOLOGICA";
"18/09/2019";"158716264392019NE800047";"0035 - FUNCIONAMENTO DAS INSTITUICOES DA RED - NO ESTADO DE SAO PAU";"Empenho";"REFORÇO";"02.983.749/0001-21 - FORCA E APOIO SEGURANCA PRIVADA LTDA";"SP";"IFSP - CAMPUS JACAREI";"INST.FED.DE EDUC.,CIENC.E TEC.DE SAO PAULO";"Instituto Federal de Educação, Ciência e Tecnologia de São Paulo";"Ministério da Educação";"21.691,66";"3 - Outras Despesas Correntes";"37 - Locação de Mão-de-Obra";"90 - Aplicações Diretas";"0000 - FUNCIONAMENTO DE INSTITUICOES FEDERAIS DE EDUCACAO PROFISSIONAL E TECNOLOGICA - DESPESAS DIVERSAS";"0000";"12 - Educação";"363 - Ensino profissional";"20RL0035 - FUNCIONAMENTO DAS INSTITUICOES DA RED - NO ESTADO DE SAO PAU";"2080 - EDUCACAO DE QUALIDADE PARA TODOS";"20RL - FUNCIONAMENTO DAS INSTITUICOES DA REDE FEDERAL DE EDUCACAO PROFISSIONAL, CIENTIFICA E TECNOLOGICA";
"01/10/2019";"158716264392019NE000028";"0035 - ASSISTENCIA AOS ESTUDANTES DA REDE FE - NO ESTADO DE SAO PAU";"Empenho";"REFORÇO";"158716 - IFSP - CAMPUS JACAREI";"SP";"IFSP - CAMPUS JACAREI";"INST.FED.DE EDUC.,CIENC.E TEC.DE SAO PAULO";"Instituto Federal de Educação, Ciência e Tecnologia de São Paulo";"Ministério da Educação";"72.686,57";"3 - Outras Despesas Correntes";"18 - Auxílio Financeiro a Estudantes";"90 - Aplicações Diretas";"0001 - AUXILIO FINANCEIRO DE ASSISTENCIA ESTUDANTIL";"0000";"12 - Educação";"363 - Ensino profissional";"29940035 - ASSISTENCIA AOS ESTUDANTES DA REDE FE - NO ESTADO DE SAO PAU";"2080 - EDUCACAO DE QUALIDADE PARA TODOS";"2994 - ASSISTENCIA AOS ESTUDANTES DA REDE FEDERAL DE EDUCACAO PROFISSIONAL, CIENTIFICA E TECNOLOGICA";
"01/10/2019";"158716264392019NE800048";"0035 - FUNCIONAMENTO DAS INSTITUICOES DA RED - NO ESTADO DE SAO PAU";"Empenho";"REFORÇO";"20.191.043/0001-09 - CONSOLIDEZ SERVICOS DE LIMPEZA LTDA";"SP";"IFSP - CAMPUS JACAREI";"INST.FED.DE EDUC.,CIENC.E TEC.DE SAO PAULO";"Instituto Federal de Educação, Ciência e Tecnologia de São Paulo";"Ministério da Educação";"53.445,61";"3 - Outras Despesas Correntes";"37 - Locação de Mão-de-Obra";"90 - Aplicações Diretas";"0000 - FUNCIONAMENTO DE INSTITUICOES FEDERAIS DE EDUCACAO PROFISSIONAL E TECNOLOGICA - DESPESAS DIVERSAS";"0000";"12 - Educação";"363 - Ensino profissional";"20RL0035 - FUNCIONAMENTO DAS INSTITUICOES DA RED - NO ESTADO DE SAO PAU";"2080 - EDUCACAO DE QUALIDADE PARA TODOS";"20RL - FUNCIONAMENTO DAS INSTITUICOES DA REDE FEDERAL DE EDUCACAO PROFISSIONAL, CIENTIFICA E TECNOLOGICA";
"01/10/2019";"158716264392019NE800049";"0035 - FUNCIONAMENTO DAS INSTITUICOES DA RED - NO ESTADO DE SAO PAU";"Empenho";"REFORÇO";"02.983.749/0001-21 - FORCA E APOIO SEGURANCA PRIVADA LTDA";"SP";"IFSP - CAMPUS JACAREI";"INST.FED.DE EDUC.,CIENC.E TEC.DE SAO PAULO";"Instituto Federal de Educação, Ciência e Tecnologia de São Paulo";"Ministério da Educação";"144.000,00";"3 - Outras Despesas Correntes";"37 - Locação de Mão-de-Obra";"90 - Aplicações Diretas";"0000 - FUNCIONAMENTO DE INSTITUICOES FEDERAIS DE EDUCACAO PROFISSIONAL E TECNOLOGICA - DESPESAS DIVERSAS";"0000";"12 - Educação";"363 - Ensino profissional";"20RL0035 - FUNCIONAMENTO DAS INSTITUICOES DA RED - NO ESTADO DE SAO PAU";"2080 - EDUCACAO DE QUALIDADE PARA TODOS";"20RL - FUNCIONAMENTO DAS INSTITUICOES DA REDE FEDERAL DE EDUCACAO PROFISSIONAL, CIENTIFICA E TECNOLOGICA";
"02/10/2019";"158716264392019NE000029";"0035 - FUNCIONAMENTO DAS INSTITUICOES DA RED - NO ESTADO DE SAO PAU";"Empenho";"REFORÇO";"158716 - IFSP - CAMPUS JACAREI";"SP";"IFSP - CAMPUS JACAREI";"INST.FED.DE EDUC.,CIENC.E TEC.DE SAO PAULO";"Instituto Federal de Educação, Ciência e Tecnologia de São Paulo";"Ministério da Educação";"5.123,00";"3 - Outras Despesas Correntes";"18 - Auxílio Financeiro a Estudantes";"90 - Aplicações Diretas";"0000 - FUNCIONAMENTO DE INSTITUICOES FEDERAIS DE EDUCACAO PROFISSIONAL E TECNOLOGICA - DESPESAS DIVERSAS";"0000";"12 - Educação";"363 - Ensino profissional";"20RL0035 - FUNCIONAMENTO DAS INSTITUICOES DA RED - NO ESTADO DE SAO PAU";"2080 - EDUCACAO DE QUALIDADE PARA TODOS";"20RL - FUNCIONAMENTO DAS INSTITUICOES DA REDE FEDERAL DE EDUCACAO PROFISSIONAL, CIENTIFICA E TECNOLOGICA";
"02/10/2019";"158716264392019NE000030";"0035 - FUNCIONAMENTO DAS INSTITUICOES DA RED - NO ESTADO DE SAO PAU";"Empenho";"REFORÇO";"158716 - IFSP - CAMPUS JACAREI";"SP";"IFSP - CAMPUS JACAREI";"INST.FED.DE EDUC.,CIENC.E TEC.DE SAO PAULO";"Instituto Federal de Educação, Ciência e Tecnologia de São Paulo";"Ministério da Educação";"3.600,00";"3 - Outras Despesas Correntes";"18 - Auxílio Financeiro a Estudantes";"90 - Aplicações Diretas";"0000 - FUNCIONAMENTO DE INSTITUICOES FEDERAIS DE EDUCACAO PROFISSIONAL E TECNOLOGICA - DESPESAS DIVERSAS";"0000";"12 - Educação";"363 - Ensino profissional";"20RL0035 - FUNCIONAMENTO DAS INSTITUICOES DA RED - NO ESTADO DE SAO PAU";"2080 - EDUCACAO DE QUALIDADE PARA TODOS";"20RL - FUNCIONAMENTO DAS INSTITUICOES DA REDE FEDERAL DE EDUCACAO PROFISSIONAL, CIENTIFICA E TECNOLOGICA";
"02/10/2019";"158716264392019NE000031";"0035 - FUNCIONAMENTO DAS INSTITUICOES DA RED - NO ESTADO DE SAO PAU";"Empenho";"REFORÇO";"158716 - IFSP - CAMPUS JACAREI";"SP";"IFSP - CAMPUS JACAREI";"INST.FED.DE EDUC.,CIENC.E TEC.DE SAO PAULO";"Instituto Federal de Educação, Ciência e Tecnologia de São Paulo";"Ministério da Educação";"5.200,00";"3 - Outras Despesas Correntes";"18 - Auxílio Financeiro a Estudantes";"90 - Aplicações Diretas";"0000 - FUNCIONAMENTO DE INSTITUICOES FEDERAIS DE EDUCACAO PROFISSIONAL E TECNOLOGICA - DESPESAS DIVERSAS";"0000";"12 - Educação";"363 - Ensino profissional";"20RL0035 - FUNCIONAMENTO DAS INSTITUICOES DA RED - NO ESTADO DE SAO PAU";"2080 - EDUCACAO DE QUALIDADE PARA TODOS";"20RL - FUNCIONAMENTO DAS INSTITUICOES DA REDE FEDERAL DE EDUCACAO PROFISSIONAL, CIENTIFICA E TECNOLOGICA";
"03/10/2019";"158716264392019NE000032";"0035 - FUNCIONAMENTO DAS INSTITUICOES DA RED - NO ESTADO DE SAO PAU";"Empenho";"ANULAÇÃO";"158716 - IFSP - CAMPUS JACAREI";"SP";"IFSP - CAMPUS JACAREI";"INST.FED.DE EDUC.,CIENC.E TEC.DE SAO PAULO";"Instituto Federal de Educação, Ciência e Tecnologia de São Paulo";"Ministério da Educação";"2.400,00";"3 - Outras Despesas Correntes";"18 - Auxílio Financeiro a Estudantes";"90 - Aplicações Diretas";"0000 - FUNCIONAMENTO DE INSTITUICOES FEDERAIS DE EDUCACAO PROFISSIONAL E TECNOLOGICA - DESPESAS DIVERSAS";"0000";"12 - Educação";"363 - Ensino profissional";"20RL0035 - FUNCIONAMENTO DAS INSTITUICOES DA RED - NO ESTADO DE SAO PAU";"2080 - EDUCACAO DE QUALIDADE PARA TODOS";"20RL - FUNCIONAMENTO DAS INSTITUICOES DA REDE FEDERAL DE EDUCACAO PROFISSIONAL, CIENTIFICA E TECNOLOGICA";
"03/10/2019";"158716264392019NE800050";"0035 - FUNCIONAMENTO DAS INSTITUICOES DA RED - NO ESTADO DE SAO PAU";"Empenho";"REFORÇO";"08.752.749/0001-05 - SAFEPRO SERVICOS LTDA";"SP";"IFSP - CAMPUS JACAREI";"INST.FED.DE EDUC.,CIENC.E TEC.DE SAO PAULO";"Instituto Federal de Educação, Ciência e Tecnologia de São Paulo";"Ministério da Educação";"12.468,66";"3 - Outras Despesas Correntes";"37 - Locação de Mão-de-Obra";"90 - Aplicações Diretas";"0000 - FUNCIONAMENTO DE INSTITUICOES FEDERAIS DE EDUCACAO PROFISSIONAL E TECNOLOGICA - DESPESAS DIVERSAS";"0000";"12 - Educação";"363 - Ensino profissional";"20RL0035 - FUNCIONAMENTO DAS INSTITUICOES DA RED - NO ESTADO DE SAO PAU";"2080 - EDUCACAO DE QUALIDADE PARA TODOS";"20RL - FUNCIONAMENTO DAS INSTITUICOES DA REDE FEDERAL DE EDUCACAO PROFISSIONAL, CIENTIFICA E TECNOLOGICA";
"11/10/2019";"158716264392019NE800051";"0035 - FUNCIONAMENTO DAS INSTITUICOES DA RED - NO ESTADO DE SAO PAU";"Empenho";"ORIGINAL";"22.910.732/0001-51 - ZANCO COMERCIO DE PAPEIS LTDA";"SP";"IFSP - CAMPUS JACAREI";"INST.FED.DE EDUC.,CIENC.E TEC.DE SAO PAULO";"Instituto Federal de Educação, Ciência e Tecnologia de São Paulo";"Ministério da Educação";"1.945,20";"3 - Outras Despesas Correntes";"30 - Material de Consumo";"90 - Aplicações Diretas";"0000 - FUNCIONAMENTO DE INSTITUICOES FEDERAIS DE EDUCACAO PROFISSIONAL E TECNOLOGICA - DESPESAS DIVERSAS";"0000";"12 - Educação";"363 - Ensino profissional";"20RL0035 - FUNCIONAMENTO DAS INSTITUICOES DA RED - NO ESTADO DE SAO PAU";"2080 - EDUCACAO DE QUALIDADE PARA TODOS";"20RL - FUNCIONAMENTO DAS INSTITUICOES DA REDE FEDERAL DE EDUCACAO PROFISSIONAL, CIENTIFICA E TECNOLOGICA";
"11/10/2019";"158716264392019NE800052";"0035 - FUNCIONAMENTO DAS INSTITUICOES DA RED - NO ESTADO DE SAO PAU";"Empenho";"ORIGINAL";"62.492.798/0001-93 - HELIO E CIA LTDA";"SP";"IFSP - CAMPUS JACAREI";"INST.FED.DE EDUC.,CIENC.E TEC.DE SAO PAULO";"Instituto Federal de Educação, Ciência e Tecnologia de São Paulo";"Ministério da Educação";"841,37";"3 - Outras Despesas Correntes";"30 - Material de Consumo";"90 - Aplicações Diretas";"0000 - FUNCIONAMENTO DE INSTITUICOES FEDERAIS DE EDUCACAO PROFISSIONAL E TECNOLOGICA - DESPESAS DIVERSAS";"0000";"12 - Educação";"363 - Ensino profissional";"20RL0035 - FUNCIONAMENTO DAS INSTITUICOES DA RED - NO ESTADO DE SAO PAU";"2080 - EDUCACAO DE QUALIDADE PARA TODOS";"20RL - FUNCIONAMENTO DAS INSTITUICOES DA REDE FEDERAL DE EDUCACAO PROFISSIONAL, CIENTIFICA E TECNOLOGICA";
"11/10/2019";"158716264392019NE800053";"0035 - FUNCIONAMENTO DAS INSTITUICOES DA RED - NO ESTADO DE SAO PAU";"Empenho";"ORIGINAL";"30.398.587/0001-08 - 30.398.587 IGOR RAPHAEL GUIMARAES SOARES";"RN";"IFSP - CAMPUS JACAREI";"INST.FED.DE EDUC.,CIENC.E TEC.DE SAO PAULO";"Instituto Federal de Educação, Ciência e Tecnologia de São Paulo";"Ministério da Educação";"234,96";"3 - Outras Despesas Correntes";"30 - Material de Consumo";"90 - Aplicações Diretas";"0000 - FUNCIONAMENTO DE INSTITUICOES FEDERAIS DE EDUCACAO PROFISSIONAL E TECNOLOGICA - DESPESAS DIVERSAS";"0000";"12 - Educação";"363 - Ensino profissional";"20RL0035 - FUNCIONAMENTO DAS INSTITUICOES DA RED - NO ESTADO DE SAO PAU";"2080 - EDUCACAO DE QUALIDADE PARA TODOS";"20RL - FUNCIONAMENTO DAS INSTITUICOES DA REDE FEDERAL DE EDUCACAO PROFISSIONAL, CIENTIFICA E TECNOLOGICA";
"11/10/2019";"158716264392019NE800054";"0035 - FUNCIONAMENTO DAS INSTITUICOES DA RED - NO ESTADO DE SAO PAU";"Empenho";"ORIGINAL";"26.736.425/0001-57 - NDS INFORMATICA LTDA";"PR";"IFSP - CAMPUS JACAREI";"INST.FED.DE EDUC.,CIENC.E TEC.DE SAO PAULO";"Instituto Federal de Educação, Ciência e Tecnologia de São Paulo";"Ministério da Educação";"462,90";"3 - Outras Despesas Correntes";"30 - Material de Consumo";"90 - Aplicações Diretas";"0000 - FUNCIONAMENTO DE INSTITUICOES FEDERAIS DE EDUCACAO PROFISSIONAL E TECNOLOGICA - DESPESAS DIVERSAS";"0000";"12 - Educação";"363 - Ensino profissional";"20RL0035 - FUNCIONAMENTO DAS INSTITUICOES DA RED - NO ESTADO DE SAO PAU";"2080 - EDUCACAO DE QUALIDADE PARA TODOS";"20RL - FUNCIONAMENTO DAS INSTITUICOES DA REDE FEDERAL DE EDUCACAO PROFISSIONAL, CIENTIFICA E TECNOLOGICA";
"11/10/2019";"158716264392019NE800055";"0035 - FUNCIONAMENTO DAS INSTITUICOES DA RED - NO ESTADO DE SAO PAU";"Empenho";"ANULAÇÃO";"62.492.798/0001-93 - HELIO E CIA LTDA";"SP";"IFSP - CAMPUS JACAREI";"INST.FED.DE EDUC.,CIENC.E TEC.DE SAO PAULO";"Instituto Federal de Educação, Ciência e Tecnologia de São Paulo";"Ministério da Educação";"841,37";"3 - Outras Despesas Correntes";"30 - Material de Consumo";"90 - Aplicações Diretas";"0000 - FUNCIONAMENTO DE INSTITUICOES FEDERAIS DE EDUCACAO PROFISSIONAL E TECNOLOGICA - DESPESAS DIVERSAS";"0000";"12 - Educação";"363 - Ensino profissional";"20RL0035 - FUNCIONAMENTO DAS INSTITUICOES DA RED - NO ESTADO DE SAO PAU";"2080 - EDUCACAO DE QUALIDADE PARA TODOS";"20RL - FUNCIONAMENTO DAS INSTITUICOES DA REDE FEDERAL DE EDUCACAO PROFISSIONAL, CIENTIFICA E TECNOLOGICA";
"11/10/2019";"158716264392019NE800056";"0035 - FUNCIONAMENTO DAS INSTITUICOES DA RED - NO ESTADO DE SAO PAU";"Empenho";"ORIGINAL";"62.492.798/0001-93 - HELIO E CIA LTDA";"SP";"IFSP - CAMPUS JACAREI";"INST.FED.DE EDUC.,CIENC.E TEC.DE SAO PAULO";"Instituto Federal de Educação, Ciência e Tecnologia de São Paulo";"Ministério da Educação";"841,37";"3 - Outras Despesas Correntes";"30 - Material de Consumo";"90 - Aplicações Diretas";"0000 - FUNCIONAMENTO DE INSTITUICOES FEDERAIS DE EDUCACAO PROFISSIONAL E TECNOLOGICA - DESPESAS DIVERSAS";"0000";"12 - Educação";"363 - Ensino profissional";"20RL0035 - FUNCIONAMENTO DAS INSTITUICOES DA RED - NO ESTADO DE SAO PAU";"2080 - EDUCACAO DE QUALIDADE PARA TODOS";"20RL - FUNCIONAMENTO DAS INSTITUICOES DA REDE FEDERAL DE EDUCACAO PROFISSIONAL, CIENTIFICA E TECNOLOGICA";
"11/10/2019";"158716264392019NE800057";"0035 - FUNCIONAMENTO DAS INSTITUICOES DA RED - NO ESTADO DE SAO PAU";"Empenho";"ANULAÇÃO";"30.398.587/0001-08 - 30.398.587 IGOR RAPHAEL GUIMARAES SOARES";"RN";"IFSP - CAMPUS JACAREI";"INST.FED.DE EDUC.,CIENC.E TEC.DE SAO PAULO";"Instituto Federal de Educação, Ciência e Tecnologia de São Paulo";"Ministério da Educação";"234,96";"3 - Outras Despesas Correntes";"30 - Material de Consumo";"90 - Aplicações Diretas";"0000 - FUNCIONAMENTO DE INSTITUICOES FEDERAIS DE EDUCACAO PROFISSIONAL E TECNOLOGICA - DESPESAS DIVERSAS";"0000";"12 - Educação";"363 - Ensino profissional";"20RL0035 - FUNCIONAMENTO DAS INSTITUICOES DA RED - NO ESTADO DE SAO PAU";"2080 - EDUCACAO DE QUALIDADE PARA TODOS";"20RL - FUNCIONAMENTO DAS INSTITUICOES DA REDE FEDERAL DE EDUCACAO PROFISSIONAL, CIENTIFICA E TECNOLOGICA";
"11/10/2019";"158716264392019NE800058";"0035 - FUNCIONAMENTO DAS INSTITUICOES DA RED - NO ESTADO DE SAO PAU";"Empenho";"ORIGINAL";"30.398.587/0001-08 - 30.398.587 IGOR RAPHAEL GUIMARAES SOARES";"RN";"IFSP - CAMPUS JACAREI";"INST.FED.DE EDUC.,CIENC.E TEC.DE SAO PAULO";"Instituto Federal de Educação, Ciência e Tecnologia de São Paulo";"Ministério da Educação";"234,96";"3 - Outras Despesas Correntes";"30 - Material de Consumo";"90 - Aplicações Diretas";"0000 - FUNCIONAMENTO DE INSTITUICOES FEDERAIS DE EDUCACAO PROFISSIONAL E TECNOLOGICA - DESPESAS DIVERSAS";"0000";"12 - Educação";"363 - Ensino profissional";"20RL0035 - FUNCIONAMENTO DAS INSTITUICOES DA RED - NO ESTADO DE SAO PAU";"2080 - EDUCACAO DE QUALIDADE PARA TODOS";"20RL - FUNCIONAMENTO DAS INSTITUICOES DA REDE FEDERAL DE EDUCACAO PROFISSIONAL, CIENTIFICA E TECNOLOGICA";
"11/10/2019";"158716264392019NE800059";"0035 - FUNCIONAMENTO DAS INSTITUICOES DA RED - NO ESTADO DE SAO PAU";"Empenho";"ORIGINAL";"27.342.897/0001-98 - JORGE DONIZETI ESTEVES";"SP";"IFSP - CAMPUS JACAREI";"INST.FED.DE EDUC.,CIENC.E TEC.DE SAO PAULO";"Instituto Federal de Educação, Ciência e Tecnologia de São Paulo";"Ministério da Educação";"48,00";"3 - Outras Despesas Correntes";"30 - Material de Consumo";"90 - Aplicações Diretas";"0000 - FUNCIONAMENTO DE INSTITUICOES FEDERAIS DE EDUCACAO PROFISSIONAL E TECNOLOGICA - DESPESAS DIVERSAS";"0000";"12 - Educação";"363 - Ensino profissional";"20RL0035 - FUNCIONAMENTO DAS INSTITUICOES DA RED - NO ESTADO DE SAO PAU";"2080 - EDUCACAO DE QUALIDADE PARA TODOS";"20RL - FUNCIONAMENTO DAS INSTITUICOES DA REDE FEDERAL DE EDUCACAO PROFISSIONAL, CIENTIFICA E TECNOLOGICA";
"23/10/2019";"158716264392019NE000033";"0035 - ASSISTENCIA AOS ESTUDANTES DA REDE FE - NO ESTADO DE SAO PAU";"Empenho";"REFORÇO";"158716 - IFSP - CAMPUS JACAREI";"SP";"IFSP - CAMPUS JACAREI";"INST.FED.DE EDUC.,CIENC.E TEC.DE SAO PAULO";"Instituto Federal de Educação, Ciência e Tecnologia de São Paulo";"Ministério da Educação";"103.720,06";"3 - Outras Despesas Correntes";"18 - Auxílio Financeiro a Estudantes";"90 - Aplicações Diretas";"0001 - AUXILIO FINANCEIRO DE ASSISTENCIA ESTUDANTIL";"0000";"12 - Educação";"363 - Ensino profissional";"29940035 - ASSISTENCIA AOS ESTUDANTES DA REDE FE - NO ESTADO DE SAO PAU";"2080 - EDUCACAO DE QUALIDADE PARA TODOS";"2994 - ASSISTENCIA AOS ESTUDANTES DA REDE FEDERAL DE EDUCACAO PROFISSIONAL, CIENTIFICA E TECNOLOGICA";
"25/10/2019";"158716264392019NE800060";"0035 - FUNCIONAMENTO DAS INSTITUICOES DA RED - NO ESTADO DE SAO PAU";"Empenho";"REFORÇO";"08.752.749/0001-05 - SAFEPRO SERVICOS LTDA";"SP";"IFSP - CAMPUS JACAREI";"INST.FED.DE EDUC.,CIENC.E TEC.DE SAO PAULO";"Instituto Federal de Educação, Ciência e Tecnologia de São Paulo";"Ministério da Educação";"51.858,23";"3 - Outras Despesas Correntes";"37 - Locação de Mão-de-Obra";"90 - Aplicações Diretas";"0000 - FUNCIONAMENTO DE INSTITUICOES FEDERAIS DE EDUCACAO PROFISSIONAL E TECNOLOGICA - DESPESAS DIVERSAS";"0000";"12 - Educação";"363 - Ensino profissional";"20RL0035 - FUNCIONAMENTO DAS INSTITUICOES DA RED - NO ESTADO DE SAO PAU";"2080 - EDUCACAO DE QUALIDADE PARA TODOS";"20RL - FUNCIONAMENTO DAS INSTITUICOES DA REDE FEDERAL DE EDUCACAO PROFISSIONAL, CIENTIFICA E TECNOLOGICA";
"25/10/2019";"158716264392019NE800061";"0035 - FUNCIONAMENTO DAS INSTITUICOES DA RED - NO ESTADO DE SAO PAU";"Empenho";"REFORÇO";"48.962.625/0001-60 - SAAE SERVICO AUTONOMO DE AGUA E ESGOTO DE JACAREI";"SP";"IFSP - CAMPUS JACAREI";"INST.FED.DE EDUC.,CIENC.E TEC.DE SAO PAULO";"Instituto Federal de Educação, Ciência e Tecnologia de São Paulo";"Ministério da Educação";"7.374,87";"3 - Outras Despesas Correntes";"39 - Outros Serviços de Terceiros - Pessoa Jurídica";"90 - Aplicações Diretas";"0000 - FUNCIONAMENTO DE INSTITUICOES FEDERAIS DE EDUCACAO PROFISSIONAL E TECNOLOGICA - DESPESAS DIVERSAS";"0000";"12 - Educação";"363 - Ensino profissional";"20RL0035 - FUNCIONAMENTO DAS INSTITUICOES DA RED - NO ESTADO DE SAO PAU";"2080 - EDUCACAO DE QUALIDADE PARA TODOS";"20RL - FUNCIONAMENTO DAS INSTITUICOES DA REDE FEDERAL DE EDUCACAO PROFISSIONAL, CIENTIFICA E TECNOLOGICA";
"25/10/2019";"158716264392019NE800062";"0035 - FUNCIONAMENTO DAS INSTITUICOES DA RED - NO ESTADO DE SAO PAU";"Empenho";"REFORÇO";"02.302.100/0001-06 - EDP SAO PAULO DISTRIBUICAO DE ENERGIA S.A.";"SP";"IFSP - CAMPUS JACAREI";"INST.FED.DE EDUC.,CIENC.E TEC.DE SAO PAULO";"Instituto Federal de Educação, Ciência e Tecnologia de São Paulo";"Ministério da Educação";"13.435,48";"3 - Outras Despesas Correntes";"39 - Outros Serviços de Terceiros - Pessoa Jurídica";"90 - Aplicações Diretas";"0000 - FUNCIONAMENTO DE INSTITUICOES FEDERAIS DE EDUCACAO PROFISSIONAL E TECNOLOGICA - DESPESAS DIVERSAS";"0000";"12 - Educação";"363 - Ensino profissional";"20RL0035 - FUNCIONAMENTO DAS INSTITUICOES DA RED - NO ESTADO DE SAO PAU";"2080 - EDUCACAO DE QUALIDADE PARA TODOS";"20RL - FUNCIONAMENTO DAS INSTITUICOES DA REDE FEDERAL DE EDUCACAO PROFISSIONAL, CIENTIFICA E TECNOLOGICA";
"29/10/2019";"158716264392019NE800063";"0035 - FUNCIONAMENTO DAS INSTITUICOES DA RED - NO ESTADO DE SAO PAU";"Empenho";"ORIGINAL";"07.245.458/0001-50 - DAGEAL - COMERCIO DE MATERIAL DE ESCRITORIO LTDA";"RS";"IFSP - CAMPUS JACAREI";"INST.FED.DE EDUC.,CIENC.E TEC.DE SAO PAULO";"Instituto Federal de Educação, Ciência e Tecnologia de São Paulo";"Ministério da Educação";"303,10";"3 - Outras Despesas Correntes";"30 - Material de Consumo";"90 - Aplicações Diretas";"0000 - FUNCIONAMENTO DE INSTITUICOES FEDERAIS DE EDUCACAO PROFISSIONAL E TECNOLOGICA - DESPESAS DIVERSAS";"0000";"12 - Educação";"363 - Ensino profissional";"20RL0035 - FUNCIONAMENTO DAS INSTITUICOES DA RED - NO ESTADO DE SAO PAU";"2080 - EDUCACAO DE QUALIDADE PARA TODOS";"20RL - FUNCIONAMENTO DAS INSTITUICOES DA REDE FEDERAL DE EDUCACAO PROFISSIONAL, CIENTIFICA E TECNOLOGICA";
"29/10/2019";"158716264392019NE800064";"0035 - FUNCIONAMENTO DAS INSTITUICOES DA RED - NO ESTADO DE SAO PAU";"Empenho";"ORIGINAL";"17.942.231/0001-17 - LOURDES P S MARTINS PAPELARIA LTDA";"SP";"IFSP - CAMPUS JACAREI";"INST.FED.DE EDUC.,CIENC.E TEC.DE SAO PAULO";"Instituto Federal de Educação, Ciência e Tecnologia de São Paulo";"Ministério da Educação";"589,00";"3 - Outras Despesas Correntes";"30 - Material de Consumo";"90 - Aplicações Diretas";"0000 - FUNCIONAMENTO DE INSTITUICOES FEDERAIS DE EDUCACAO PROFISSIONAL E TECNOLOGICA - DESPESAS DIVERSAS";"0000";"12 - Educação";"363 - Ensino profissional";"20RL0035 - FUNCIONAMENTO DAS INSTITUICOES DA RED - NO ESTADO DE SAO PAU";"2080 - EDUCACAO DE QUALIDADE PARA TODOS";"20RL - FUNCIONAMENTO DAS INSTITUICOES DA REDE FEDERAL DE EDUCACAO PROFISSIONAL, CIENTIFICA E TECNOLOGICA";
"29/10/2019";"158716264392019NE800065";"0035 - FUNCIONAMENTO DAS INSTITUICOES DA RED - NO ESTADO DE SAO PAU";"Empenho";"ORIGINAL";"13.970.625/0001-28 - PAPELARIA DIMENSIONAL LTDA";"MG";"IFSP - CAMPUS JACAREI";"INST.FED.DE EDUC.,CIENC.E TEC.DE SAO PAULO";"Instituto Federal de Educação, Ciência e Tecnologia de São Paulo";"Ministério da Educação";"161,10";"3 - Outras Despesas Correntes";"30 - Material de Consumo";"90 - Aplicações Diretas";"0000 - FUNCIONAMENTO DE INSTITUICOES FEDERAIS DE EDUCACAO PROFISSIONAL E TECNOLOGICA - DESPESAS DIVERSAS";"0000";"12 - Educação";"363 - Ensino profissional";"20RL0035 - FUNCIONAMENTO DAS INSTITUICOES DA RED - NO ESTADO DE SAO PAU";"2080 - EDUCACAO DE QUALIDADE PARA TODOS";"20RL - FUNCIONAMENTO DAS INSTITUICOES DA REDE FEDERAL DE EDUCACAO PROFISSIONAL, CIENTIFICA E TECNOLOGICA";
"29/10/2019";"158716264392019NE800066";"0035 - FUNCIONAMENTO DAS INSTITUICOES DA RED - NO ESTADO DE SAO PAU";"Empenho";"ORIGINAL";"24.005.316/0001-34 - PAPELARIA PAPEL CARTAZ LTDA";"MG";"IFSP - CAMPUS JACAREI";"INST.FED.DE EDUC.,CIENC.E TEC.DE SAO PAULO";"Instituto Federal de Educação, Ciência e Tecnologia de São Paulo";"Ministério da Educação";"888,75";"3 - Outras Despesas Correntes";"30 - Material de Consumo";"90 - Aplicações Diretas";"0000 - FUNCIONAMENTO DE INSTITUICOES FEDERAIS DE EDUCACAO PROFISSIONAL E TECNOLOGICA - DESPESAS DIVERSAS";"0000";"12 - Educação";"363 - Ensino profissional";"20RL0035 - FUNCIONAMENTO DAS INSTITUICOES DA RED - NO ESTADO DE SAO PAU";"2080 - EDUCACAO DE QUALIDADE PARA TODOS";"20RL - FUNCIONAMENTO DAS INSTITUICOES DA REDE FEDERAL DE EDUCACAO PROFISSIONAL, CIENTIFICA E TECNOLOGICA";
"29/10/2019";"158716264392019NE800067";"0035 - FUNCIONAMENTO DAS INSTITUICOES DA RED - NO ESTADO DE SAO PAU";"Empenho";"ORIGINAL";"51.920.700/0001-35 - PROCOMP PRODUTOS E SERVICOS DE INFORMATICA LTDA.";"SP";"IFSP - CAMPUS JACAREI";"INST.FED.DE EDUC.,CIENC.E TEC.DE SAO PAULO";"Instituto Federal de Educação, Ciência e Tecnologia de São Paulo";"Ministério da Educação";"790,00";"3 - Outras Despesas Correntes";"30 - Material de Consumo";"90 - Aplicações Diretas";"0000 - FUNCIONAMENTO DE INSTITUICOES FEDERAIS DE EDUCACAO PROFISSIONAL E TECNOLOGICA - DESPESAS DIVERSAS";"0000";"12 - Educação";"363 - Ensino profissional";"20RL0035 - FUNCIONAMENTO DAS INSTITUICOES DA RED - NO ESTADO DE SAO PAU";"2080 - EDUCACAO DE QUALIDADE PARA TODOS";"20RL - FUNCIONAMENTO DAS INSTITUICOES DA REDE FEDERAL DE EDUCACAO PROFISSIONAL, CIENTIFICA E TECNOLOGICA";
"29/10/2019";"158716264392019NE800068";"0035 - FUNCIONAMENTO DAS INSTITUICOES DA RED - NO ESTADO DE SAO PAU";"Empenho";"ORIGINAL";"12.591.321/0001-97 - RASEK LOGISTICA E SUPRIMENTOS LTDA";"SP";"IFSP - CAMPUS JACAREI";"INST.FED.DE EDUC.,CIENC.E TEC.DE SAO PAULO";"Instituto Federal de Educação, Ciência e Tecnologia de São Paulo";"Ministério da Educação";"61,20";"3 - Outras Despesas Correntes";"30 - Material de Consumo";"90 - Aplicações Diretas";"0000 - FUNCIONAMENTO DE INSTITUICOES FEDERAIS DE EDUCACAO PROFISSIONAL E TECNOLOGICA - DESPESAS DIVERSAS";"0000";"12 - Educação";"363 - Ensino profissional";"20RL0035 - FUNCIONAMENTO DAS INSTITUICOES DA RED - NO ESTADO DE SAO PAU";"2080 - EDUCACAO DE QUALIDADE PARA TODOS";"20RL - FUNCIONAMENTO DAS INSTITUICOES DA REDE FEDERAL DE EDUCACAO PROFISSIONAL, CIENTIFICA E TECNOLOGICA";
"29/10/2019";"158716264392019NE800069";"0035 - FUNCIONAMENTO DAS INSTITUICOES DA RED - NO ESTADO DE SAO PAU";"Empenho";"ORIGINAL";"12.926.152/0001-07 - YOSHIMITSU OGAWA LTDA";"MS";"IFSP - CAMPUS JACAREI";"INST.FED.DE EDUC.,CIENC.E TEC.DE SAO PAULO";"Instituto Federal de Educação, Ciência e Tecnologia de São Paulo";"Ministério da Educação";"509,55";"3 - Outras Despesas Correntes";"30 - Material de Consumo";"90 - Aplicações Diretas";"0000 - FUNCIONAMENTO DE INSTITUICOES FEDERAIS DE EDUCACAO PROFISSIONAL E TECNOLOGICA - DESPESAS DIVERSAS";"0000";"12 - Educação";"363 - Ensino profissional";"20RL0035 - FUNCIONAMENTO DAS INSTITUICOES DA RED - NO ESTADO DE SAO PAU";"2080 - EDUCACAO DE QUALIDADE PARA TODOS";"20RL - FUNCIONAMENTO DAS INSTITUICOES DA REDE FEDERAL DE EDUCACAO PROFISSIONAL, CIENTIFICA E TECNOLOGICA";
"29/10/2019";"158716264392019NE800070";"0035 - FUNCIONAMENTO DAS INSTITUICOES DA RED - NO ESTADO DE SAO PAU";"Empenho";"ORIGINAL";"22.910.732/0001-51 - ZANCO COMERCIO DE PAPEIS LTDA";"SP";"IFSP - CAMPUS JACAREI";"INST.FED.DE EDUC.,CIENC.E TEC.DE SAO PAULO";"Instituto Federal de Educação, Ciência e Tecnologia de São Paulo";"Ministério da Educação";"3.890,40";"3 - Outras Despesas Correntes";"30 - Material de Consumo";"90 - Aplicações Diretas";"0000 - FUNCIONAMENTO DE INSTITUICOES FEDERAIS DE EDUCACAO PROFISSIONAL E TECNOLOGICA - DESPESAS DIVERSAS";"0000";"12 - Educação";"363 - Ensino profissional";"20RL0035 - FUNCIONAMENTO DAS INSTITUICOES DA RED - NO ESTADO DE SAO PAU";"2080 - EDUCACAO DE QUALIDADE PARA TODOS";"20RL - FUNCIONAMENTO DAS INSTITUICOES DA REDE FEDERAL DE EDUCACAO PROFISSIONAL, CIENTIFICA E TECNOLOGICA";
"31/10/2019";"158716264392019NE800071";"0035 - FUNCIONAMENTO DAS INSTITUICOES DA RED - NO ESTADO DE SAO PAU";"Empenho";"ORIGINAL";"08.725.008/0001-27 - AGROSHOW AGROPECUARIA LTDA";"ES";"IFSP - CAMPUS JACAREI";"INST.FED.DE EDUC.,CIENC.E TEC.DE SAO PAULO";"Instituto Federal de Educação, Ciência e Tecnologia de São Paulo";"Ministério da Educação";"140,13";"3 - Outras Despesas Correntes";"30 - Material de Consumo";"90 - Aplicações Diretas";"0000 - FUNCIONAMENTO DE INSTITUICOES FEDERAIS DE EDUCACAO PROFISSIONAL E TECNOLOGICA - DESPESAS DIVERSAS";"0000";"12 - Educação";"363 - Ensino profissional";"20RL0035 - FUNCIONAMENTO DAS INSTITUICOES DA RED - NO ESTADO DE SAO PAU";"2080 - EDUCACAO DE QUALIDADE PARA TODOS";"20RL - FUNCIONAMENTO DAS INSTITUICOES DA REDE FEDERAL DE EDUCACAO PROFISSIONAL, CIENTIFICA E TECNOLOGICA";
"31/10/2019";"158716264392019NE800072";"0035 - FUNCIONAMENTO DAS INSTITUICOES DA RED - NO ESTADO DE SAO PAU";"Empenho";"ORIGINAL";"29.778.843/0001-03 - IRMAOS OLIVEIRA COMERCIO DE FERRAMENTAS LTDA";"SP";"IFSP - CAMPUS JACAREI";"INST.FED.DE EDUC.,CIENC.E TEC.DE SAO PAULO";"Instituto Federal de Educação, Ciência e Tecnologia de São Paulo";"Ministério da Educação";"539,89";"3 - Outras Despesas Correntes";"30 - Material de Consumo";"90 - Aplicações Diretas";"0000 - FUNCIONAMENTO DE INSTITUICOES FEDERAIS DE EDUCACAO PROFISSIONAL E TECNOLOGICA - DESPESAS DIVERSAS";"0000";"12 - Educação";"363 - Ensino profissional";"20RL0035 - FUNCIONAMENTO DAS INSTITUICOES DA RED - NO ESTADO DE SAO PAU";"2080 - EDUCACAO DE QUALIDADE PARA TODOS";"20RL - FUNCIONAMENTO DAS INSTITUICOES DA REDE FEDERAL DE EDUCACAO PROFISSIONAL, CIENTIFICA E TECNOLOGICA";
"31/10/2019";"158716264392019NE800073";"0035 - FUNCIONAMENTO DAS INSTITUICOES DA RED - NO ESTADO DE SAO PAU";"Empenho";"ORIGINAL";"08.658.622/0001-13 - J. J. VITALLI";"RS";"IFSP - CAMPUS JACAREI";"INST.FED.DE EDUC.,CIENC.E TEC.DE SAO PAULO";"Instituto Federal de Educação, Ciência e Tecnologia de São Paulo";"Ministério da Educação";"9,97";"3 - Outras Despesas Correntes";"30 - Material de Consumo";"90 - Aplicações Diretas";"0000 - FUNCIONAMENTO DE INSTITUICOES FEDERAIS DE EDUCACAO PROFISSIONAL E TECNOLOGICA - DESPESAS DIVERSAS";"0000";"12 - Educação";"363 - Ensino profissional";"20RL0035 - FUNCIONAMENTO DAS INSTITUICOES DA RED - NO ESTADO DE SAO PAU";"2080 - EDUCACAO DE QUALIDADE PARA TODOS";"20RL - FUNCIONAMENTO DAS INSTITUICOES DA REDE FEDERAL DE EDUCACAO PROFISSIONAL, CIENTIFICA E TECNOLOGICA";
"31/10/2019";"158716264392019NE800074";"0035 - FUNCIONAMENTO DAS INSTITUICOES DA RED - NO ESTADO DE SAO PAU";"Empenho";"ORIGINAL";"03.217.016/0001-49 - RPF COMERCIAL LTDA";"PR";"IFSP - CAMPUS JACAREI";"INST.FED.DE EDUC.,CIENC.E TEC.DE SAO PAULO";"Instituto Federal de Educação, Ciência e Tecnologia de São Paulo";"Ministério da Educação";"99,22";"3 - Outras Despesas Correntes";"30 - Material de Consumo";"90 - Aplicações Diretas";"0000 - FUNCIONAMENTO DE INSTITUICOES FEDERAIS DE EDUCACAO PROFISSIONAL E TECNOLOGICA - DESPESAS DIVERSAS";"0000";"12 - Educação";"363 - Ensino profissional";"20RL0035 - FUNCIONAMENTO DAS INSTITUICOES DA RED - NO ESTADO DE SAO PAU";"2080 - EDUCACAO DE QUALIDADE PARA TODOS";"20RL - FUNCIONAMENTO DAS INSTITUICOES DA REDE FEDERAL DE EDUCACAO PROFISSIONAL, CIENTIFICA E TECNOLOGICA";
"31/10/2019";"158716264392019NE800075";"0035 - FUNCIONAMENTO DAS INSTITUICOES DA RED - NO ESTADO DE SAO PAU";"Empenho";"ORIGINAL";"26.469.541/0001-57 - SUL.COM ATACADO E VAREJO LTDA";"RS";"IFSP - CAMPUS JACAREI";"INST.FED.DE EDUC.,CIENC.E TEC.DE SAO PAULO";"Instituto Federal de Educação, Ciência e Tecnologia de São Paulo";"Ministério da Educação";"72,00";"3 - Outras Despesas Correntes";"30 - Material de Consumo";"90 - Aplicações Diretas";"0000 - FUNCIONAMENTO DE INSTITUICOES FEDERAIS DE EDUCACAO PROFISSIONAL E TECNOLOGICA - DESPESAS DIVERSAS";"0000";"12 - Educação";"363 - Ensino profissional";"20RL0035 - FUNCIONAMENTO DAS INSTITUICOES DA RED - NO ESTADO DE SAO PAU";"2080 - EDUCACAO DE QUALIDADE PARA TODOS";"20RL - FUNCIONAMENTO DAS INSTITUICOES DA REDE FEDERAL DE EDUCACAO PROFISSIONAL, CIENTIFICA E TECNOLOGICA";
"31/10/2019";"158716264392019NE800076";"0035 - REESTRUTURACAO E MODERNIZACAO DAS INS - NO ESTADO DE SAO PAU";"Empenho";"ORIGINAL";"24.375.213/0001-66 - B10 LICITA LTDA";"SC";"IFSP - CAMPUS JACAREI";"INST.FED.DE EDUC.,CIENC.E TEC.DE SAO PAULO";"Instituto Federal de Educação, Ciência e Tecnologia de São Paulo";"Ministério da Educação";"2.352,91";"4 - Investimentos";"52 - Equipamentos e Material Permanente";"90 - Aplicações Diretas";"EBPM - EMENDA DE BANCADA - ANEXO PRIORIDADES E METAS";"7125 - BANCADA DE SAO PAULO";"12 - Educação";"363 - Ensino profissional";"20RG0035 - REESTRUTURACAO E MODERNIZACAO DAS INS - NO ESTADO DE SAO PAU";"2080 - EDUCACAO DE QUALIDADE PARA TODOS";"20RG - REESTRUTURACAO E MODERNIZACAO DAS INSTITUICOES DA REDE FEDERAL DE EDUCACAO PROFISSIONAL, CIENTIFICA E TECNOLOGICA";
"01/11/2019";"158716264392019NE800077";"0035 - FUNCIONAMENTO DAS INSTITUICOES DA RED - NO ESTADO DE SAO PAU";"Empenho";"ANULAÇÃO";"12.926.152/0001-07 - YOSHIMITSU OGAWA LTDA";"MS";"IFSP - CAMPUS JACAREI";"INST.FED.DE EDUC.,CIENC.E TEC.DE SAO PAULO";"Instituto Federal de Educação, Ciência e Tecnologia de São Paulo";"Ministério da Educação";"509,55";"3 - Outras Despesas Correntes";"30 - Material de Consumo";"90 - Aplicações Diretas";"0000 - FUNCIONAMENTO DE INSTITUICOES FEDERAIS DE EDUCACAO PROFISSIONAL E TECNOLOGICA - DESPESAS DIVERSAS";"0000";"12 - Educação";"363 - Ensino profissional";"20RL0035 - FUNCIONAMENTO DAS INSTITUICOES DA RED - NO ESTADO DE SAO PAU";"2080 - EDUCACAO DE QUALIDADE PARA TODOS";"20RL - FUNCIONAMENTO DAS INSTITUICOES DA REDE FEDERAL DE EDUCACAO PROFISSIONAL, CIENTIFICA E TECNOLOGICA";
"04/11/2019";"158716264392019NE000034";"0035 - FUNCIONAMENTO DAS INSTITUICOES DA RED - NO ESTADO DE SAO PAU";"Empenho";"ORIGINAL";"158716 - IFSP - CAMPUS JACAREI";"SP";"IFSP - CAMPUS JACAREI";"INST.FED.DE EDUC.,CIENC.E TEC.DE SAO PAULO";"Instituto Federal de Educação, Ciência e Tecnologia de São Paulo";"Ministério da Educação";"3.000,00";"3 - Outras Despesas Correntes";"18 - Auxílio Financeiro a Estudantes";"90 - Aplicações Diretas";"0000 - FUNCIONAMENTO DE INSTITUICOES FEDERAIS DE EDUCACAO PROFISSIONAL E TECNOLOGICA - DESPESAS DIVERSAS";"0000";"12 - Educação";"363 - Ensino profissional";"20RL0035 - FUNCIONAMENTO DAS INSTITUICOES DA RED - NO ESTADO DE SAO PAU";"2080 - EDUCACAO DE QUALIDADE PARA TODOS";"20RL - FUNCIONAMENTO DAS INSTITUICOES DA REDE FEDERAL DE EDUCACAO PROFISSIONAL, CIENTIFICA E TECNOLOGICA";
"04/11/2019";"158716264392019NE000035";"0035 - FUNCIONAMENTO DAS INSTITUICOES DA RED - NO ESTADO DE SAO PAU";"Empenho";"ORIGINAL";"158716 - IFSP - CAMPUS JACAREI";"SP";"IFSP - CAMPUS JACAREI";"INST.FED.DE EDUC.,CIENC.E TEC.DE SAO PAULO";"Instituto Federal de Educação, Ciência e Tecnologia de São Paulo";"Ministério da Educação";"1.200,00";"3 - Outras Despesas Correntes";"18 - Auxílio Financeiro a Estudantes";"90 - Aplicações Diretas";"0000 - FUNCIONAMENTO DE INSTITUICOES FEDERAIS DE EDUCACAO PROFISSIONAL E TECNOLOGICA - DESPESAS DIVERSAS";"0000";"12 - Educação";"363 - Ensino profissional";"20RL0035 - FUNCIONAMENTO DAS INSTITUICOES DA RED - NO ESTADO DE SAO PAU";"2080 - EDUCACAO DE QUALIDADE PARA TODOS";"20RL - FUNCIONAMENTO DAS INSTITUICOES DA REDE FEDERAL DE EDUCACAO PROFISSIONAL, CIENTIFICA E TECNOLOGICA";
"05/11/2019";"158716264392019NE000036";"0035 - FUNCIONAMENTO DAS INSTITUICOES DA RED - NO ESTADO DE SAO PAU";"Empenho";"ORIGINAL";"158716 - IFSP - CAMPUS JACAREI";"SP";"IFSP - CAMPUS JACAREI";"INST.FED.DE EDUC.,CIENC.E TEC.DE SAO PAULO";"Instituto Federal de Educação, Ciência e Tecnologia de São Paulo";"Ministério da Educação";"1.960,00";"3 - Outras Despesas Correntes";"18 - Auxílio Financeiro a Estudantes";"90 - Aplicações Diretas";"0000 - FUNCIONAMENTO DE INSTITUICOES FEDERAIS DE EDUCACAO PROFISSIONAL E TECNOLOGICA - DESPESAS DIVERSAS";"0000";"12 - Educação";"363 - Ensino profissional";"20RL0035 - FUNCIONAMENTO DAS INSTITUICOES DA RED - NO ESTADO DE SAO PAU";"2080 - EDUCACAO DE QUALIDADE PARA TODOS";"20RL - FUNCIONAMENTO DAS INSTITUICOES DA REDE FEDERAL DE EDUCACAO PROFISSIONAL, CIENTIFICA E TECNOLOGICA";
"06/11/2019";"158716264392019NE000037";"0035 - FUNCIONAMENTO DAS INSTITUICOES DA RED - NO ESTADO DE SAO PAU";"Empenho";"ORIGINAL";"158716 - IFSP - CAMPUS JACAREI";"SP";"IFSP - CAMPUS JACAREI";"INST.FED.DE EDUC.,CIENC.E TEC.DE SAO PAULO";"Instituto Federal de Educação, Ciência e Tecnologia de São Paulo";"Ministério da Educação";"5.410,00";"3 - Outras Despesas Correntes";"18 - Auxílio Financeiro a Estudantes";"90 - Aplicações Diretas";"0000 - FUNCIONAMENTO DE INSTITUICOES FEDERAIS DE EDUCACAO PROFISSIONAL E TECNOLOGICA - DESPESAS DIVERSAS";"0000";"12 - Educação";"363 - Ensino profissional";"20RL0035 - FUNCIONAMENTO DAS INSTITUICOES DA RED - NO ESTADO DE SAO PAU";"2080 - EDUCACAO DE QUALIDADE PARA TODOS";"20RL - FUNCIONAMENTO DAS INSTITUICOES DA REDE FEDERAL DE EDUCACAO PROFISSIONAL, CIENTIFICA E TECNOLOGICA";
"06/11/2019";"158716264392019NE800078";"0001 - APOIO AO PROGRAMA NACIONAL DE ALIMENT - NACIONAL";"Empenho";"ORIGINAL";"10.568.281/0001-37 - COOPERATIVA DOS TRABALHADORES DA REFORMA AGRARIA TERRA LIVRE LTDA";"RS";"IFSP - CAMPUS JACAREI";"FUNDO NACIONAL DE DESENVOLVIMENTO DA EDUCACAO";"Instituto Federal de Educação, Ciência e Tecnologia de São Paulo";"Ministério da Educação";"33.921,27";"3 - Outras Despesas Correntes";"32 - Material, Bem ou Serviço para Distribuição Gratuita";"90 - Aplicações Diretas";"0000 - APOIO A ALIMENTACAO ESCOLAR NA EDUCACAO BASICA (PNAE)";"0000";"12 - Educação";"306 - Alimentação e nutrição";"00PI0001 - APOIO AO PROGRAMA NACIONAL DE ALIMENT - NACIONAL";"2080 - EDUCACAO DE QUALIDADE PARA TODOS";"00PI - APOIO AO PROGRAMA NACIONAL DE ALIMENTACAO ESCOLAR (PNAE)";
"06/11/2019";"158716264392019NE800079";"0001 - APOIO AO PROGRAMA NACIONAL DE ALIMENT - NACIONAL";"Empenho";"ORIGINAL";"***.496.708-** - JACKS BARBOSA GOVEIA RODRIGUES";"SP";"IFSP - CAMPUS JACAREI";"FUNDO NACIONAL DE DESENVOLVIMENTO DA EDUCACAO";"Instituto Federal de Educação, Ciência e Tecnologia de São Paulo";"Ministério da Educação";"9.327,56";"3 - Outras Despesas Correntes";"32 - Material, Bem ou Serviço para Distribuição Gratuita";"90 - Aplicações Diretas";"0000 - APOIO A ALIMENTACAO ESCOLAR NA EDUCACAO BASICA (PNAE)";"0000";"12 - Educação";"306 - Alimentação e nutrição";"00PI0001 - APOIO AO PROGRAMA NACIONAL DE ALIMENT - NACIONAL";"2080 - EDUCACAO DE QUALIDADE PARA TODOS";"00PI - APOIO AO PROGRAMA NACIONAL DE ALIMENTACAO ESCOLAR (PNAE)";
"06/11/2019";"158716264392019NE800080";"0001 - APOIO AO PROGRAMA NACIONAL DE ALIMENT - NACIONAL";"Empenho";"ORIGINAL";"***.435.418-** - JOSE NICACIO PEREIRA FILHO";"SP";"IFSP - CAMPUS JACAREI";"FUNDO NACIONAL DE DESENVOLVIMENTO DA EDUCACAO";"Instituto Federal de Educação, Ciência e Tecnologia de São Paulo";"Ministério da Educação";"4.762,38";"3 - Outras Despesas Correntes";"32 - Material, Bem ou Serviço para Distribuição Gratuita";"90 - Aplicações Diretas";"0000 - APOIO A ALIMENTACAO ESCOLAR NA EDUCACAO BASICA (PNAE)";"0000";"12 - Educação";"306 - Alimentação e nutrição";"00PI0001 - APOIO AO PROGRAMA NACIONAL DE ALIMENT - NACIONAL";"2080 - EDUCACAO DE QUALIDADE PARA TODOS";"00PI - APOIO AO PROGRAMA NACIONAL DE ALIMENTACAO ESCOLAR (PNAE)";
"08/11/2019";"158716264392019NE800081";"0035 - FUNCIONAMENTO DAS INSTITUICOES DA RED - NO ESTADO DE SAO PAU";"Empenho";"REFORÇO";"20.191.043/0001-09 - CONSOLIDEZ SERVICOS DE LIMPEZA LTDA";"SP";"IFSP - CAMPUS JACAREI";"INST.FED.DE EDUC.,CIENC.E TEC.DE SAO PAULO";"Instituto Federal de Educação, Ciência e Tecnologia de São Paulo";"Ministério da Educação";"129,16";"3 - Outras Despesas Correntes";"37 - Locação de Mão-de-Obra";"90 - Aplicações Diretas";"0000 - FUNCIONAMENTO DE INSTITUICOES FEDERAIS DE EDUCACAO PROFISSIONAL E TECNOLOGICA - DESPESAS DIVERSAS";"0000";"12 - Educação";"363 - Ensino profissional";"20RL0035 - FUNCIONAMENTO DAS INSTITUICOES DA RED - NO ESTADO DE SAO PAU";"2080 - EDUCACAO DE QUALIDADE PARA TODOS";"20RL - FUNCIONAMENTO DAS INSTITUICOES DA REDE FEDERAL DE EDUCACAO PROFISSIONAL, CIENTIFICA E TECNOLOGICA";
"11/11/2019";"158716264392019NE800082";"0035 - FUNCIONAMENTO DAS INSTITUICOES DA RED - NO ESTADO DE SAO PAU";"Empenho";"ORIGINAL";"10.568.281/0001-37 - COOPERATIVA DOS TRABALHADORES DA REFORMA AGRARIA TERRA LIVRE LTDA";"RS";"IFSP - CAMPUS JACAREI";"INST.FED.DE EDUC.,CIENC.E TEC.DE SAO PAULO";"Instituto Federal de Educação, Ciência e Tecnologia de São Paulo";"Ministério da Educação";"2.826,15";"3 - Outras Despesas Correntes";"32 - Material, Bem ou Serviço para Distribuição Gratuita";"90 - Aplicações Diretas";"0000 - FUNCIONAMENTO DE INSTITUICOES FEDERAIS DE EDUCACAO PROFISSIONAL E TECNOLOGICA - DESPESAS DIVERSAS";"0000";"12 - Educação";"363 - Ensino profissional";"20RL0035 - FUNCIONAMENTO DAS INSTITUICOES DA RED - NO ESTADO DE SAO PAU";"2080 - EDUCACAO DE QUALIDADE PARA TODOS";"20RL - FUNCIONAMENTO DAS INSTITUICOES DA REDE FEDERAL DE EDUCACAO PROFISSIONAL, CIENTIFICA E TECNOLOGICA";
"12/11/2019";"158716264392019NE800083";"0035 - REESTRUTURACAO E MODERNIZACAO DAS INS - NO ESTADO DE SAO PAU";"Empenho";"ORIGINAL";"27.679.382/0001-88 - AM MOREIRA GONCALVES E CIA LTDA";"GO";"IFSP - CAMPUS JACAREI";"INST.FED.DE EDUC.,CIENC.E TEC.DE SAO PAULO";"Instituto Federal de Educação, Ciência e Tecnologia de São Paulo";"Ministério da Educação";"5.100,00";"4 - Investimentos";"52 - Equipamentos e Material Permanente";"90 - Aplicações Diretas";"0000 - REESTRUTURACAO E MODERNIZACAO DE INSTITUICOES FEDERAIS DE EDUCACAO PROFISSIONAL E TECNOLOGICA - DESPESAS DIVERSAS";"0000";"12 - Educação";"363 - Ensino profissional";"20RG0035 - REESTRUTURACAO E MODERNIZACAO DAS INS - NO ESTADO DE SAO PAU";"2080 - EDUCACAO DE QUALIDADE PARA TODOS";"20RG - REESTRUTURACAO E MODERNIZACAO DAS INSTITUICOES DA REDE FEDERAL DE EDUCACAO PROFISSIONAL, CIENTIFICA E TECNOLOGICA";
"12/11/2019";"158716264392019NE800084";"0035 - REESTRUTURACAO E MODERNIZACAO DAS INS - NO ESTADO DE SAO PAU";"Empenho";"ORIGINAL";"09.138.326/0001-54 - PABLO LUIS MARTINS";"SC";"IFSP - CAMPUS JACAREI";"INST.FED.DE EDUC.,CIENC.E TEC.DE SAO PAULO";"Instituto Federal de Educação, Ciência e Tecnologia de São Paulo";"Ministério da Educação";"1.417,90";"4 - Investimentos";"52 - Equipamentos e Material Permanente";"90 - Aplicações Diretas";"0000 - REESTRUTURACAO E MODERNIZACAO DE INSTITUICOES FEDERAIS DE EDUCACAO PROFISSIONAL E TECNOLOGICA - DESPESAS DIVERSAS";"0000";"12 - Educação";"363 - Ensino profissional";"20RG0035 - REESTRUTURACAO E MODERNIZACAO DAS INS - NO ESTADO DE SAO PAU";"2080 - EDUCACAO DE QUALIDADE PARA TODOS";"20RG - REESTRUTURACAO E MODERNIZACAO DAS INSTITUICOES DA REDE FEDERAL DE EDUCACAO PROFISSIONAL, CIENTIFICA E TECNOLOGICA";
"12/11/2019";"158716264392019NE800085";"0035 - REESTRUTURACAO E MODERNIZACAO DAS INS - NO ESTADO DE SAO PAU";"Empenho";"ANULAÇÃO";"27.679.382/0001-88 - AM MOREIRA GONCALVES E CIA LTDA";"GO";"IFSP - CAMPUS JACAREI";"INST.FED.DE EDUC.,CIENC.E TEC.DE SAO PAULO";"Instituto Federal de Educação, Ciência e Tecnologia de São Paulo";"Ministério da Educação";"5.100,00";"4 - Investimentos";"52 - Equipamentos e Material Permanente";"90 - Aplicações Diretas";"0000 - REESTRUTURACAO E MODERNIZACAO DE INSTITUICOES FEDERAIS DE EDUCACAO PROFISSIONAL E TECNOLOGICA - DESPESAS DIVERSAS";"0000";"12 - Educação";"363 - Ensino profissional";"20RG0035 - REESTRUTURACAO E MODERNIZACAO DAS INS - NO ESTADO DE SAO PAU";"2080 - EDUCACAO DE QUALIDADE PARA TODOS";"20RG - REESTRUTURACAO E MODERNIZACAO DAS INSTITUICOES DA REDE FEDERAL DE EDUCACAO PROFISSIONAL, CIENTIFICA E TECNOLOGICA";
"12/11/2019";"158716264392019NE800086";"0035 - REESTRUTURACAO E MODERNIZACAO DAS INS - NO ESTADO DE SAO PAU";"Empenho";"ANULAÇÃO";"09.138.326/0001-54 - PABLO LUIS MARTINS";"SC";"IFSP - CAMPUS JACAREI";"INST.FED.DE EDUC.,CIENC.E TEC.DE SAO PAULO";"Instituto Federal de Educação, Ciência e Tecnologia de São Paulo";"Ministério da Educação";"1.417,90";"4 - Investimentos";"52 - Equipamentos e Material Permanente";"90 - Aplicações Diretas";"0000 - REESTRUTURACAO E MODERNIZACAO DE INSTITUICOES FEDERAIS DE EDUCACAO PROFISSIONAL E TECNOLOGICA - DESPESAS DIVERSAS";"0000";"12 - Educação";"363 - Ensino profissional";"20RG0035 - REESTRUTURACAO E MODERNIZACAO DAS INS - NO ESTADO DE SAO PAU";"2080 - EDUCACAO DE QUALIDADE PARA TODOS";"20RG - REESTRUTURACAO E MODERNIZACAO DAS INSTITUICOES DA REDE FEDERAL DE EDUCACAO PROFISSIONAL, CIENTIFICA E TECNOLOGICA";
"12/11/2019";"158716264392019NE800087";"0035 - REESTRUTURACAO E MODERNIZACAO DAS INS - NO ESTADO DE SAO PAU";"Empenho";"ORIGINAL";"27.679.382/0001-88 - AM MOREIRA GONCALVES E CIA LTDA";"GO";"IFSP - CAMPUS JACAREI";"INST.FED.DE EDUC.,CIENC.E TEC.DE SAO PAULO";"Instituto Federal de Educação, Ciência e Tecnologia de São Paulo";"Ministério da Educação";"5.100,00";"4 - Investimentos";"52 - Equipamentos e Material Permanente";"90 - Aplicações Diretas";"0000 - REESTRUTURACAO E MODERNIZACAO DE INSTITUICOES FEDERAIS DE EDUCACAO PROFISSIONAL E TECNOLOGICA - DESPESAS DIVERSAS";"0000";"12 - Educação";"363 - Ensino profissional";"20RG0035 - REESTRUTURACAO E MODERNIZACAO DAS INS - NO ESTADO DE SAO PAU";"2080 - EDUCACAO DE QUALIDADE PARA TODOS";"20RG - REESTRUTURACAO E MODERNIZACAO DAS INSTITUICOES DA REDE FEDERAL DE EDUCACAO PROFISSIONAL, CIENTIFICA E TECNOLOGICA";
"12/11/2019";"158716264392019NE800088";"0035 - REESTRUTURACAO E MODERNIZACAO DAS INS - NO ESTADO DE SAO PAU";"Empenho";"ORIGINAL";"09.138.326/0001-54 - PABLO LUIS MARTINS";"SC";"IFSP - CAMPUS JACAREI";"INST.FED.DE EDUC.,CIENC.E TEC.DE SAO PAULO";"Instituto Federal de Educação, Ciência e Tecnologia de São Paulo";"Ministério da Educação";"1.417,90";"4 - Investimentos";"52 - Equipamentos e Material Permanente";"90 - Aplicações Diretas";"0000 - REESTRUTURACAO E MODERNIZACAO DE INSTITUICOES FEDERAIS DE EDUCACAO PROFISSIONAL E TECNOLOGICA - DESPESAS DIVERSAS";"0000";"12 - Educação";"363 - Ensino profissional";"20RG0035 - REESTRUTURACAO E MODERNIZACAO DAS INS - NO ESTADO DE SAO PAU";"2080 - EDUCACAO DE QUALIDADE PARA TODOS";"20RG - REESTRUTURACAO E MODERNIZACAO DAS INSTITUICOES DA REDE FEDERAL DE EDUCACAO PROFISSIONAL, CIENTIFICA E TECNOLOGICA";
"12/11/2019";"158716264392019NE800089";"0035 - REESTRUTURACAO E MODERNIZACAO DAS INS - NO ESTADO DE SAO PAU";"Empenho";"ORIGINAL";"21.306.287/0001-52 - TECNO2000 INDUSTRIA E COMERCIO LTDA";"MG";"IFSP - CAMPUS JACAREI";"INST.FED.DE EDUC.,CIENC.E TEC.DE SAO PAULO";"Instituto Federal de Educação, Ciência e Tecnologia de São Paulo";"Ministério da Educação";"8.214,80";"4 - Investimentos";"52 - Equipamentos e Material Permanente";"90 - Aplicações Diretas";"0000 - REESTRUTURACAO E MODERNIZACAO DE INSTITUICOES FEDERAIS DE EDUCACAO PROFISSIONAL E TECNOLOGICA - DESPESAS DIVERSAS";"0000";"12 - Educação";"363 - Ensino profissional";"20RG0035 - REESTRUTURACAO E MODERNIZACAO DAS INS - NO ESTADO DE SAO PAU";"2080 - EDUCACAO DE QUALIDADE PARA TODOS";"20RG - REESTRUTURACAO E MODERNIZACAO DAS INSTITUICOES DA REDE FEDERAL DE EDUCACAO PROFISSIONAL, CIENTIFICA E TECNOLOGICA";
"12/11/2019";"158716264392019NE800090";"0035 - REESTRUTURACAO E MODERNIZACAO DAS INS - NO ESTADO DE SAO PAU";"Empenho";"ORIGINAL";"54.826.367/0004-30 - MAQMOVEIS INDUSTRIA E COMERCIO DE MOVEIS LTDA.";"SP";"IFSP - CAMPUS JACAREI";"INST.FED.DE EDUC.,CIENC.E TEC.DE SAO PAULO";"Instituto Federal de Educação, Ciência e Tecnologia de São Paulo";"Ministério da Educação";"6.780,00";"4 - Investimentos";"52 - Equipamentos e Material Permanente";"90 - Aplicações Diretas";"0000 - REESTRUTURACAO E MODERNIZACAO DE INSTITUICOES FEDERAIS DE EDUCACAO PROFISSIONAL E TECNOLOGICA - DESPESAS DIVERSAS";"0000";"12 - Educação";"363 - Ensino profissional";"20RG0035 - REESTRUTURACAO E MODERNIZACAO DAS INS - NO ESTADO DE SAO PAU";"2080 - EDUCACAO DE QUALIDADE PARA TODOS";"20RG - REESTRUTURACAO E MODERNIZACAO DAS INSTITUICOES DA REDE FEDERAL DE EDUCACAO PROFISSIONAL, CIENTIFICA E TECNOLOGICA";
"12/11/2019";"158716264392019NE800091";"0035 - FUNCIONAMENTO DAS INSTITUICOES DA RED - NO ESTADO DE SAO PAU";"Empenho";"ORIGINAL";"28.820.155/0001-93 - A V SUPRIMENTOS LTDA";"SP";"IFSP - CAMPUS JACAREI";"INST.FED.DE EDUC.,CIENC.E TEC.DE SAO PAULO";"Instituto Federal de Educação, Ciência e Tecnologia de São Paulo";"Ministério da Educação";"5.280,00";"3 - Outras Despesas Correntes";"30 - Material de Consumo";"90 - Aplicações Diretas";"0000 - FUNCIONAMENTO DE INSTITUICOES FEDERAIS DE EDUCACAO PROFISSIONAL E TECNOLOGICA - DESPESAS DIVERSAS";"0000";"12 - Educação";"363 - Ensino profissional";"20RL0035 - FUNCIONAMENTO DAS INSTITUICOES DA RED - NO ESTADO DE SAO PAU";"2080 - EDUCACAO DE QUALIDADE PARA TODOS";"20RL - FUNCIONAMENTO DAS INSTITUICOES DA REDE FEDERAL DE EDUCACAO PROFISSIONAL, CIENTIFICA E TECNOLOGICA";
"12/11/2019";"158716264392019NE800092";"0035 - FUNCIONAMENTO DAS INSTITUICOES DA RED - NO ESTADO DE SAO PAU";"Empenho";"ORIGINAL";"29.568.801/0001-30 - M3 INTERMEDIACAO DE SERVICOS E NEGOCIOS LTDA";"PE";"IFSP - CAMPUS JACAREI";"INST.FED.DE EDUC.,CIENC.E TEC.DE SAO PAULO";"Instituto Federal de Educação, Ciência e Tecnologia de São Paulo";"Ministério da Educação";"6.400,00";"3 - Outras Despesas Correntes";"30 - Material de Consumo";"90 - Aplicações Diretas";"0000 - FUNCIONAMENTO DE INSTITUICOES FEDERAIS DE EDUCACAO PROFISSIONAL E TECNOLOGICA - DESPESAS DIVERSAS";"0000";"12 - Educação";"363 - Ensino profissional";"20RL0035 - FUNCIONAMENTO DAS INSTITUICOES DA RED - NO ESTADO DE SAO PAU";"2080 - EDUCACAO DE QUALIDADE PARA TODOS";"20RL - FUNCIONAMENTO DAS INSTITUICOES DA REDE FEDERAL DE EDUCACAO PROFISSIONAL, CIENTIFICA E TECNOLOGICA";
"12/11/2019";"158716264392019NE800093";"0035 - FUNCIONAMENTO DAS INSTITUICOES DA RED - NO ESTADO DE SAO PAU";"Empenho";"ORIGINAL";"21.128.750/0001-13 - LANCONEX TECNOLOGIA COMERCIO IMPORTACAO E EXPORTACAO LTDA";"RN";"IFSP - CAMPUS JACAREI";"INST.FED.DE EDUC.,CIENC.E TEC.DE SAO PAULO";"Instituto Federal de Educação, Ciência e Tecnologia de São Paulo";"Ministério da Educação";"389,90";"3 - Outras Despesas Correntes";"30 - Material de Consumo";"90 - Aplicações Diretas";"0000 - FUNCIONAMENTO DE INSTITUICOES FEDERAIS DE EDUCACAO PROFISSIONAL E TECNOLOGICA - DESPESAS DIVERSAS";"0000";"12 - Educação";"363 - Ensino profissional";"20RL0035 - FUNCIONAMENTO DAS INSTITUICOES DA RED - NO ESTADO DE SAO PAU";"2080 - EDUCACAO DE QUALIDADE PARA TODOS";"20RL - FUNCIONAMENTO DAS INSTITUICOES DA REDE FEDERAL DE EDUCACAO PROFISSIONAL, CIENTIFICA E TECNOLOGICA";
"12/11/2019";"158716264392019NE800094";"0035 - FUNCIONAMENTO DAS INSTITUICOES DA RED - NO ESTADO DE SAO PAU";"Empenho";"ORIGINAL";"71.511.349/0001-36 - AMILTON GUIMARAES E CIA LTDA";"MG";"IFSP - CAMPUS JACAREI";"INST.FED.DE EDUC.,CIENC.E TEC.DE SAO PAULO";"Instituto Federal de Educação, Ciência e Tecnologia de São Paulo";"Ministério da Educação";"652,61";"3 - Outras Despesas Correntes";"30 - Material de Consumo";"90 - Aplicações Diretas";"0000 - FUNCIONAMENTO DE INSTITUICOES FEDERAIS DE EDUCACAO PROFISSIONAL E TECNOLOGICA - DESPESAS DIVERSAS";"0000";"12 - Educação";"363 - Ensino profissional";"20RL0035 - FUNCIONAMENTO DAS INSTITUICOES DA RED - NO ESTADO DE SAO PAU";"2080 - EDUCACAO DE QUALIDADE PARA TODOS";"20RL - FUNCIONAMENTO DAS INSTITUICOES DA REDE FEDERAL DE EDUCACAO PROFISSIONAL, CIENTIFICA E TECNOLOGICA";
"12/11/2019";"158716264392019NE800095";"0035 - FUNCIONAMENTO DAS INSTITUICOES DA RED - NO ESTADO DE SAO PAU";"Empenho";"ORIGINAL";"30.848.671/0001-78 - ELAINE NEVES DE MEDEIROS";"MG";"IFSP - CAMPUS JACAREI";"INST.FED.DE EDUC.,CIENC.E TEC.DE SAO PAULO";"Instituto Federal de Educação, Ciência e Tecnologia de São Paulo";"Ministério da Educação";"149,25";"3 - Outras Despesas Correntes";"30 - Material de Consumo";"90 - Aplicações Diretas";"0000 - FUNCIONAMENTO DE INSTITUICOES FEDERAIS DE EDUCACAO PROFISSIONAL E TECNOLOGICA - DESPESAS DIVERSAS";"0000";"12 - Educação";"363 - Ensino profissional";"20RL0035 - FUNCIONAMENTO DAS INSTITUICOES DA RED - NO ESTADO DE SAO PAU";"2080 - EDUCACAO DE QUALIDADE PARA TODOS";"20RL - FUNCIONAMENTO DAS INSTITUICOES DA REDE FEDERAL DE EDUCACAO PROFISSIONAL, CIENTIFICA E TECNOLOGICA";
"12/11/2019";"158716264392019NE800096";"0035 - FUNCIONAMENTO DAS INSTITUICOES DA RED - NO ESTADO DE SAO PAU";"Empenho";"ORIGINAL";"23.285.082/0001-63 - F.L.A. COMERCIO E SERVICOS LTDA";"SP";"IFSP - CAMPUS JACAREI";"INST.FED.DE EDUC.,CIENC.E TEC.DE SAO PAULO";"Instituto Federal de Educação, Ciência e Tecnologia de São Paulo";"Ministério da Educação";"5.250,00";"3 - Outras Despesas Correntes";"30 - Material de Consumo";"90 - Aplicações Diretas";"0000 - FUNCIONAMENTO DE INSTITUICOES FEDERAIS DE EDUCACAO PROFISSIONAL E TECNOLOGICA - DESPESAS DIVERSAS";"0000";"12 - Educação";"363 - Ensino profissional";"20RL0035 - FUNCIONAMENTO DAS INSTITUICOES DA RED - NO ESTADO DE SAO PAU";"2080 - EDUCACAO DE QUALIDADE PARA TODOS";"20RL - FUNCIONAMENTO DAS INSTITUICOES DA REDE FEDERAL DE EDUCACAO PROFISSIONAL, CIENTIFICA E TECNOLOGICA";
"12/11/2019";"158716264392019NE800097";"0035 - FUNCIONAMENTO DAS INSTITUICOES DA RED - NO ESTADO DE SAO PAU";"Empenho";"ORIGINAL";"61.457.941/0001-43 - GOMAQ MAQUINAS PARA ESCRITORIO LIMITADA";"SP";"IFSP - CAMPUS JACAREI";"INST.FED.DE EDUC.,CIENC.E TEC.DE SAO PAULO";"Instituto Federal de Educação, Ciência e Tecnologia de São Paulo";"Ministério da Educação";"4.412,85";"3 - Outras Despesas Correntes";"30 - Material de Consumo";"90 - Aplicações Diretas";"0000 - FUNCIONAMENTO DE INSTITUICOES FEDERAIS DE EDUCACAO PROFISSIONAL E TECNOLOGICA - DESPESAS DIVERSAS";"0000";"12 - Educação";"363 - Ensino profissional";"20RL0035 - FUNCIONAMENTO DAS INSTITUICOES DA RED - NO ESTADO DE SAO PAU";"2080 - EDUCACAO DE QUALIDADE PARA TODOS";"20RL - FUNCIONAMENTO DAS INSTITUICOES DA REDE FEDERAL DE EDUCACAO PROFISSIONAL, CIENTIFICA E TECNOLOGICA";
"12/11/2019";"158716264392019NE800098";"0035 - FUNCIONAMENTO DAS INSTITUICOES DA RED - NO ESTADO DE SAO PAU";"Empenho";"ORIGINAL";"16.618.429/0001-87 - M R DE M MAIA PAPELARIA EIRELI";"AL";"IFSP - CAMPUS JACAREI";"INST.FED.DE EDUC.,CIENC.E TEC.DE SAO PAULO";"Instituto Federal de Educação, Ciência e Tecnologia de São Paulo";"Ministério da Educação";"51,50";"3 - Outras Despesas Correntes";"30 - Material de Consumo";"90 - Aplicações Diretas";"0000 - FUNCIONAMENTO DE INSTITUICOES FEDERAIS DE EDUCACAO PROFISSIONAL E TECNOLOGICA - DESPESAS DIVERSAS";"0000";"12 - Educação";"363 - Ensino profissional";"20RL0035 - FUNCIONAMENTO DAS INSTITUICOES DA RED - NO ESTADO DE SAO PAU";"2080 - EDUCACAO DE QUALIDADE PARA TODOS";"20RL - FUNCIONAMENTO DAS INSTITUICOES DA REDE FEDERAL DE EDUCACAO PROFISSIONAL, CIENTIFICA E TECNOLOGICA";
"12/11/2019";"158716264392019NE800099";"0035 - FUNCIONAMENTO DAS INSTITUICOES DA RED - NO ESTADO DE SAO PAU";"Empenho";"ORIGINAL";"13.761.205/0001-31 - NYDIA DISTRIBUIDORA DE PRODUTOS DE TELEINFORMATICA LTDA EM RECUPERACAO JUDICIAL";"PR";"IFSP - CAMPUS JACAREI";"INST.FED.DE EDUC.,CIENC.E TEC.DE SAO PAULO";"Instituto Federal de Educação, Ciência e Tecnologia de São Paulo";"Ministério da Educação";"260,00";"3 - Outras Despesas Correntes";"30 - Material de Consumo";"90 - Aplicações Diretas";"0000 - FUNCIONAMENTO DE INSTITUICOES FEDERAIS DE EDUCACAO PROFISSIONAL E TECNOLOGICA - DESPESAS DIVERSAS";"0000";"12 - Educação";"363 - Ensino profissional";"20RL0035 - FUNCIONAMENTO DAS INSTITUICOES DA RED - NO ESTADO DE SAO PAU";"2080 - EDUCACAO DE QUALIDADE PARA TODOS";"20RL - FUNCIONAMENTO DAS INSTITUICOES DA REDE FEDERAL DE EDUCACAO PROFISSIONAL, CIENTIFICA E TECNOLOGICA";
"12/11/2019";"158716264392019NE800100";"0035 - FUNCIONAMENTO DAS INSTITUICOES DA RED - NO ESTADO DE SAO PAU";"Empenho";"ORIGINAL";"03.217.016/0001-49 - RPF COMERCIAL LTDA";"PR";"IFSP - CAMPUS JACAREI";"INST.FED.DE EDUC.,CIENC.E TEC.DE SAO PAULO";"Instituto Federal de Educação, Ciência e Tecnologia de São Paulo";"Ministério da Educação";"29,88";"3 - Outras Despesas Correntes";"30 - Material de Consumo";"90 - Aplicações Diretas";"0000 - FUNCIONAMENTO DE INSTITUICOES FEDERAIS DE EDUCACAO PROFISSIONAL E TECNOLOGICA - DESPESAS DIVERSAS";"0000";"12 - Educação";"363 - Ensino profissional";"20RL0035 - FUNCIONAMENTO DAS INSTITUICOES DA RED - NO ESTADO DE SAO PAU";"2080 - EDUCACAO DE QUALIDADE PARA TODOS";"20RL - FUNCIONAMENTO DAS INSTITUICOES DA REDE FEDERAL DE EDUCACAO PROFISSIONAL, CIENTIFICA E TECNOLOGICA";
"12/11/2019";"158716264392019NE800101";"0035 - FUNCIONAMENTO DAS INSTITUICOES DA RED - NO ESTADO DE SAO PAU";"Empenho";"ORIGINAL";"04.567.265/0001-27 - SCORPION INFORMATICA LTDA";"PR";"IFSP - CAMPUS JACAREI";"INST.FED.DE EDUC.,CIENC.E TEC.DE SAO PAULO";"Instituto Federal de Educação, Ciência e Tecnologia de São Paulo";"Ministério da Educação";"2.502,42";"3 - Outras Despesas Correntes";"30 - Material de Consumo";"90 - Aplicações Diretas";"0000 - FUNCIONAMENTO DE INSTITUICOES FEDERAIS DE EDUCACAO PROFISSIONAL E TECNOLOGICA - DESPESAS DIVERSAS";"0000";"12 - Educação";"363 - Ensino profissional";"20RL0035 - FUNCIONAMENTO DAS INSTITUICOES DA RED - NO ESTADO DE SAO PAU";"2080 - EDUCACAO DE QUALIDADE PARA TODOS";"20RL - FUNCIONAMENTO DAS INSTITUICOES DA REDE FEDERAL DE EDUCACAO PROFISSIONAL, CIENTIFICA E TECNOLOGICA";
"12/11/2019";"158716264392019NE800102";"0035 - FUNCIONAMENTO DAS INSTITUICOES DA RED - NO ESTADO DE SAO PAU";"Empenho";"ORIGINAL";"11.099.588/0001-07 - SOLARIS TELEINFORMATICA LTDA";"SP";"IFSP - CAMPUS JACAREI";"INST.FED.DE EDUC.,CIENC.E TEC.DE SAO PAULO";"Instituto Federal de Educação, Ciência e Tecnologia de São Paulo";"Ministério da Educação";"751,50";"3 - Outras Despesas Correntes";"30 - Material de Consumo";"90 - Aplicações Diretas";"0000 - FUNCIONAMENTO DE INSTITUICOES FEDERAIS DE EDUCACAO PROFISSIONAL E TECNOLOGICA - DESPESAS DIVERSAS";"0000";"12 - Educação";"363 - Ensino profissional";"20RL0035 - FUNCIONAMENTO DAS INSTITUICOES DA RED - NO ESTADO DE SAO PAU";"2080 - EDUCACAO DE QUALIDADE PARA TODOS";"20RL - FUNCIONAMENTO DAS INSTITUICOES DA REDE FEDERAL DE EDUCACAO PROFISSIONAL, CIENTIFICA E TECNOLOGICA";
"12/11/2019";"158716264392019NE800103";"0035 - FUNCIONAMENTO DAS INSTITUICOES DA RED - NO ESTADO DE SAO PAU";"Empenho";"ORIGINAL";"31.979.529/0001-22 - SOS INFORMATICA LTDA";"RJ";"IFSP - CAMPUS JACAREI";"INST.FED.DE EDUC.,CIENC.E TEC.DE SAO PAULO";"Instituto Federal de Educação, Ciência e Tecnologia de São Paulo";"Ministério da Educação";"5.243,70";"3 - Outras Despesas Correntes";"30 - Material de Consumo";"90 - Aplicações Diretas";"0000 - FUNCIONAMENTO DE INSTITUICOES FEDERAIS DE EDUCACAO PROFISSIONAL E TECNOLOGICA - DESPESAS DIVERSAS";"0000";"12 - Educação";"363 - Ensino profissional";"20RL0035 - FUNCIONAMENTO DAS INSTITUICOES DA RED - NO ESTADO DE SAO PAU";"2080 - EDUCACAO DE QUALIDADE PARA TODOS";"20RL - FUNCIONAMENTO DAS INSTITUICOES DA REDE FEDERAL DE EDUCACAO PROFISSIONAL, CIENTIFICA E TECNOLOGICA";
"12/11/2019";"158716264392019NE800104";"0035 - FUNCIONAMENTO DAS INSTITUICOES DA RED - NO ESTADO DE SAO PAU";"Empenho";"ORIGINAL";"15.135.210/0001-64 - TECPARTS IMPORTACAO E DISTRIBUICAO DE PECAS LTDA";"PR";"IFSP - CAMPUS JACAREI";"INST.FED.DE EDUC.,CIENC.E TEC.DE SAO PAULO";"Instituto Federal de Educação, Ciência e Tecnologia de São Paulo";"Ministério da Educação";"7.095,00";"3 - Outras Despesas Correntes";"30 - Material de Consumo";"90 - Aplicações Diretas";"0000 - FUNCIONAMENTO DE INSTITUICOES FEDERAIS DE EDUCACAO PROFISSIONAL E TECNOLOGICA - DESPESAS DIVERSAS";"0000";"12 - Educação";"363 - Ensino profissional";"20RL0035 - FUNCIONAMENTO DAS INSTITUICOES DA RED - NO ESTADO DE SAO PAU";"2080 - EDUCACAO DE QUALIDADE PARA TODOS";"20RL - FUNCIONAMENTO DAS INSTITUICOES DA REDE FEDERAL DE EDUCACAO PROFISSIONAL, CIENTIFICA E TECNOLOGICA";
"12/11/2019";"158716264392019NE800105";"0035 - FUNCIONAMENTO DAS INSTITUICOES DA RED - NO ESTADO DE SAO PAU";"Empenho";"ORIGINAL";"02.119.775/0001-06 - ONIX-BRASIL COMERCIAL LTDA.";"SP";"IFSP - CAMPUS JACAREI";"INST.FED.DE EDUC.,CIENC.E TEC.DE SAO PAULO";"Instituto Federal de Educação, Ciência e Tecnologia de São Paulo";"Ministério da Educação";"12.824,00";"3 - Outras Despesas Correntes";"32 - Material, Bem ou Serviço para Distribuição Gratuita";"90 - Aplicações Diretas";"0000 - FUNCIONAMENTO DE INSTITUICOES FEDERAIS DE EDUCACAO PROFISSIONAL E TECNOLOGICA - DESPESAS DIVERSAS";"0000";"12 - Educação";"363 - Ensino profissional";"20RL0035 - FUNCIONAMENTO DAS INSTITUICOES DA RED - NO ESTADO DE SAO PAU";"2080 - EDUCACAO DE QUALIDADE PARA TODOS";"20RL - FUNCIONAMENTO DAS INSTITUICOES DA REDE FEDERAL DE EDUCACAO PROFISSIONAL, CIENTIFICA E TECNOLOGICA";
"12/11/2019";"158716264392019NE800106";"0035 - FUNCIONAMENTO DAS INSTITUICOES DA RED - NO ESTADO DE SAO PAU";"Empenho";"ORIGINAL";"82.330.937/0001-90 - TREZE COMERCIAL LTDA";"PR";"IFSP - CAMPUS JACAREI";"INST.FED.DE EDUC.,CIENC.E TEC.DE SAO PAULO";"Instituto Federal de Educação, Ciência e Tecnologia de São Paulo";"Ministério da Educação";"5.190,00";"3 - Outras Despesas Correntes";"32 - Material, Bem ou Serviço para Distribuição Gratuita";"90 - Aplicações Diretas";"0000 - FUNCIONAMENTO DE INSTITUICOES FEDERAIS DE EDUCACAO PROFISSIONAL E TECNOLOGICA - DESPESAS DIVERSAS";"0000";"12 - Educação";"363 - Ensino profissional";"20RL0035 - FUNCIONAMENTO DAS INSTITUICOES DA RED - NO ESTADO DE SAO PAU";"2080 - EDUCACAO DE QUALIDADE PARA TODOS";"20RL - FUNCIONAMENTO DAS INSTITUICOES DA REDE FEDERAL DE EDUCACAO PROFISSIONAL, CIENTIFICA E TECNOLOGICA";
"12/11/2019";"158716264392019NE800107";"0035 - FUNCIONAMENTO DAS INSTITUICOES DA RED - NO ESTADO DE SAO PAU";"Empenho";"ORIGINAL";"07.940.946/0001-87 - COPY INFO - COMERCIO DE MAQUINAS E SUPRIMENTOS LTDA";"RS";"IFSP - CAMPUS JACAREI";"INST.FED.DE EDUC.,CIENC.E TEC.DE SAO PAULO";"Instituto Federal de Educação, Ciência e Tecnologia de São Paulo";"Ministério da Educação";"55,40";"3 - Outras Despesas Correntes";"30 - Material de Consumo";"90 - Aplicações Diretas";"0000 - FUNCIONAMENTO DE INSTITUICOES FEDERAIS DE EDUCACAO PROFISSIONAL E TECNOLOGICA - DESPESAS DIVERSAS";"0000";"12 - Educação";"363 - Ensino profissional";"20RL0035 - FUNCIONAMENTO DAS INSTITUICOES DA RED - NO ESTADO DE SAO PAU";"2080 - EDUCACAO DE QUALIDADE PARA TODOS";"20RL - FUNCIONAMENTO DAS INSTITUICOES DA REDE FEDERAL DE EDUCACAO PROFISSIONAL, CIENTIFICA E TECNOLOGICA";
"12/11/2019";"158716264392019NE800108";"0035 - FUNCIONAMENTO DAS INSTITUICOES DA RED - NO ESTADO DE SAO PAU";"Empenho";"ORIGINAL";"04.567.265/0001-27 - SCORPION INFORMATICA LTDA";"PR";"IFSP - CAMPUS JACAREI";"INST.FED.DE EDUC.,CIENC.E TEC.DE SAO PAULO";"Instituto Federal de Educação, Ciência e Tecnologia de São Paulo";"Ministério da Educação";"76,23";"3 - Outras Despesas Correntes";"30 - Material de Consumo";"90 - Aplicações Diretas";"0000 - FUNCIONAMENTO DE INSTITUICOES FEDERAIS DE EDUCACAO PROFISSIONAL E TECNOLOGICA - DESPESAS DIVERSAS";"0000";"12 - Educação";"363 - Ensino profissional";"20RL0035 - FUNCIONAMENTO DAS INSTITUICOES DA RED - NO ESTADO DE SAO PAU";"2080 - EDUCACAO DE QUALIDADE PARA TODOS";"20RL - FUNCIONAMENTO DAS INSTITUICOES DA REDE FEDERAL DE EDUCACAO PROFISSIONAL, CIENTIFICA E TECNOLOGICA";
"12/11/2019";"158716264392019NE800109";"0035 - FUNCIONAMENTO DAS INSTITUICOES DA RED - NO ESTADO DE SAO PAU";"Empenho";"ORIGINAL";"11.099.588/0001-07 - SOLARIS TELEINFORMATICA LTDA";"SP";"IFSP - CAMPUS JACAREI";"INST.FED.DE EDUC.,CIENC.E TEC.DE SAO PAULO";"Instituto Federal de Educação, Ciência e Tecnologia de São Paulo";"Ministério da Educação";"349,60";"3 - Outras Despesas Correntes";"30 - Material de Consumo";"90 - Aplicações Diretas";"0000 - FUNCIONAMENTO DE INSTITUICOES FEDERAIS DE EDUCACAO PROFISSIONAL E TECNOLOGICA - DESPESAS DIVERSAS";"0000";"12 - Educação";"363 - Ensino profissional";"20RL0035 - FUNCIONAMENTO DAS INSTITUICOES DA RED - NO ESTADO DE SAO PAU";"2080 - EDUCACAO DE QUALIDADE PARA TODOS";"20RL - FUNCIONAMENTO DAS INSTITUICOES DA REDE FEDERAL DE EDUCACAO PROFISSIONAL, CIENTIFICA E TECNOLOGICA";
"13/11/2019";"158716264392019NE800110";"0035 - REESTRUTURACAO E MODERNIZACAO DAS INS - NO ESTADO DE SAO PAU";"Empenho";"ORIGINAL";"13.569.390/0001-67 - CDEL CIA DISTRIBUIDORA E EDITORA DE LIVROS LTDA";"PE";"IFSP - CAMPUS JACAREI";"INST.FED.DE EDUC.,CIENC.E TEC.DE SAO PAULO";"Instituto Federal de Educação, Ciência e Tecnologia de São Paulo";"Ministério da Educação";"45.166,00";"4 - Investimentos";"52 - Equipamentos e Material Permanente";"90 - Aplicações Diretas";"0000 - REESTRUTURACAO E MODERNIZACAO DE INSTITUICOES FEDERAIS DE EDUCACAO PROFISSIONAL E TECNOLOGICA - DESPESAS DIVERSAS";"0000";"12 - Educação";"363 - Ensino profissional";"20RG0035 - REESTRUTURACAO E MODERNIZACAO DAS INS - NO ESTADO DE SAO PAU";"2080 - EDUCACAO DE QUALIDADE PARA TODOS";"20RG - REESTRUTURACAO E MODERNIZACAO DAS INSTITUICOES DA REDE FEDERAL DE EDUCACAO PROFISSIONAL, CIENTIFICA E TECNOLOGICA";
"14/11/2019";"158716264392019NE800111";"0035 - FUNCIONAMENTO DAS INSTITUICOES DA RED - NO ESTADO DE SAO PAU";"Empenho";"ORIGINAL";"02.119.775/0001-06 - ONIX-BRASIL COMERCIAL LTDA.";"SP";"IFSP - CAMPUS JACAREI";"INST.FED.DE EDUC.,CIENC.E TEC.DE SAO PAULO";"Instituto Federal de Educação, Ciência e Tecnologia de São Paulo";"Ministério da Educação";"2.232,00";"3 - Outras Despesas Correntes";"32 - Material, Bem ou Serviço para Distribuição Gratuita";"90 - Aplicações Diretas";"0000 - FUNCIONAMENTO DE INSTITUICOES FEDERAIS DE EDUCACAO PROFISSIONAL E TECNOLOGICA - DESPESAS DIVERSAS";"0000";"12 - Educação";"363 - Ensino profissional";"20RL0035 - FUNCIONAMENTO DAS INSTITUICOES DA RED - NO ESTADO DE SAO PAU";"2080 - EDUCACAO DE QUALIDADE PARA TODOS";"20RL - FUNCIONAMENTO DAS INSTITUICOES DA REDE FEDERAL DE EDUCACAO PROFISSIONAL, CIENTIFICA E TECNOLOGICA";
"14/11/2019";"158716264392019NE800112";"0035 - FUNCIONAMENTO DAS INSTITUICOES DA RED - NO ESTADO DE SAO PAU";"Empenho";"ANULAÇÃO";"02.119.775/0001-06 - ONIX-BRASIL COMERCIAL LTDA.";"SP";"IFSP - CAMPUS JACAREI";"INST.FED.DE EDUC.,CIENC.E TEC.DE SAO PAULO";"Instituto Federal de Educação, Ciência e Tecnologia de São Paulo";"Ministério da Educação";"2.232,00";"3 - Outras Despesas Correntes";"32 - Material, Bem ou Serviço para Distribuição Gratuita";"90 - Aplicações Diretas";"0000 - FUNCIONAMENTO DE INSTITUICOES FEDERAIS DE EDUCACAO PROFISSIONAL E TECNOLOGICA - DESPESAS DIVERSAS";"0000";"12 - Educação";"363 - Ensino profissional";"20RL0035 - FUNCIONAMENTO DAS INSTITUICOES DA RED - NO ESTADO DE SAO PAU";"2080 - EDUCACAO DE QUALIDADE PARA TODOS";"20RL - FUNCIONAMENTO DAS INSTITUICOES DA REDE FEDERAL DE EDUCACAO PROFISSIONAL, CIENTIFICA E TECNOLOGICA";
"14/11/2019";"158716264392019NE800113";"0035 - FUNCIONAMENTO DAS INSTITUICOES DA RED - NO ESTADO DE SAO PAU";"Empenho";"ORIGINAL";"02.119.775/0001-06 - ONIX-BRASIL COMERCIAL LTDA.";"SP";"IFSP - CAMPUS JACAREI";"INST.FED.DE EDUC.,CIENC.E TEC.DE SAO PAULO";"Instituto Federal de Educação, Ciência e Tecnologia de São Paulo";"Ministério da Educação";"2.232,00";"3 - Outras Despesas Correntes";"32 - Material, Bem ou Serviço para Distribuição Gratuita";"90 - Aplicações Diretas";"0000 - FUNCIONAMENTO DE INSTITUICOES FEDERAIS DE EDUCACAO PROFISSIONAL E TECNOLOGICA - DESPESAS DIVERSAS";"0000";"12 - Educação";"363 - Ensino profissional";"20RL0035 - FUNCIONAMENTO DAS INSTITUICOES DA RED - NO ESTADO DE SAO PAU";"2080 - EDUCACAO DE QUALIDADE PARA TODOS";"20RL - FUNCIONAMENTO DAS INSTITUICOES DA REDE FEDERAL DE EDUCACAO PROFISSIONAL, CIENTIFICA E TECNOLOGICA";
"14/11/2019";"158716264392019NE800114";"0035 - FUNCIONAMENTO DAS INSTITUICOES DA RED - NO ESTADO DE SAO PAU";"Empenho";"ORIGINAL";"82.330.937/0001-90 - TREZE COMERCIAL LTDA";"PR";"IFSP - CAMPUS JACAREI";"INST.FED.DE EDUC.,CIENC.E TEC.DE SAO PAULO";"Instituto Federal de Educação, Ciência e Tecnologia de São Paulo";"Ministério da Educação";"7.740,00";"3 - Outras Despesas Correntes";"32 - Material, Bem ou Serviço para Distribuição Gratuita";"90 - Aplicações Diretas";"0000 - FUNCIONAMENTO DE INSTITUICOES FEDERAIS DE EDUCACAO PROFISSIONAL E TECNOLOGICA - DESPESAS DIVERSAS";"0000";"12 - Educação";"363 - Ensino profissional";"20RL0035 - FUNCIONAMENTO DAS INSTITUICOES DA RED - NO ESTADO DE SAO PAU";"2080 - EDUCACAO DE QUALIDADE PARA TODOS";"20RL - FUNCIONAMENTO DAS INSTITUICOES DA REDE FEDERAL DE EDUCACAO PROFISSIONAL, CIENTIFICA E TECNOLOGICA";
"21/11/2019";"158716264392019NE800115";"0035 - REESTRUTURACAO E MODERNIZACAO DAS INS - NO ESTADO DE SAO PAU";"Empenho";"ORIGINAL";"01.707.536/0001-04 - ISH TECNOLOGIA S/A";"ES";"IFSP - CAMPUS JACAREI";"INST.FED.DE EDUC.,CIENC.E TEC.DE SAO PAULO";"Instituto Federal de Educação, Ciência e Tecnologia de São Paulo";"Ministério da Educação";"14.716,53";"4 - Investimentos";"52 - Equipamentos e Material Permanente";"90 - Aplicações Diretas";"0000 - REESTRUTURACAO E MODERNIZACAO DE INSTITUICOES FEDERAIS DE EDUCACAO PROFISSIONAL E TECNOLOGICA - DESPESAS DIVERSAS";"0000";"12 - Educação";"363 - Ensino profissional";"20RG0035 - REESTRUTURACAO E MODERNIZACAO DAS INS - NO ESTADO DE SAO PAU";"2080 - EDUCACAO DE QUALIDADE PARA TODOS";"20RG - REESTRUTURACAO E MODERNIZACAO DAS INSTITUICOES DA REDE FEDERAL DE EDUCACAO PROFISSIONAL, CIENTIFICA E TECNOLOGICA";
"04/12/2019";"158716264392019NE000038";"0035 - FUNCIONAMENTO DAS INSTITUICOES DA RED - NO ESTADO DE SAO PAU";"Empenho";"ANULAÇÃO";"158716 - IFSP - CAMPUS JACAREI";"SP";"IFSP - CAMPUS JACAREI";"INST.FED.DE EDUC.,CIENC.E TEC.DE SAO PAULO";"Instituto Federal de Educação, Ciência e Tecnologia de São Paulo";"Ministério da Educação";"200,00";"3 - Outras Despesas Correntes";"18 - Auxílio Financeiro a Estudantes";"90 - Aplicações Diretas";"0000 - FUNCIONAMENTO DE INSTITUICOES FEDERAIS DE EDUCACAO PROFISSIONAL E TECNOLOGICA - DESPESAS DIVERSAS";"0000";"12 - Educação";"363 - Ensino profissional";"20RL0035 - FUNCIONAMENTO DAS INSTITUICOES DA RED - NO ESTADO DE SAO PAU";"2080 - EDUCACAO DE QUALIDADE PARA TODOS";"20RL - FUNCIONAMENTO DAS INSTITUICOES DA REDE FEDERAL DE EDUCACAO PROFISSIONAL, CIENTIFICA E TECNOLOGICA";
"06/12/2019";"158716264392019NE000039";"0035 - FUNCIONAMENTO DAS INSTITUICOES DA RED - NO ESTADO DE SAO PAU";"Empenho";"REFORÇO";"158716 - IFSP - CAMPUS JACAREI";"SP";"IFSP - CAMPUS JACAREI";"INST.FED.DE EDUC.,CIENC.E TEC.DE SAO PAULO";"Instituto Federal de Educação, Ciência e Tecnologia de São Paulo";"Ministério da Educação";"200,00";"3 - Outras Despesas Correntes";"18 - Auxílio Financeiro a Estudantes";"90 - Aplicações Diretas";"0000 - FUNCIONAMENTO DE INSTITUICOES FEDERAIS DE EDUCACAO PROFISSIONAL E TECNOLOGICA - DESPESAS DIVERSAS";"0000";"12 - Educação";"363 - Ensino profissional";"20RL0035 - FUNCIONAMENTO DAS INSTITUICOES DA RED - NO ESTADO DE SAO PAU";"2080 - EDUCACAO DE QUALIDADE PARA TODOS";"20RL - FUNCIONAMENTO DAS INSTITUICOES DA REDE FEDERAL DE EDUCACAO PROFISSIONAL, CIENTIFICA E TECNOLOGICA";
"09/12/2019";"158716264392019NE800116";"0035 - FUNCIONAMENTO DAS INSTITUICOES DA RED - NO ESTADO DE SAO PAU";"Empenho";"ANULAÇÃO";"02.302.100/0001-06 - EDP SAO PAULO DISTRIBUICAO DE ENERGIA S.A.";"SP";"IFSP - CAMPUS JACAREI";"INST.FED.DE EDUC.,CIENC.E TEC.DE SAO PAULO";"Instituto Federal de Educação, Ciência e Tecnologia de São Paulo";"Ministério da Educação";"3.500,00";"3 - Outras Despesas Correntes";"39 - Outros Serviços de Terceiros - Pessoa Jurídica";"90 - Aplicações Diretas";"0000 - FUNCIONAMENTO DE INSTITUICOES FEDERAIS DE EDUCACAO PROFISSIONAL E TECNOLOGICA - DESPESAS DIVERSAS";"0000";"12 - Educação";"363 - Ensino profissional";"20RL0035 - FUNCIONAMENTO DAS INSTITUICOES DA RED - NO ESTADO DE SAO PAU";"2080 - EDUCACAO DE QUALIDADE PARA TODOS";"20RL - FUNCIONAMENTO DAS INSTITUICOES DA REDE FEDERAL DE EDUCACAO PROFISSIONAL, CIENTIFICA E TECNOLOGICA";
"09/12/2019";"158716264392019NE800117";"0035 - FUNCIONAMENTO DAS INSTITUICOES DA RED - NO ESTADO DE SAO PAU";"Empenho";"ANULAÇÃO";"48.962.625/0001-60 - SAAE SERVICO AUTONOMO DE AGUA E ESGOTO DE JACAREI";"SP";"IFSP - CAMPUS JACAREI";"INST.FED.DE EDUC.,CIENC.E TEC.DE SAO PAULO";"Instituto Federal de Educação, Ciência e Tecnologia de São Paulo";"Ministério da Educação";"500,00";"3 - Outras Despesas Correntes";"39 - Outros Serviços de Terceiros - Pessoa Jurídica";"90 - Aplicações Diretas";"0000 - FUNCIONAMENTO DE INSTITUICOES FEDERAIS DE EDUCACAO PROFISSIONAL E TECNOLOGICA - DESPESAS DIVERSAS";"0000";"12 - Educação";"363 - Ensino profissional";"20RL0035 - FUNCIONAMENTO DAS INSTITUICOES DA RED - NO ESTADO DE SAO PAU";"2080 - EDUCACAO DE QUALIDADE PARA TODOS";"20RL - FUNCIONAMENTO DAS INSTITUICOES DA REDE FEDERAL DE EDUCACAO PROFISSIONAL, CIENTIFICA E TECNOLOGICA";
"10/12/2019";"158716264392019NE800118";"0035 - FUNCIONAMENTO DAS INSTITUICOES DA RED - NO ESTADO DE SAO PAU";"Empenho";"ANULAÇÃO";"09.405.866/0001-57 - PEDRAZUL SERVICOS LTDA";"SP";"IFSP - CAMPUS JACAREI";"INST.FED.DE EDUC.,CIENC.E TEC.DE SAO PAULO";"Instituto Federal de Educação, Ciência e Tecnologia de São Paulo";"Ministério da Educação";"54,05";"3 - Outras Despesas Correntes";"37 - Locação de Mão-de-Obra";"90 - Aplicações Diretas";"0000 - FUNCIONAMENTO DE INSTITUICOES FEDERAIS DE EDUCACAO PROFISSIONAL E TECNOLOGICA - DESPESAS DIVERSAS";"0000";"12 - Educação";"363 - Ensino profissional";"20RL0035 - FUNCIONAMENTO DAS INSTITUICOES DA RED - NO ESTADO DE SAO PAU";"2080 - EDUCACAO DE QUALIDADE PARA TODOS";"20RL - FUNCIONAMENTO DAS INSTITUICOES DA REDE FEDERAL DE EDUCACAO PROFISSIONAL, CIENTIFICA E TECNOLOGICA";
"11/12/2019";"158716264392019NE000040";"0035 - FUNCIONAMENTO DAS INSTITUICOES DA RED - NO ESTADO DE SAO PAU";"Empenho";"ANULAÇÃO";"158716 - IFSP - CAMPUS JACAREI";"SP";"IFSP - CAMPUS JACAREI";"INST.FED.DE EDUC.,CIENC.E TEC.DE SAO PAULO";"Instituto Federal de Educação, Ciência e Tecnologia de São Paulo";"Ministério da Educação";"956,36";"3 - Outras Despesas Correntes";"18 - Auxílio Financeiro a Estudantes";"90 - Aplicações Diretas";"0000 - FUNCIONAMENTO DE INSTITUICOES FEDERAIS DE EDUCACAO PROFISSIONAL E TECNOLOGICA - DESPESAS DIVERSAS";"0000";"12 - Educação";"363 - Ensino profissional";"20RL0035 - FUNCIONAMENTO DAS INSTITUICOES DA RED - NO ESTADO DE SAO PAU";"2080 - EDUCACAO DE QUALIDADE PARA TODOS";"20RL - FUNCIONAMENTO DAS INSTITUICOES DA REDE FEDERAL DE EDUCACAO PROFISSIONAL, CIENTIFICA E TECNOLOGICA";
"11/12/2019";"158716264392019NE000041";"0035 - ASSISTENCIA AOS ESTUDANTES DA REDE FE - NO ESTADO DE SAO PAU";"Empenho";"ANULAÇÃO";"158716 - IFSP - CAMPUS JACAREI";"SP";"IFSP - CAMPUS JACAREI";"INST.FED.DE EDUC.,CIENC.E TEC.DE SAO PAULO";"Instituto Federal de Educação, Ciência e Tecnologia de São Paulo";"Ministério da Educação";"18.030,28";"3 - Outras Despesas Correntes";"18 - Auxílio Financeiro a Estudantes";"90 - Aplicações Diretas";"0001 - AUXILIO FINANCEIRO DE ASSISTENCIA ESTUDANTIL";"0000";"12 - Educação";"363 - Ensino profissional";"29940035 - ASSISTENCIA AOS ESTUDANTES DA REDE FE - NO ESTADO DE SAO PAU";"2080 - EDUCACAO DE QUALIDADE PARA TODOS";"2994 - ASSISTENCIA AOS ESTUDANTES DA REDE FEDERAL DE EDUCACAO PROFISSIONAL, CIENTIFICA E TECNOLOGICA";
"12/12/2019";"158716264392019NE800119";"0035 - FUNCIONAMENTO DAS INSTITUICOES DA RED - NO ESTADO DE SAO PAU";"Empenho";"REFORÇO";"40.432.544/0001-47 - CLARO S.A.";"SP";"IFSP - CAMPUS JACAREI";"INST.FED.DE EDUC.,CIENC.E TEC.DE SAO PAULO";"Instituto Federal de Educação, Ciência e Tecnologia de São Paulo";"Ministério da Educação";"149,77";"3 - Outras Despesas Correntes";"39 - Outros Serviços de Terceiros - Pessoa Jurídica";"90 - Aplicações Diretas";"0000 - FUNCIONAMENTO DE INSTITUICOES FEDERAIS DE EDUCACAO PROFISSIONAL E TECNOLOGICA - DESPESAS DIVERSAS";"0000";"12 - Educação";"363 - Ensino profissional";"20RL0035 - FUNCIONAMENTO DAS INSTITUICOES DA RED - NO ESTADO DE SAO PAU";"2080 - EDUCACAO DE QUALIDADE PARA TODOS";"20RL - FUNCIONAMENTO DAS INSTITUICOES DA REDE FEDERAL DE EDUCACAO PROFISSIONAL, CIENTIFICA E TECNOLOGICA";
"13/12/2019";"158716264392019NE800120";"0035 - ASSISTENCIA AOS ESTUDANTES DA REDE FE - NO ESTADO DE SAO PAU";"Empenho";"ORIGINAL";"82.330.937/0001-90 - TREZE COMERCIAL LTDA";"PR";"IFSP - CAMPUS JACAREI";"INST.FED.DE EDUC.,CIENC.E TEC.DE SAO PAULO";"Instituto Federal de Educação, Ciência e Tecnologia de São Paulo";"Ministério da Educação";"12.930,00";"3 - Outras Despesas Correntes";"32 - Material, Bem ou Serviço para Distribuição Gratuita";"90 - Aplicações Diretas";"0001 - AUXILIO FINANCEIRO DE ASSISTENCIA ESTUDANTIL";"0000";"12 - Educação";"363 - Ensino profissional";"29940035 - ASSISTENCIA AOS ESTUDANTES DA REDE FE - NO ESTADO DE SAO PAU";"2080 - EDUCACAO DE QUALIDADE PARA TODOS";"2994 - ASSISTENCIA AOS ESTUDANTES DA REDE FEDERAL DE EDUCACAO PROFISSIONAL, CIENTIFICA E TECNOLOGICA";
"13/12/2019";"158716264392019NE800121";"0035 - ASSISTENCIA AOS ESTUDANTES DA REDE FE - NO ESTADO DE SAO PAU";"Empenho";"ORIGINAL";"02.119.775/0001-06 - ONIX-BRASIL COMERCIAL LTDA.";"SP";"IFSP - CAMPUS JACAREI";"INST.FED.DE EDUC.,CIENC.E TEC.DE SAO PAULO";"Instituto Federal de Educação, Ciência e Tecnologia de São Paulo";"Ministério da Educação";"5.099,90";"3 - Outras Despesas Correntes";"32 - Material, Bem ou Serviço para Distribuição Gratuita";"90 - Aplicações Diretas";"0001 - AUXILIO FINANCEIRO DE ASSISTENCIA ESTUDANTIL";"0000";"12 - Educação";"363 - Ensino profissional";"29940035 - ASSISTENCIA AOS ESTUDANTES DA REDE FE - NO ESTADO DE SAO PAU";"2080 - EDUCACAO DE QUALIDADE PARA TODOS";"2994 - ASSISTENCIA AOS ESTUDANTES DA REDE FEDERAL DE EDUCACAO PROFISSIONAL, CIENTIFICA E TECNOLOGICA";
"13/12/2019";"158716264392019NE800122";"0035 - FUNCIONAMENTO DAS INSTITUICOES DA RED - NO ESTADO DE SAO PAU";"Empenho";"ORIGINAL";"12.991.409/0001-04 - BALI COMERCIAL LTDA";"SP";"IFSP - CAMPUS JACAREI";"INST.FED.DE EDUC.,CIENC.E TEC.DE SAO PAULO";"Instituto Federal de Educação, Ciência e Tecnologia de São Paulo";"Ministério da Educação";"737,94";"3 - Outras Despesas Correntes";"30 - Material de Consumo";"90 - Aplicações Diretas";"0000 - FUNCIONAMENTO DE INSTITUICOES FEDERAIS DE EDUCACAO PROFISSIONAL E TECNOLOGICA - DESPESAS DIVERSAS";"0000";"12 - Educação";"363 - Ensino profissional";"20RL0035 - FUNCIONAMENTO DAS INSTITUICOES DA RED - NO ESTADO DE SAO PAU";"2080 - EDUCACAO DE QUALIDADE PARA TODOS";"20RL - FUNCIONAMENTO DAS INSTITUICOES DA REDE FEDERAL DE EDUCACAO PROFISSIONAL, CIENTIFICA E TECNOLOGICA";
"13/12/2019";"158716264392019NE800123";"0035 - FUNCIONAMENTO DAS INSTITUICOES DA RED - NO ESTADO DE SAO PAU";"Empenho";"ANULAÇÃO";"08.752.749/0001-05 - SAFEPRO SERVICOS LTDA";"SP";"IFSP - CAMPUS JACAREI";"INST.FED.DE EDUC.,CIENC.E TEC.DE SAO PAULO";"Instituto Federal de Educação, Ciência e Tecnologia de São Paulo";"Ministério da Educação";"1.858,23";"3 - Outras Despesas Correntes";"37 - Locação de Mão-de-Obra";"90 - Aplicações Diretas";"0000 - FUNCIONAMENTO DE INSTITUICOES FEDERAIS DE EDUCACAO PROFISSIONAL E TECNOLOGICA - DESPESAS DIVERSAS";"0000";"12 - Educação";"363 - Ensino profissional";"20RL0035 - FUNCIONAMENTO DAS INSTITUICOES DA RED - NO ESTADO DE SAO PAU";"2080 - EDUCACAO DE QUALIDADE PARA TODOS";"20RL - FUNCIONAMENTO DAS INSTITUICOES DA REDE FEDERAL DE EDUCACAO PROFISSIONAL, CIENTIFICA E TECNOLOGICA";
"16/12/2019";"158716264392019NE000042";"0035 - FUNCIONAMENTO DAS INSTITUICOES DA RED - NO ESTADO DE SAO PAU";"Empenho";"ORIGINAL";"158716 - IFSP - CAMPUS JACAREI";"SP";"IFSP - CAMPUS JACAREI";"INST.FED.DE EDUC.,CIENC.E TEC.DE SAO PAULO";"Instituto Federal de Educação, Ciência e Tecnologia de São Paulo";"Ministério da Educação";"510,00";"3 - Outras Despesas Correntes";"20 - Auxílio Financeiro a Pesquisadores";"90 - Aplicações Diretas";"0000 - FUNCIONAMENTO DE INSTITUICOES FEDERAIS DE EDUCACAO PROFISSIONAL E TECNOLOGICA - DESPESAS DIVERSAS";"0000";"12 - Educação";"363 - Ensino profissional";"20RL0035 - FUNCIONAMENTO DAS INSTITUICOES DA RED - NO ESTADO DE SAO PAU";"2080 - EDUCACAO DE QUALIDADE PARA TODOS";"20RL - FUNCIONAMENTO DAS INSTITUICOES DA REDE FEDERAL DE EDUCACAO PROFISSIONAL, CIENTIFICA E TECNOLOGICA";
"16/12/2019";"158716264392019NE000043";"0035 - FUNCIONAMENTO DAS INSTITUICOES DA RED - NO ESTADO DE SAO PAU";"Empenho";"ORIGINAL";"158716 - IFSP - CAMPUS JACAREI";"SP";"IFSP - CAMPUS JACAREI";"INST.FED.DE EDUC.,CIENC.E TEC.DE SAO PAULO";"Instituto Federal de Educação, Ciência e Tecnologia de São Paulo";"Ministério da Educação";"690,00";"3 - Outras Despesas Correntes";"18 - Auxílio Financeiro a Estudantes";"90 - Aplicações Diretas";"0000 - FUNCIONAMENTO DE INSTITUICOES FEDERAIS DE EDUCACAO PROFISSIONAL E TECNOLOGICA - DESPESAS DIVERSAS";"0000";"12 - Educação";"363 - Ensino profissional";"20RL0035 - FUNCIONAMENTO DAS INSTITUICOES DA RED - NO ESTADO DE SAO PAU";"2080 - EDUCACAO DE QUALIDADE PARA TODOS";"20RL - FUNCIONAMENTO DAS INSTITUICOES DA REDE FEDERAL DE EDUCACAO PROFISSIONAL, CIENTIFICA E TECNOLOGICA";
"16/12/2019";"158716264392019NE000044";"0035 - FUNCIONAMENTO DAS INSTITUICOES DA RED - NO ESTADO DE SAO PAU";"Empenho";"ORIGINAL";"08.752.749/0001-05 - SAFEPRO SERVICOS LTDA";"SP";"IFSP - CAMPUS JACAREI";"INST.FED.DE EDUC.,CIENC.E TEC.DE SAO PAULO";"Instituto Federal de Educação, Ciência e Tecnologia de São Paulo";"Ministério da Educação";"57,20";"3 - Outras Despesas Correntes";"47 - Obrigações Tributárias e Contributivas";"90 - Aplicações Diretas";"0000 - FUNCIONAMENTO DE INSTITUICOES FEDERAIS DE EDUCACAO PROFISSIONAL E TECNOLOGICA - DESPESAS DIVERSAS";"0000";"12 - Educação";"363 - Ensino profissional";"20RL0035 - FUNCIONAMENTO DAS INSTITUICOES DA RED - NO ESTADO DE SAO PAU";"2080 - EDUCACAO DE QUALIDADE PARA TODOS";"20RL - FUNCIONAMENTO DAS INSTITUICOES DA REDE FEDERAL DE EDUCACAO PROFISSIONAL, CIENTIFICA E TECNOLOGICA";
"16/12/2019";"158716264392019NE000045";"0035 - FUNCIONAMENTO DAS INSTITUICOES DA RED - NO ESTADO DE SAO PAU";"Empenho";"ANULAÇÃO";"08.752.749/0001-05 - SAFEPRO SERVICOS LTDA";"SP";"IFSP - CAMPUS JACAREI";"INST.FED.DE EDUC.,CIENC.E TEC.DE SAO PAULO";"Instituto Federal de Educação, Ciência e Tecnologia de São Paulo";"Ministério da Educação";"2,24";"3 - Outras Despesas Correntes";"47 - Obrigações Tributárias e Contributivas";"90 - Aplicações Diretas";"0000 - FUNCIONAMENTO DE INSTITUICOES FEDERAIS DE EDUCACAO PROFISSIONAL E TECNOLOGICA - DESPESAS DIVERSAS";"0000";"12 - Educação";"363 - Ensino profissional";"20RL0035 - FUNCIONAMENTO DAS INSTITUICOES DA RED - NO ESTADO DE SAO PAU";"2080 - EDUCACAO DE QUALIDADE PARA TODOS";"20RL - FUNCIONAMENTO DAS INSTITUICOES DA REDE FEDERAL DE EDUCACAO PROFISSIONAL, CIENTIFICA E TECNOLOGICA";
"16/12/2019";"158716264392019NE000046";"0035 - FUNCIONAMENTO DAS INSTITUICOES DA RED - NO ESTADO DE SAO PAU";"Empenho";"ORIGINAL";"08.752.749/0001-05 - SAFEPRO SERVICOS LTDA";"SP";"IFSP - CAMPUS JACAREI";"INST.FED.DE EDUC.,CIENC.E TEC.DE SAO PAULO";"Instituto Federal de Educação, Ciência e Tecnologia de São Paulo";"Ministério da Educação";"32,98";"3 - Outras Despesas Correntes";"47 - Obrigações Tributárias e Contributivas";"90 - Aplicações Diretas";"0000 - FUNCIONAMENTO DE INSTITUICOES FEDERAIS DE EDUCACAO PROFISSIONAL E TECNOLOGICA - DESPESAS DIVERSAS";"0000";"12 - Educação";"363 - Ensino profissional";"20RL0035 - FUNCIONAMENTO DAS INSTITUICOES DA RED - NO ESTADO DE SAO PAU";"2080 - EDUCACAO DE QUALIDADE PARA TODOS";"20RL - FUNCIONAMENTO DAS INSTITUICOES DA REDE FEDERAL DE EDUCACAO PROFISSIONAL, CIENTIFICA E TECNOLOGICA";
"16/12/2019";"158716264392019NE000047";"0035 - FUNCIONAMENTO DAS INSTITUICOES DA RED - NO ESTADO DE SAO PAU";"Empenho";"ORIGINAL";"09.405.866/0001-57 - PEDRAZUL SERVICOS LTDA";"SP";"IFSP - CAMPUS JACAREI";"INST.FED.DE EDUC.,CIENC.E TEC.DE SAO PAULO";"Instituto Federal de Educação, Ciência e Tecnologia de São Paulo";"Ministério da Educação";"2,24";"3 - Outras Despesas Correntes";"47 - Obrigações Tributárias e Contributivas";"90 - Aplicações Diretas";"0000 - FUNCIONAMENTO DE INSTITUICOES FEDERAIS DE EDUCACAO PROFISSIONAL E TECNOLOGICA - DESPESAS DIVERSAS";"0000";"12 - Educação";"363 - Ensino profissional";"20RL0035 - FUNCIONAMENTO DAS INSTITUICOES DA RED - NO ESTADO DE SAO PAU";"2080 - EDUCACAO DE QUALIDADE PARA TODOS";"20RL - FUNCIONAMENTO DAS INSTITUICOES DA REDE FEDERAL DE EDUCACAO PROFISSIONAL, CIENTIFICA E TECNOLOGICA";
"16/12/2019";"158716264392019NE000048";"0035 - FUNCIONAMENTO DAS INSTITUICOES DA RED - NO ESTADO DE SAO PAU";"Empenho";"ORIGINAL";"09.405.866/0001-57 - PEDRAZUL SERVICOS LTDA";"SP";"IFSP - CAMPUS JACAREI";"INST.FED.DE EDUC.,CIENC.E TEC.DE SAO PAULO";"Instituto Federal de Educação, Ciência e Tecnologia de São Paulo";"Ministério da Educação";"1,79";"3 - Outras Despesas Correntes";"47 - Obrigações Tributárias e Contributivas";"90 - Aplicações Diretas";"0000 - FUNCIONAMENTO DE INSTITUICOES FEDERAIS DE EDUCACAO PROFISSIONAL E TECNOLOGICA - DESPESAS DIVERSAS";"0000";"12 - Educação";"363 - Ensino profissional";"20RL0035 - FUNCIONAMENTO DAS INSTITUICOES DA RED - NO ESTADO DE SAO PAU";"2080 - EDUCACAO DE QUALIDADE PARA TODOS";"20RL - FUNCIONAMENTO DAS INSTITUICOES DA REDE FEDERAL DE EDUCACAO PROFISSIONAL, CIENTIFICA E TECNOLOGICA";
"16/12/2019";"158716264392019NE800124";"0035 - FUNCIONAMENTO DAS INSTITUICOES DA RED - NO ESTADO DE SAO PAU";"Empenho";"REFORÇO";"48.962.625/0001-60 - SAAE SERVICO AUTONOMO DE AGUA E ESGOTO DE JACAREI";"SP";"IFSP - CAMPUS JACAREI";"INST.FED.DE EDUC.,CIENC.E TEC.DE SAO PAULO";"Instituto Federal de Educação, Ciência e Tecnologia de São Paulo";"Ministério da Educação";"166,73";"3 - Outras Despesas Correntes";"39 - Outros Serviços de Terceiros - Pessoa Jurídica";"90 - Aplicações Diretas";"0000 - FUNCIONAMENTO DE INSTITUICOES FEDERAIS DE EDUCACAO PROFISSIONAL E TECNOLOGICA - DESPESAS DIVERSAS";"0000";"12 - Educação";"363 - Ensino profissional";"20RL0035 - FUNCIONAMENTO DAS INSTITUICOES DA RED - NO ESTADO DE SAO PAU";"2080 - EDUCACAO DE QUALIDADE PARA TODOS";"20RL - FUNCIONAMENTO DAS INSTITUICOES DA REDE FEDERAL DE EDUCACAO PROFISSIONAL, CIENTIFICA E TECNOLOGICA";
"16/12/2019";"158716264392019NE800125";"0035 - FUNCIONAMENTO DAS INSTITUICOES DA RED - NO ESTADO DE SAO PAU";"Empenho";"ORIGINAL";"08.288.901/0001-32 - L H GONCALVES COMPONENTES ELETRONICOS LTDA";"SP";"IFSP - CAMPUS JACAREI";"INST.FED.DE EDUC.,CIENC.E TEC.DE SAO PAULO";"Instituto Federal de Educação, Ciência e Tecnologia de São Paulo";"Ministério da Educação";"4.489,00";"3 - Outras Despesas Correntes";"30 - Material de Consumo";"90 - Aplicações Diretas";"0000 - FUNCIONAMENTO DE INSTITUICOES FEDERAIS DE EDUCACAO PROFISSIONAL E TECNOLOGICA - DESPESAS DIVERSAS";"0000";"12 - Educação";"363 - Ensino profissional";"20RL0035 - FUNCIONAMENTO DAS INSTITUICOES DA RED - NO ESTADO DE SAO PAU";"2080 - EDUCACAO DE QUALIDADE PARA TODOS";"20RL - FUNCIONAMENTO DAS INSTITUICOES DA REDE FEDERAL DE EDUCACAO PROFISSIONAL, CIENTIFICA E TECNOLOGICA";
"17/12/2019";"158716264392019NE800126";"0035 - FUNCIONAMENTO DAS INSTITUICOES DA RED - NO ESTADO DE SAO PAU";"Empenho";"ANULAÇÃO";"26.469.541/0001-57 - SUL.COM ATACADO E VAREJO LTDA";"RS";"IFSP - CAMPUS JACAREI";"INST.FED.DE EDUC.,CIENC.E TEC.DE SAO PAULO";"Instituto Federal de Educação, Ciência e Tecnologia de São Paulo";"Ministério da Educação";"72,00";"3 - Outras Despesas Correntes";"30 - Material de Consumo";"90 - Aplicações Diretas";"0000 - FUNCIONAMENTO DE INSTITUICOES FEDERAIS DE EDUCACAO PROFISSIONAL E TECNOLOGICA - DESPESAS DIVERSAS";"0000";"12 - Educação";"363 - Ensino profissional";"20RL0035 - FUNCIONAMENTO DAS INSTITUICOES DA RED - NO ESTADO DE SAO PAU";"2080 - EDUCACAO DE QUALIDADE PARA TODOS";"20RL - FUNCIONAMENTO DAS INSTITUICOES DA REDE FEDERAL DE EDUCACAO PROFISSIONAL, CIENTIFICA E TECNOLOGICA";
"17/12/2019";"158716264392019NE800127";"0035 - FUNCIONAMENTO DAS INSTITUICOES DA RED - NO ESTADO DE SAO PAU";"Empenho";"ANULAÇÃO";"08.658.622/0001-13 - J. J. VITALLI";"RS";"IFSP - CAMPUS JACAREI";"INST.FED.DE EDUC.,CIENC.E TEC.DE SAO PAULO";"Instituto Federal de Educação, Ciência e Tecnologia de São Paulo";"Ministério da Educação";"9,97";"3 - Outras Despesas Correntes";"30 - Material de Consumo";"90 - Aplicações Diretas";"0000 - FUNCIONAMENTO DE INSTITUICOES FEDERAIS DE EDUCACAO PROFISSIONAL E TECNOLOGICA - DESPESAS DIVERSAS";"0000";"12 - Educação";"363 - Ensino profissional";"20RL0035 - FUNCIONAMENTO DAS INSTITUICOES DA RED - NO ESTADO DE SAO PAU";"2080 - EDUCACAO DE QUALIDADE PARA TODOS";"20RL - FUNCIONAMENTO DAS INSTITUICOES DA REDE FEDERAL DE EDUCACAO PROFISSIONAL, CIENTIFICA E TECNOLOGICA";
"18/12/2019";"158716264392019NE000049";"0035 - ASSISTENCIA AOS ESTUDANTES DA REDE FE - NO ESTADO DE SAO PAU";"Empenho";"ANULAÇÃO";"158716 - IFSP - CAMPUS JACAREI";"SP";"IFSP - CAMPUS JACAREI";"INST.FED.DE EDUC.,CIENC.E TEC.DE SAO PAULO";"Instituto Federal de Educação, Ciência e Tecnologia de São Paulo";"Ministério da Educação";"40,00";"3 - Outras Despesas Correntes";"18 - Auxílio Financeiro a Estudantes";"90 - Aplicações Diretas";"0001 - AUXILIO FINANCEIRO DE ASSISTENCIA ESTUDANTIL";"0000";"12 - Educação";"363 - Ensino profissional";"29940035 - ASSISTENCIA AOS ESTUDANTES DA REDE FE - NO ESTADO DE SAO PAU";"2080 - EDUCACAO DE QUALIDADE PARA TODOS";"2994 - ASSISTENCIA AOS ESTUDANTES DA REDE FEDERAL DE EDUCACAO PROFISSIONAL, CIENTIFICA E TECNOLOGICA";
"19/12/2019";"158716264392019NE000050";"0035 - FUNCIONAMENTO DAS INSTITUICOES DA RED - NO ESTADO DE SAO PAU";"Empenho";"ANULAÇÃO";"158716 - IFSP - CAMPUS JACAREI";"SP";"IFSP - CAMPUS JACAREI";"INST.FED.DE EDUC.,CIENC.E TEC.DE SAO PAULO";"Instituto Federal de Educação, Ciência e Tecnologia de São Paulo";"Ministério da Educação";"221,77";"3 - Outras Despesas Correntes";"18 - Auxílio Financeiro a Estudantes";"90 - Aplicações Diretas";"0000 - FUNCIONAMENTO DE INSTITUICOES FEDERAIS DE EDUCACAO PROFISSIONAL E TECNOLOGICA - DESPESAS DIVERSAS";"0000";"12 - Educação";"363 - Ensino profissional";"20RL0035 - FUNCIONAMENTO DAS INSTITUICOES DA RED - NO ESTADO DE SAO PAU";"2080 - EDUCACAO DE QUALIDADE PARA TODOS";"20RL - FUNCIONAMENTO DAS INSTITUICOES DA REDE FEDERAL DE EDUCACAO PROFISSIONAL, CIENTIFICA E TECNOLOGICA";
"20/12/2019";"158716264392019NE000051";"0035 - FUNCIONAMENTO DAS INSTITUICOES DA RED - NO ESTADO DE SAO PAU";"Empenho";"ANULAÇÃO";"158716 - IFSP - CAMPUS JACAREI";"SP";"IFSP - CAMPUS JACAREI";"INST.FED.DE EDUC.,CIENC.E TEC.DE SAO PAULO";"Instituto Federal de Educação, Ciência e Tecnologia de São Paulo";"Ministério da Educação";"1.411,12";"3 - Outras Despesas Correntes";"18 - Auxílio Financeiro a Estudantes";"90 - Aplicações Diretas";"0000 - FUNCIONAMENTO DE INSTITUICOES FEDERAIS DE EDUCACAO PROFISSIONAL E TECNOLOGICA - DESPESAS DIVERSAS";"0000";"12 - Educação";"363 - Ensino profissional";"20RL0035 - FUNCIONAMENTO DAS INSTITUICOES DA RED - NO ESTADO DE SAO PAU";"2080 - EDUCACAO DE QUALIDADE PARA TODOS";"20RL - FUNCIONAMENTO DAS INSTITUICOES DA REDE FEDERAL DE EDUCACAO PROFISSIONAL, CIENTIFICA E TECNOLOGICA";
"20/12/2019";"158716264392019NE800128";"0035 - REESTRUTURACAO E MODERNIZACAO DAS INS - NO ESTADO DE SAO PAU";"Empenho";"ORIGINAL";"54.826.367/0004-30 - MAQMOVEIS INDUSTRIA E COMERCIO DE MOVEIS LTDA.";"SP";"IFSP - CAMPUS JACAREI";"INST.FED.DE EDUC.,CIENC.E TEC.DE SAO PAULO";"Instituto Federal de Educação, Ciência e Tecnologia de São Paulo";"Ministério da Educação";"3.280,00";"4 - Investimentos";"52 - Equipamentos e Material Permanente";"90 - Aplicações Diretas";"EBPM - EMENDA DE BANCADA - ANEXO PRIORIDADES E METAS";"7125 - BANCADA DE SAO PAULO";"12 - Educação";"363 - Ensino profissional";"20RG0035 - REESTRUTURACAO E MODERNIZACAO DAS INS - NO ESTADO DE SAO PAU";"2080 - EDUCACAO DE QUALIDADE PARA TODOS";"20RG - REESTRUTURACAO E MODERNIZACAO DAS INSTITUICOES DA REDE FEDERAL DE EDUCACAO PROFISSIONAL, CIENTIFICA E TECNOLOGICA";
"20/12/2019";"158716264392019NE800129";"0035 - REESTRUTURACAO E MODERNIZACAO DAS INS - NO ESTADO DE SAO PAU";"Empenho";"ORIGINAL";"04.602.789/0001-01 - DATEN TECNOLOGIA LTDA";"BA";"IFSP - CAMPUS JACAREI";"INST.FED.DE EDUC.,CIENC.E TEC.DE SAO PAULO";"Instituto Federal de Educação, Ciência e Tecnologia de São Paulo";"Ministério da Educação";"89.882,00";"4 - Investimentos";"52 - Equipamentos e Material Permanente";"90 - Aplicações Diretas";"EBPM - EMENDA DE BANCADA - ANEXO PRIORIDADES E METAS";"7125 - BANCADA DE SAO PAULO";"12 - Educação";"363 - Ensino profissional";"20RG0035 - REESTRUTURACAO E MODERNIZACAO DAS INS - NO ESTADO DE SAO PAU";"2080 - EDUCACAO DE QUALIDADE PARA TODOS";"20RG - REESTRUTURACAO E MODERNIZACAO DAS INSTITUICOES DA REDE FEDERAL DE EDUCACAO PROFISSIONAL, CIENTIFICA E TECNOLOGICA";
"20/12/2019";"158716264392019NE800130";"0035 - REESTRUTURACAO E MODERNIZACAO DAS INS - NO ESTADO DE SAO PAU";"Empenho";"ORIGINAL";"03.917.124/0001-24 - RCE COMERCIO DE EQUIPAMENTOS DE TELEMATICA LTDA";"RS";"IFSP - CAMPUS JACAREI";"INST.FED.DE EDUC.,CIENC.E TEC.DE SAO PAULO";"Instituto Federal de Educação, Ciência e Tecnologia de São Paulo";"Ministério da Educação";"6.299,97";"4 - Investimentos";"52 - Equipamentos e Material Permanente";"90 - Aplicações Diretas";"EBPM - EMENDA DE BANCADA - ANEXO PRIORIDADES E METAS";"7125 - BANCADA DE SAO PAULO";"12 - Educação";"363 - Ensino profissional";"20RG0035 - REESTRUTURACAO E MODERNIZACAO DAS INS - NO ESTADO DE SAO PAU";"2080 - EDUCACAO DE QUALIDADE PARA TODOS";"20RG - REESTRUTURACAO E MODERNIZACAO DAS INSTITUICOES DA REDE FEDERAL DE EDUCACAO PROFISSIONAL, CIENTIFICA E TECNOLOGICA";
"20/12/2019";"158716264392019NE800131";"0035 - REESTRUTURACAO E MODERNIZACAO DAS INS - NO ESTADO DE SAO PAU";"Empenho";"ORIGINAL";"31.305.424/0001-98 - GENIUS INFORMATICA E COMERCIO EM GERAL LTDA";"ES";"IFSP - CAMPUS JACAREI";"INST.FED.DE EDUC.,CIENC.E TEC.DE SAO PAULO";"Instituto Federal de Educação, Ciência e Tecnologia de São Paulo";"Ministério da Educação";"8.130,57";"4 - Investimentos";"52 - Equipamentos e Material Permanente";"90 - Aplicações Diretas";"EBPM - EMENDA DE BANCADA - ANEXO PRIORIDADES E METAS";"7125 - BANCADA DE SAO PAULO";"12 - Educação";"363 - Ensino profissional";"20RG0035 - REESTRUTURACAO E MODERNIZACAO DAS INS - NO ESTADO DE SAO PAU";"2080 - EDUCACAO DE QUALIDADE PARA TODOS";"20RG - REESTRUTURACAO E MODERNIZACAO DAS INSTITUICOES DA REDE FEDERAL DE EDUCACAO PROFISSIONAL, CIENTIFICA E TECNOLOGICA";
"20/12/2019";"158716264392019NE800132";"0035 - FUNCIONAMENTO DAS INSTITUICOES DA RED - NO ESTADO DE SAO PAU";"Empenho";"ANULAÇÃO";"48.962.625/0001-60 - SAAE SERVICO AUTONOMO DE AGUA E ESGOTO DE JACAREI";"SP";"IFSP - CAMPUS JACAREI";"INST.FED.DE EDUC.,CIENC.E TEC.DE SAO PAULO";"Instituto Federal de Educação, Ciência e Tecnologia de São Paulo";"Ministério da Educação";"24,81";"3 - Outras Despesas Correntes";"39 - Outros Serviços de Terceiros - Pessoa Jurídica";"90 - Aplicações Diretas";"0000 - FUNCIONAMENTO DE INSTITUICOES FEDERAIS DE EDUCACAO PROFISSIONAL E TECNOLOGICA - DESPESAS DIVERSAS";"0000";"12 - Educação";"363 - Ensino profissional";"20RL0035 - FUNCIONAMENTO DAS INSTITUICOES DA RED - NO ESTADO DE SAO PAU";"2080 - EDUCACAO DE QUALIDADE PARA TODOS";"20RL - FUNCIONAMENTO DAS INSTITUICOES DA REDE FEDERAL DE EDUCACAO PROFISSIONAL, CIENTIFICA E TECNOLOGICA";
"26/12/2019";"158716264392019NE800133";"0035 - REESTRUTURACAO E MODERNIZACAO DAS INS - NO ESTADO DE SAO PAU";"Empenho";"ORIGINAL";"08.068.098/0001-20 - 3D CRIAR CONSULTORIA E COMERCIO DE SOLUCOES DIGITAIS LTDA";"SP";"IFSP - CAMPUS JACAREI";"INST.FED.DE EDUC.,CIENC.E TEC.DE SAO PAULO";"Instituto Federal de Educação, Ciência e Tecnologia de São Paulo";"Ministério da Educação";"26.950,00";"4 - Investimentos";"52 - Equipamentos e Material Permanente";"90 - Aplicações Diretas";"0000 - REESTRUTURACAO E MODERNIZACAO DE INSTITUICOES FEDERAIS DE EDUCACAO PROFISSIONAL E TECNOLOGICA - DESPESAS DIVERSAS";"0000";"12 - Educação";"363 - Ensino profissional";"20RG0035 - REESTRUTURACAO E MODERNIZACAO DAS INS - NO ESTADO DE SAO PAU";"2080 - EDUCACAO DE QUALIDADE PARA TODOS";"20RG - REESTRUTURACAO E MODERNIZACAO DAS INSTITUICOES DA REDE FEDERAL DE EDUCACAO PROFISSIONAL, CIENTIFICA E TECNOLOGICA";
"27/12/2019";"158716264392019NE000052";"0035 - FUNCIONAMENTO DAS INSTITUICOES DA RED - NO ESTADO DE SAO PAU";"Empenho";"ANULAÇÃO";"158716 - IFSP - CAMPUS JACAREI";"SP";"IFSP - CAMPUS JACAREI";"INST.FED.DE EDUC.,CIENC.E TEC.DE SAO PAULO";"Instituto Federal de Educação, Ciência e Tecnologia de São Paulo";"Ministério da Educação";"204,00";"3 - Outras Despesas Correntes";"18 - Auxílio Financeiro a Estudantes";"90 - Aplicações Diretas";"0000 - FUNCIONAMENTO DE INSTITUICOES FEDERAIS DE EDUCACAO PROFISSIONAL E TECNOLOGICA - DESPESAS DIVERSAS";"0000";"12 - Educação";"363 - Ensino profissional";"20RL0035 - FUNCIONAMENTO DAS INSTITUICOES DA RED - NO ESTADO DE SAO PAU";"2080 - EDUCACAO DE QUALIDADE PARA TODOS";"20RL - FUNCIONAMENTO DAS INSTITUICOES DA REDE FEDERAL DE EDUCACAO PROFISSIONAL, CIENTIFICA E TECNOLOGICA";
"30/12/2019";"158716264392019NE800134";"0035 - REESTRUTURACAO E MODERNIZACAO DAS INS - NO ESTADO DE SAO PAU";"Empenho";"ORIGINAL";"54.826.367/0004-30 - MAQMOVEIS INDUSTRIA E COMERCIO DE MOVEIS LTDA.";"SP";"IFSP - CAMPUS JACAREI";"INST.FED.DE EDUC.,CIENC.E TEC.DE SAO PAULO";"Instituto Federal de Educação, Ciência e Tecnologia de São Paulo";"Ministério da Educação";"8.812,00";"4 - Investimentos";"52 - Equipamentos e Material Permanente";"90 - Aplicações Diretas";"0000 - REESTRUTURACAO E MODERNIZACAO DE INSTITUICOES FEDERAIS DE EDUCACAO PROFISSIONAL E TECNOLOGICA - DESPESAS DIVERSAS";"0000";"12 - Educação";"363 - Ensino profissional";"20RG0035 - REESTRUTURACAO E MODERNIZACAO DAS INS - NO ESTADO DE SAO PAU";"2080 - EDUCACAO DE QUALIDADE PARA TODOS";"20RG - REESTRUTURACAO E MODERNIZACAO DAS INSTITUICOES DA REDE FEDERAL DE EDUCACAO PROFISSIONAL, CIENTIFICA E TECNOLOGICA";
"30/12/2019";"158716264392019NE800135";"0035 - REESTRUTURACAO E MODERNIZACAO DAS INS - NO ESTADO DE SAO PAU";"Empenho";"ORIGINAL";"22.228.425/0001-95 - E. TRIPODE INDUSTRIA E COMERCIO DE MOVEIS LTDA";"SP";"IFSP - CAMPUS JACAREI";"INST.FED.DE EDUC.,CIENC.E TEC.DE SAO PAULO";"Instituto Federal de Educação, Ciência e Tecnologia de São Paulo";"Ministério da Educação";"959,02";"4 - Investimentos";"52 - Equipamentos e Material Permanente";"90 - Aplicações Diretas";"0000 - REESTRUTURACAO E MODERNIZACAO DE INSTITUICOES FEDERAIS DE EDUCACAO PROFISSIONAL E TECNOLOGICA - DESPESAS DIVERSAS";"0000";"12 - Educação";"363 - Ensino profissional";"20RG0035 - REESTRUTURACAO E MODERNIZACAO DAS INS - NO ESTADO DE SAO PAU";"2080 - EDUCACAO DE QUALIDADE PARA TODOS";"20RG - REESTRUTURACAO E MODERNIZACAO DAS INSTITUICOES DA REDE FEDERAL DE EDUCACAO PROFISSIONAL, CIENTIFICA E TECNOLOGICA";
"30/12/2019";"158716264392019NE800136";"0035 - REESTRUTURACAO E MODERNIZACAO DAS INS - NO ESTADO DE SAO PAU";"Empenho";"ORIGINAL";"18.007.154/0001-70 - ALL WORK COMERCIAL LTDA";"PR";"IFSP - CAMPUS JACAREI";"INST.FED.DE EDUC.,CIENC.E TEC.DE SAO PAULO";"Instituto Federal de Educação, Ciência e Tecnologia de São Paulo";"Ministério da Educação";"1.568,73";"4 - Investimentos";"52 - Equipamentos e Material Permanente";"90 - Aplicações Diretas";"0000 - REESTRUTURACAO E MODERNIZACAO DE INSTITUICOES FEDERAIS DE EDUCACAO PROFISSIONAL E TECNOLOGICA - DESPESAS DIVERSAS";"0000";"12 - Educação";"363 - Ensino profissional";"20RG0035 - REESTRUTURACAO E MODERNIZACAO DAS INS - NO ESTADO DE SAO PAU";"2080 - EDUCACAO DE QUALIDADE PARA TODOS";"20RG - REESTRUTURACAO E MODERNIZACAO DAS INSTITUICOES DA REDE FEDERAL DE EDUCACAO PROFISSIONAL, CIENTIFICA E TECNOLOGICA";
"30/12/2019";"158716264392019NE800137";"0035 - REESTRUTURACAO E MODERNIZACAO DAS INS - NO ESTADO DE SAO PAU";"Empenho";"ORIGINAL";"24.845.457/0001-65 - ITACA LTDA";"SC";"IFSP - CAMPUS JACAREI";"INST.FED.DE EDUC.,CIENC.E TEC.DE SAO PAULO";"Instituto Federal de Educação, Ciência e Tecnologia de São Paulo";"Ministério da Educação";"583,94";"4 - Investimentos";"52 - Equipamentos e Material Permanente";"90 - Aplicações Diretas";"0000 - REESTRUTURACAO E MODERNIZACAO DE INSTITUICOES FEDERAIS DE EDUCACAO PROFISSIONAL E TECNOLOGICA - DESPESAS DIVERSAS";"0000";"12 - Educação";"363 - Ensino profissional";"20RG0035 - REESTRUTURACAO E MODERNIZACAO DAS INS - NO ESTADO DE SAO PAU";"2080 - EDUCACAO DE QUALIDADE PARA TODOS";"20RG - REESTRUTURACAO E MODERNIZACAO DAS INSTITUICOES DA REDE FEDERAL DE EDUCACAO PROFISSIONAL, CIENTIFICA E TECNOLOGICA";
"30/12/2019";"158716264392019NE800138";"0035 - FUNCIONAMENTO DAS INSTITUICOES DA RED - NO ESTADO DE SAO PAU";"Empenho";"ORIGINAL";"82.330.937/0001-90 - TREZE COMERCIAL LTDA";"PR";"IFSP - CAMPUS JACAREI";"INST.FED.DE EDUC.,CIENC.E TEC.DE SAO PAULO";"Instituto Federal de Educação, Ciência e Tecnologia de São Paulo";"Ministério da Educação";"28.057,50";"3 - Outras Despesas Correntes";"32 - Material, Bem ou Serviço para Distribuição Gratuita";"90 - Aplicações Diretas";"0000 - FUNCIONAMENTO DE INSTITUICOES FEDERAIS DE EDUCACAO PROFISSIONAL E TECNOLOGICA - DESPESAS DIVERSAS";"0000";"12 - Educação";"363 - Ensino profissional";"20RL0035 - FUNCIONAMENTO DAS INSTITUICOES DA RED - NO ESTADO DE SAO PAU";"2080 - EDUCACAO DE QUALIDADE PARA TODOS";"20RL - FUNCIONAMENTO DAS INSTITUICOES DA REDE FEDERAL DE EDUCACAO PROFISSIONAL, CIENTIFICA E TECNOLOGICA";
"31/12/2019";"158716264392019NE800139";"0035 - FUNCIONAMENTO DAS INSTITUICOES DA RED - NO ESTADO DE SAO PAU";"Empenho";"ORIGINAL";"17.653.082/0001-76 - CMMS CONSTRUCOES LTDA";"SP";"IFSP - CAMPUS JACAREI";"INST.FED.DE EDUC.,CIENC.E TEC.DE SAO PAULO";"Instituto Federal de Educação, Ciência e Tecnologia de São Paulo";"Ministério da Educação";"108.918,00";"3 - Outras Despesas Correntes";"39 - Outros Serviços de Terceiros - Pessoa Jurídica";"90 - Aplicações Diretas";"0000 - FUNCIONAMENTO DE INSTITUICOES FEDERAIS DE EDUCACAO PROFISSIONAL E TECNOLOGICA - DESPESAS DIVERSAS";"0000";"12 - Educação";"363 - Ensino profissional";"20RL0035 - FUNCIONAMENTO DAS INSTITUICOES DA RED - NO ESTADO DE SAO PAU";"2080 - EDUCACAO DE QUALIDADE PARA TODOS";"20RL - FUNCIONAMENTO DAS INSTITUICOES DA REDE FEDERAL DE EDUCACAO PROFISSIONAL, CIENTIFICA E TECNOLOGICA";
"31/12/2019";"158716264392019NE800140";"0035 - FUNCIONAMENTO DAS INSTITUICOES DA RED - NO ESTADO DE SAO PAU";"Empenho";"Inválido";"02.302.100/0001-06 - EDP SAO PAULO DISTRIBUICAO DE ENERGIA S.A.";"SP";"IFSP - CAMPUS JACAREI";"INST.FED.DE EDUC.,CIENC.E TEC.DE SAO PAULO";"Instituto Federal de Educação, Ciência e Tecnologia de São Paulo";"Ministério da Educação";"2.120,47";"3 - Outras Despesas Correntes";"39 - Outros Serviços de Terceiros - Pessoa Jurídica";"90 - Aplicações Diretas";"0000 - FUNCIONAMENTO DE INSTITUICOES FEDERAIS DE EDUCACAO PROFISSIONAL E TECNOLOGICA - DESPESAS DIVERSAS";"0000";"12 - Educação";"363 - Ensino profissional";"20RL0035 - FUNCIONAMENTO DAS INSTITUICOES DA RED - NO ESTADO DE SAO PAU";"2080 - EDUCACAO DE QUALIDADE PARA TODOS";"20RL - FUNCIONAMENTO DAS INSTITUICOES DA REDE FEDERAL DE EDUCACAO PROFISSIONAL, CIENTIFICA E TECNOLOGICA";
"31/12/2019";"158716264392019NE800141";"0035 - FUNCIONAMENTO DAS INSTITUICOES DA RED - NO ESTADO DE SAO PAU";"Empenho";"Inválido";"10.928.126/0001-84 - REAK SEGURANCA E VIGILANCIA PATRIMONIAL LTDA";"SP";"IFSP - CAMPUS JACAREI";"INST.FED.DE EDUC.,CIENC.E TEC.DE SAO PAULO";"Instituto Federal de Educação, Ciência e Tecnologia de São Paulo";"Ministério da Educação";"270,01";"3 - Outras Despesas Correntes";"37 - Locação de Mão-de-Obra";"90 - Aplicações Diretas";"0000 - FUNCIONAMENTO DE INSTITUICOES FEDERAIS DE EDUCACAO PROFISSIONAL E TECNOLOGICA - DESPESAS DIVERSAS";"0000";"12 - Educação";"363 - Ensino profissional";"20RL0035 - FUNCIONAMENTO DAS INSTITUICOES DA RED - NO ESTADO DE SAO PAU";"2080 - EDUCACAO DE QUALIDADE PARA TODOS";"20RL - FUNCIONAMENTO DAS INSTITUICOES DA REDE FEDERAL DE EDUCACAO PROFISSIONAL, CIENTIFICA E TECNOLOGICA";
"31/12/2019";"158716264392019NE800142";"0035 - FUNCIONAMENTO DAS INSTITUICOES DA RED - NO ESTADO DE SAO PAU";"Empenho";"Inválido";"16.927.639/0001-57 - A.D SERVICOS PREDIAIS LTDA";"SP";"IFSP - CAMPUS JACAREI";"INST.FED.DE EDUC.,CIENC.E TEC.DE SAO PAULO";"Instituto Federal de Educação, Ciência e Tecnologia de São Paulo";"Ministério da Educação";"0,01";"3 - Outras Despesas Correntes";"37 - Locação de Mão-de-Obra";"90 - Aplicações Diretas";"0000 - FUNCIONAMENTO DE INSTITUICOES FEDERAIS DE EDUCACAO PROFISSIONAL E TECNOLOGICA - DESPESAS DIVERSAS";"0000";"12 - Educação";"363 - Ensino profissional";"20RL0035 - FUNCIONAMENTO DAS INSTITUICOES DA RED - NO ESTADO DE SAO PAU";"2080 - EDUCACAO DE QUALIDADE PARA TODOS";"20RL - FUNCIONAMENTO DAS INSTITUICOES DA REDE FEDERAL DE EDUCACAO PROFISSIONAL, CIENTIFICA E TECNOLOGICA";
"31/12/2019";"158716264392019NE800143";"0001 - APOIO AO PROGRAMA NACIONAL DE ALIMENT - NACIONAL";"Empenho";"Inválido";"03.754.929/0001-02 - COAGROSOL - COOPERATIVA DOS AGROPECUARISTAS SOLIDARIOS DE IT";"SP";"IFSP - CAMPUS JACAREI";"FUNDO NACIONAL DE DESENVOLVIMENTO DA EDUCACAO";"Instituto Federal de Educação, Ciência e Tecnologia de São Paulo";"Ministério da Educação";"1,28";"3 - Outras Despesas Correntes";"32 - Material, Bem ou Serviço para Distribuição Gratuita";"90 - Aplicações Diretas";"0000 - APOIO A ALIMENTACAO ESCOLAR NA EDUCACAO BASICA (PNAE)";"0000";"12 - Educação";"306 - Alimentação e nutrição";"00PI0001 - APOIO AO PROGRAMA NACIONAL DE ALIMENT - NACIONAL";"2080 - EDUCACAO DE QUALIDADE PARA TODOS";"00PI - APOIO AO PROGRAMA NACIONAL DE ALIMENTACAO ESCOLAR (PNAE)";
"31/12/2019";"158716264392019NE800144";"0035 - REESTRUTURACAO E MODERNIZACAO DAS INS - NO ESTADO DE SAO PAU";"Empenho";"Inválido";"26.986.607/0001-86 - CARLOS NETO COMERCIO DE LIVROS EIRELI";"SP";"IFSP - CAMPUS JACAREI";"INST.FED.DE EDUC.,CIENC.E TEC.DE SAO PAULO";"Instituto Federal de Educação, Ciência e Tecnologia de São Paulo";"Ministério da Educação";"11,85";"4 - Investimentos";"52 - Equipamentos e Material Permanente";"90 - Aplicações Diretas";"0002 - PRONATEC";"0000";"12 - Educação";"363 - Ensino profissional";"20RG0035 - REESTRUTURACAO E MODERNIZACAO DAS INS - NO ESTADO DE SAO PAU";"2080 - EDUCACAO DE QUALIDADE PARA TODOS";"20RG - REESTRUTURACAO E MODERNIZACAO DAS INSTITUICOES DA REDE FEDERAL DE EDUCACAO PROFISSIONAL, CIENTIFICA E TECNOLOGICA";
"31/12/2019";"158716264392019NE800145";"0035 - REESTRUTURACAO E MODERNIZACAO DAS INS - NO ESTADO DE SAO PAU";"Empenho";"Inválido";"26.986.607/0001-86 - CARLOS NETO COMERCIO DE LIVROS EIRELI";"SP";"IFSP - CAMPUS JACAREI";"INST.FED.DE EDUC.,CIENC.E TEC.DE SAO PAULO";"Instituto Federal de Educação, Ciência e Tecnologia de São Paulo";"Ministério da Educação";"0,37";"4 - Investimentos";"52 - Equipamentos e Material Permanente";"90 - Aplicações Diretas";"0002 - PRONATEC";"0000";"12 - Educação";"363 - Ensino profissional";"20RG0035 - REESTRUTURACAO E MODERNIZACAO DAS INS - NO ESTADO DE SAO PAU";"2080 - EDUCACAO DE QUALIDADE PARA TODOS";"20RG - REESTRUTURACAO E MODERNIZACAO DAS INSTITUICOES DA REDE FEDERAL DE EDUCACAO PROFISSIONAL, CIENTIFICA E TECNOLOGICA";
"31/12/2019";"158716264392019NE800146";"0035 - REESTRUTURACAO E MODERNIZACAO DAS INS - NO ESTADO DE SAO PAU";"Empenho";"Inválido";"26.986.607/0001-86 - CARLOS NETO COMERCIO DE LIVROS EIRELI";"SP";"IFSP - CAMPUS JACAREI";"INST.FED.DE EDUC.,CIENC.E TEC.DE SAO PAULO";"Instituto Federal de Educação, Ciência e Tecnologia de São Paulo";"Ministério da Educação";"1,06";"4 - Investimentos";"52 - Equipamentos e Material Permanente";"90 - Aplicações Diretas";"0002 - PRONATEC";"0000";"12 - Educação";"363 - Ensino profissional";"20RG0035 - REESTRUTURACAO E MODERNIZACAO DAS INS - NO ESTADO DE SAO PAU";"2080 - EDUCACAO DE QUALIDADE PARA TODOS";"20RG - REESTRUTURACAO E MODERNIZACAO DAS INSTITUICOES DA REDE FEDERAL DE EDUCACAO PROFISSIONAL, CIENTIFICA E TECNOLOGICA";
"31/12/2019";"158716264392019NE800147";"0035 - REESTRUTURACAO E MODERNIZACAO DAS INS - NO ESTADO DE SAO PAU";"Empenho";"Inválido";"26.986.607/0001-86 - CARLOS NETO COMERCIO DE LIVROS EIRELI";"SP";"IFSP - CAMPUS JACAREI";"INST.FED.DE EDUC.,CIENC.E TEC.DE SAO PAULO";"Instituto Federal de Educação, Ciência e Tecnologia de São Paulo";"Ministério da Educação";"0,34";"4 - Investimentos";"52 - Equipamentos e Material Permanente";"90 - Aplicações Diretas";"0002 - PRONATEC";"0000";"12 - Educação";"363 - Ensino profissional";"20RG0035 - REESTRUTURACAO E MODERNIZACAO DAS INS - NO ESTADO DE SAO PAU";"2080 - EDUCACAO DE QUALIDADE PARA TODOS";"20RG - REESTRUTURACAO E MODERNIZACAO DAS INSTITUICOES DA REDE FEDERAL DE EDUCACAO PROFISSIONAL, CIENTIFICA E TECNOLOGICA";
"31/12/2019";"158716264392019NE800148";"0035 - FUNCIONAMENTO DAS INSTITUICOES DA RED - NO ESTADO DE SAO PAU";"Empenho";"Inválido";"10.878.804/0001-41 - EXCELENCIA COMERCIO E SERVICOS LTDA";"DF";"IFSP - CAMPUS JACAREI";"INST.FED.DE EDUC.,CIENC.E TEC.DE SAO PAULO";"Instituto Federal de Educação, Ciência e Tecnologia de São Paulo";"Ministério da Educação";"1.152,40";"3 - Outras Despesas Correntes";"30 - Material de Consumo";"90 - Aplicações Diretas";"0000 - FUNCIONAMENTO DE INSTITUICOES FEDERAIS DE EDUCACAO PROFISSIONAL E TECNOLOGICA";"0000";"12 - Educação";"363 - Ensino profissional";"20RL0035 - FUNCIONAMENTO DAS INSTITUICOES DA RED - NO ESTADO DE SAO PAU";"2031 - EDUCACAO PROFISSIONAL E TECNOLOGICA";"20RL - FUNCIONAMENTO DAS INSTITUICOES DA REDE FEDERAL DE EDUCACAO PROFISSIONAL, CIENTIFICA E TECNOLOGICA";
"31/12/2019";"158716264392019NE800149";"0035 - FUNCIONAMENTO DAS INSTITUICOES DA RED - NO ESTADO DE SAO PAU";"Empenho";"Inválido";"10.878.804/0001-41 - EXCELENCIA COMERCIO E SERVICOS LTDA";"DF";"IFSP - CAMPUS JACAREI";"INST.FED.DE EDUC.,CIENC.E TEC.DE SAO PAULO";"Instituto Federal de Educação, Ciência e Tecnologia de São Paulo";"Ministério da Educação";"307,00";"3 - Outras Despesas Correntes";"30 - Material de Consumo";"90 - Aplicações Diretas";"0000 - FUNCIONAMENTO DE INSTITUICOES FEDERAIS DE EDUCACAO PROFISSIONAL E TECNOLOGICA";"0000";"12 - Educação";"363 - Ensino profissional";"20RL0035 - FUNCIONAMENTO DAS INSTITUICOES DA RED - NO ESTADO DE SAO PAU";"2031 - EDUCACAO PROFISSIONAL E TECNOLOGICA";"20RL - FUNCIONAMENTO DAS INSTITUICOES DA REDE FEDERAL DE EDUCACAO PROFISSIONAL, CIENTIFICA E TECNOLOGICA";
"31/12/2019";"158716264392019NE800150";"0035 - FUNCIONAMENTO DAS INSTITUICOES DA RED - NO ESTADO DE SAO PAU";"Empenho";"Inválido";"11.116.850/0001-76 - BASTOS COMERCIO DE LIVROS LTDA";"PR";"IFSP - CAMPUS JACAREI";"INST.FED.DE EDUC.,CIENC.E TEC.DE SAO PAULO";"Instituto Federal de Educação, Ciência e Tecnologia de São Paulo";"Ministério da Educação";"2.368,74";"4 - Investimentos";"52 - Equipamentos e Material Permanente";"90 - Aplicações Diretas";"0000 - FUNCIONAMENTO DE INSTITUICOES FEDERAIS DE EDUCACAO PROFISSIONAL E TECNOLOGICA";"0000";"12 - Educação";"363 - Ensino profissional";"20RL0035 - FUNCIONAMENTO DAS INSTITUICOES DA RED - NO ESTADO DE SAO PAU";"2031 - EDUCACAO PROFISSIONAL E TECNOLOGICA";"20RL - FUNCIONAMENTO DAS INSTITUICOES DA REDE FEDERAL DE EDUCACAO PROFISSIONAL, CIENTIFICA E TECNOLOGICA";
"31/12/2019";"158716264392019NE800151";"0035 - FUNCIONAMENTO DAS INSTITUICOES DA RED - NO ESTADO DE SAO PAU";"Empenho";"Inválido";"07.779.095/0001-32 - MARKA SERVICOS E COMERCIO EIRELI";"SP";"IFSP - CAMPUS JACAREI";"INST.FED.DE EDUC.,CIENC.E TEC.DE SAO PAULO";"Instituto Federal de Educação, Ciência e Tecnologia de São Paulo";"Ministério da Educação";"7.407,18";"3 - Outras Despesas Correntes";"30 - Material de Consumo";"90 - Aplicações Diretas";"0000 - FUNCIONAMENTO DE INSTITUICOES FEDERAIS DE EDUCACAO PROFISSIONAL E TECNOLOGICA";"0000";"12 - Educação";"363 - Ensino profissional";"20RL0035 - FUNCIONAMENTO DAS INSTITUICOES DA RED - NO ESTADO DE SAO PAU";"2031 - EDUCACAO PROFISSIONAL E TECNOLOGICA";"20RL - FUNCIONAMENTO DAS INSTITUICOES DA REDE FEDERAL DE EDUCACAO PROFISSIONAL, CIENTIFICA E TECNOLOGICA";
"31/12/2019";"158716264392019NE800152";"0035 - FUNCIONAMENTO DAS INSTITUICOES DA RED - NO ESTADO DE SAO PAU";"Empenho";"Inválido";"07.779.095/0001-32 - MARKA SERVICOS E COMERCIO EIRELI";"SP";"IFSP - CAMPUS JACAREI";"INST.FED.DE EDUC.,CIENC.E TEC.DE SAO PAULO";"Instituto Federal de Educação, Ciência e Tecnologia de São Paulo";"Ministério da Educação";"7.407,18";"3 - Outras Despesas Correntes";"30 - Material de Consumo";"90 - Aplicações Diretas";"0000 - FUNCIONAMENTO DE INSTITUICOES FEDERAIS DE EDUCACAO PROFISSIONAL E TECNOLOGICA";"0000";"12 - Educação";"363 - Ensino profissional";"20RL0035 - FUNCIONAMENTO DAS INSTITUICOES DA RED - NO ESTADO DE SAO PAU";"2031 - EDUCACAO PROFISSIONAL E TECNOLOGICA";"20RL - FUNCIONAMENTO DAS INSTITUICOES DA REDE FEDERAL DE EDUCACAO PROFISSIONAL, CIENTIFICA E TECNOLOGICA";
"31/12/2019";"158716264392019NE800153";"0035 - FUNCIONAMENTO DAS INSTITUICOES DA RED - NO ESTADO DE SAO PAU";"Empenho";"Inválido";"02.302.100/0001-06 - EDP SAO PAULO DISTRIBUICAO DE ENERGIA S.A.";"SP";"IFSP - CAMPUS JACAREI";"INST.FED.DE EDUC.,CIENC.E TEC.DE SAO PAULO";"Instituto Federal de Educação, Ciência e Tecnologia de São Paulo";"Ministério da Educação";"38,26";"3 - Outras Despesas Correntes";"39 - Outros Serviços de Terceiros - Pessoa Jurídica";"90 - Aplicações Diretas";"0000 - FUNCIONAMENTO DE INSTITUICOES FEDERAIS DE EDUCACAO PROFISSIONAL E TECNOLOGICA - DESPESAS DIVERSAS";"0000";"12 - Educação";"363 - Ensino profissional";"20RL0035 - FUNCIONAMENTO DAS INSTITUICOES DA RED - NO ESTADO DE SAO PAU";"2080 - EDUCACAO DE QUALIDADE PARA TODOS";"20RL - FUNCIONAMENTO DAS INSTITUICOES DA REDE FEDERAL DE EDUCACAO PROFISSIONAL, CIENTIFICA E TECNOLOGICA";
"31/12/2019";"158716264392019NE800154";"0035 - FUNCIONAMENTO DAS INSTITUICOES DA RED - NO ESTADO DE SAO PAU";"Empenho";"Inválido";"09.405.866/0001-57 - PEDRAZUL SERVICOS LTDA";"SP";"IFSP - CAMPUS JACAREI";"INST.FED.DE EDUC.,CIENC.E TEC.DE SAO PAULO";"Instituto Federal de Educação, Ciência e Tecnologia de São Paulo";"Ministério da Educação";"1.025,40";"3 - Outras Despesas Correntes";"37 - Locação de Mão-de-Obra";"90 - Aplicações Diretas";"0000 - FUNCIONAMENTO DE INSTITUICOES FEDERAIS DE EDUCACAO PROFISSIONAL E TECNOLOGICA - DESPESAS DIVERSAS";"0000";"12 - Educação";"363 - Ensino profissional";"20RL0035 - FUNCIONAMENTO DAS INSTITUICOES DA RED - NO ESTADO DE SAO PAU";"2080 - EDUCACAO DE QUALIDADE PARA TODOS";"20RL - FUNCIONAMENTO DAS INSTITUICOES DA REDE FEDERAL DE EDUCACAO PROFISSIONAL, CIENTIFICA E TECNOLOGICA";
"31/12/2019";"158716264392019NE800155";"0035 - FUNCIONAMENTO DAS INSTITUICOES DA RED - NO ESTADO DE SAO PAU";"Empenho";"Inválido";"11.311.279/0001-40 - EUNICE MARIA GONCALVES DE OLIVEIRA";"SP";"IFSP - CAMPUS JACAREI";"INST.FED.DE EDUC.,CIENC.E TEC.DE SAO PAULO";"Instituto Federal de Educação, Ciência e Tecnologia de São Paulo";"Ministério da Educação";"3.625,16";"4 - Investimentos";"52 - Equipamentos e Material Permanente";"90 - Aplicações Diretas";"0000 - FUNCIONAMENTO DE INSTITUICOES FEDERAIS DE EDUCACAO PROFISSIONAL E TECNOLOGICA - DESPESAS DIVERSAS";"0000";"12 - Educação";"363 - Ensino profissional";"20RL0035 - FUNCIONAMENTO DAS INSTITUICOES DA RED - NO ESTADO DE SAO PAU";"2080 - EDUCACAO DE QUALIDADE PARA TODOS";"20RL - FUNCIONAMENTO DAS INSTITUICOES DA REDE FEDERAL DE EDUCACAO PROFISSIONAL, CIENTIFICA E TECNOLOGICA";
"31/12/2019";"158716264392019NE800156";"0035 - FUNCIONAMENTO DAS INSTITUICOES DA RED - NO ESTADO DE SAO PAU";"Empenho";"Inválido";"11.093.505/0001-64 - LIVRARIA GP LTDA";"PR";"IFSP - CAMPUS JACAREI";"INST.FED.DE EDUC.,CIENC.E TEC.DE SAO PAULO";"Instituto Federal de Educação, Ciência e Tecnologia de São Paulo";"Ministério da Educação";"4.867,73";"4 - Investimentos";"52 - Equipamentos e Material Permanente";"90 - Aplicações Diretas";"0000 - FUNCIONAMENTO DE INSTITUICOES FEDERAIS DE EDUCACAO PROFISSIONAL E TECNOLOGICA - DESPESAS DIVERSAS";"0000";"12 - Educação";"363 - Ensino profissional";"20RL0035 - FUNCIONAMENTO DAS INSTITUICOES DA RED - NO ESTADO DE SAO PAU";"2080 - EDUCACAO DE QUALIDADE PARA TODOS";"20RL - FUNCIONAMENTO DAS INSTITUICOES DA REDE FEDERAL DE EDUCACAO PROFISSIONAL, CIENTIFICA E TECNOLOGICA";
"31/12/2019";"158716264392019NE800157";"0035 - FUNCIONAMENTO DAS INSTITUICOES DA RED - NO ESTADO DE SAO PAU";"Empenho";"Inválido";"05.933.053/0001-89 - EDITORA GRAFICA RIO CIDADE LTDA";"RJ";"IFSP - CAMPUS JACAREI";"INST.FED.DE EDUC.,CIENC.E TEC.DE SAO PAULO";"Instituto Federal de Educação, Ciência e Tecnologia de São Paulo";"Ministério da Educação";"4.726,80";"4 - Investimentos";"52 - Equipamentos e Material Permanente";"90 - Aplicações Diretas";"0000 - FUNCIONAMENTO DE INSTITUICOES FEDERAIS DE EDUCACAO PROFISSIONAL E TECNOLOGICA - DESPESAS DIVERSAS";"0000";"12 - Educação";"363 - Ensino profissional";"20RL0035 - FUNCIONAMENTO DAS INSTITUICOES DA RED - NO ESTADO DE SAO PAU";"2080 - EDUCACAO DE QUALIDADE PARA TODOS";"20RL - FUNCIONAMENTO DAS INSTITUICOES DA REDE FEDERAL DE EDUCACAO PROFISSIONAL, CIENTIFICA E TECNOLOGICA";
"31/12/2019";"158716264392019NE800158";"0035 - FUNCIONAMENTO DAS INSTITUICOES DA RED - NO ESTADO DE SAO PAU";"Empenho";"Inválido";"11.093.505/0001-64 - LIVRARIA GP LTDA";"PR";"IFSP - CAMPUS JACAREI";"INST.FED.DE EDUC.,CIENC.E TEC.DE SAO PAULO";"Instituto Federal de Educação, Ciência e Tecnologia de São Paulo";"Ministério da Educação";"279,65";"4 - Investimentos";"52 - Equipamentos e Material Permanente";"90 - Aplicações Diretas";"0000 - FUNCIONAMENTO DE INSTITUICOES FEDERAIS DE EDUCACAO PROFISSIONAL E TECNOLOGICA - DESPESAS DIVERSAS";"0000";"12 - Educação";"363 - Ensino profissional";"20RL0035 - FUNCIONAMENTO DAS INSTITUICOES DA RED - NO ESTADO DE SAO PAU";"2080 - EDUCACAO DE QUALIDADE PARA TODOS";"20RL - FUNCIONAMENTO DAS INSTITUICOES DA REDE FEDERAL DE EDUCACAO PROFISSIONAL, CIENTIFICA E TECNOLOGICA";
